case_id,dataset,tissue,species,expected_cell_type,broad_cell_type,difficulty,case_type,expected_terms,min_score,marker_list,source_dataset,source_accession,label_provenance,evidence_tier,label_evidence,evidence_source,publication_date,data_release_date,post_cutoff,audit_date,circularity_risk,score_granularity,h5ad_path,marker_method,n_cells,system,fmode,solve_tier,v1_verdict_ref,boost_verdict_ref,selected_via,selection_order
placenta_trophoblast_2023__placental_villous_trophoblast,placenta_trophoblast_2023,placenta,human,Villous cytotrophoblast,Trophoblast,medium,subtype_resolution,cytotrophoblast/villous trophoblast/CTB/villous cytotrophoblast;trophoblast,1,"PEG10, DNMT1, DUSP9, SLC22A11, VGLL1, SMAGP, ALDH7A1, EFEMP1, PAGE4, ISYNA1, MBNL3, SPINT1, TINAGL1, BTG3, DSP, XAGE3, IFI6, OLR1, NFE2L3, PHLDA2, EXTL2, MORC4, FAM3B, FBN2, SLC27A2, ATP6V1C2, CSF3R, ADGRG1, ECHDC2, GRAMD2A, MLLT1, LRP2, SMYD2, BMP7, GNAS, HSPD1, KRT7, LDHB, FOXO4, SLC52A1, FXYD3, MPP7, PKIB, CDO1, SLC26A2, TCAF1, KRT23, NCBP3, BCAM, SLC38A9","CELLxGENE Census 2025-11-08 (Spatial multiomics trophoblast, Nature 2023)",10.1038/s41586-023-05869-0,multiome_atac_spatial,orthogonal_molecular,same-nucleus 10x multiome (RNA+ATAC) + Visium spatial back trophoblast calls,Arutyunyan Nature 2023,2023,2023,True,2026-06-17,low,type,data/raw/placenta_trophoblast_2023.h5ad,scanpy.rank_genes_groups[wilcoxon]+autozyme,120,epithelial,buried_marker,boost,partial,correct,model_card_50,1
placenta_trophoblast_2023__endothelial_cell_of_uterus,placenta_trophoblast_2023,placenta,human,Uterine endothelial cell,Endothelial,medium,subtype_resolution,uterine endothelial/decidual endothelial;endothelial,1,"ADGRL4, LDB2, VWF, EGFL7, SPARCL1, PECAM1, SPTBN1, CALCRL, IGFBP7, PCDH17, PALMD, TCF4, CD34, A2M, PLCB4, NFIB, TSHZ2, EMCN, DACH1, HLA-A, ERG, ARHGAP29, EMP1, RAPGEF5, TEK, IGFBP4, HLA-B, CYYR1, PTPRB, TM4SF1, FLI1, VIM, MECOM, DIPK2B, PRSS23, ZBTB20, ADAMTS9, HLA-E, IFITM2, ZNF521, TIE1, APP, TMTC1, ZNF385D, SHANK3, CDH5, NR5A2, PKP4, IFI27, MAGI1","CELLxGENE Census 2025-11-08 (Spatial multiomics trophoblast, Nature 2023)",10.1038/s41586-023-05869-0,multiome_atac_spatial,orthogonal_molecular,same-nucleus 10x multiome (RNA+ATAC) + Visium spatial back trophoblast calls,Arutyunyan Nature 2023,2023,2023,True,2026-06-17,low,type,data/raw/placenta_trophoblast_2023.h5ad,scanpy.rank_genes_groups[wilcoxon]+autozyme,120,stromal,subtype_resolution,frontier,partial,missing,model_card_50,2
breast_multiome_2024__endothelial_cell,breast_multiome_2024,breast,human,Endothelial cell,Endothelial,easy,canonical_lineage,endothelial/endothelium,1,"ST6GALNAC3, LDB2, VWF, ELMO1, ABLIM3, PTPRM, TCF4, KALRN, ANO2, SHANK3, ARHGAP29, CD36, PECAM1, PTPRB, ADGRL4, ABLIM1, BTNL9, MECOM, RALGAPA2, MAGI1, EMCN, DOCK9, ADGRF5, LRMDA, MEF2C, UTRN, SYNE1, MCTP1, EPAS1, TACC1, FLI1, DOCK4, PLEKHG1, ERG, FBXL7, LNX1, SPTBN1, GALNT18, TMTC1, PPFIBP1, DIPK2B, PPARG, PREX2, CDH13, PDE4D, CNTNAP3B, CCDC85A, ZEB1, STOX2, PITPNC1",CELLxGENE Census 2025-11-08,61af564d-e5ea-4d34-a0f3-2668a00db376,multiome_atac_ihc_spatial,orthogonal_molecular,"Healthy breast snRNA plus snATAC; epithelial subtype markers overlap prior studies, selected protein IHC and spatial data support LHS/LASP/BM compartments.",Bhat-Nakshatri et al. 2024 Nat Med DOI:10.1038/s41591-024-03011-9,2024-08-09,,False,2026-06-17,low,subtype,data/raw/breast_multiome_2024.h5ad,scanpy.rank_genes_groups[wilcoxon]+autozyme,150,stromal,canonical,basic,correct,missing,model_card_50,3
breast_multiome_2024__luminal_adaptive_secretory_precursor_cell_of_mammary_gland,breast_multiome_2024,breast,human,Luminal adaptive secretory precursor mammary cell,Breast epithelial,hard,rare_or_state,luminal adaptive secretory/LASP/secretory precursor;breast/mammary,2,"DTNB, ELF5, KIT, CCL28, NEBL, EHF, TRPS1, SHANK2, SORBS2, ETV6, PDE4B, EGF, ENSG00000226197, LDLRAD4, PDCD4, LINC02613, FHIT, MFGE8, RBM47, TC2N, COBL, AGAP1, NFIB, TANK, GABRP, PIK3C2G, KRT15, PROM1, ITPR2, ARHGAP26, APP, CATSPERB, NAALADL2, ATL2, CHKA, PTPRK, CTBP2, PATJ, NCALD, SHROOM3, ELAPOR1, SFRP1, TRIM2, SLC25A37, CGNL1, GUCY1A1, GOLGA8A, FHIP1A, GCNT2, SOX9-AS1",CELLxGENE Census 2025-11-08,61af564d-e5ea-4d34-a0f3-2668a00db376,multiome_atac_ihc_spatial,orthogonal_molecular,"Healthy breast snRNA plus snATAC; epithelial subtype markers overlap prior studies, selected protein IHC and spatial data support LHS/LASP/BM compartments.",Bhat-Nakshatri et al. 2024 Nat Med DOI:10.1038/s41591-024-03011-9,2024-08-09,,False,2026-06-17,low,subtype,data/raw/breast_multiome_2024.h5ad,scanpy.rank_genes_groups[wilcoxon]+autozyme,150,epithelial,buried_marker,boost,partial,correct,model_card_50,4
breast_multiome_2024__adipocyte,breast_multiome_2024,breast,human,Adipocyte,Stromal,easy,canonical_lineage,adipocyte/fat cell,1,"SOX5, EBF1, PDE3B, LAMA4, PLIN1, LINC02237, PPARG, ACSS3, TNS1, ASPH, GHR, ITIH5, FRMD4A, ACACB, PCDH9, MAPK10, COL4A1, ITGA7, GPAM, ITSN1, ADH1B, COBLL1, ZEB2, AQP7, CD36, PFKFB1, UBE2E2, ENSG00000287231, TENM3, DIRC3, SLC19A3, ENSG00000230333, COL4A2, LIMA1, DOCK11, ANGPT1, WDPCP, MGST1, PTGER3, ACSL1, PRKAR2B, LPL, GABRE, GYG2, TRHDE-AS1, MTARC1, FABP4, PLIN4, GBE1, DLC1",CELLxGENE Census 2025-11-08,61af564d-e5ea-4d34-a0f3-2668a00db376,multiome_atac_ihc_spatial,orthogonal_molecular,"Healthy breast snRNA plus snATAC; epithelial subtype markers overlap prior studies, selected protein IHC and spatial data support LHS/LASP/BM compartments.",Bhat-Nakshatri et al. 2024 Nat Med DOI:10.1038/s41591-024-03011-9,2024-08-09,,False,2026-06-17,low,subtype,data/raw/breast_multiome_2024.h5ad,scanpy.rank_genes_groups[wilcoxon]+autozyme,150,stromal,canonical,basic,correct,missing,model_card_50,5
pancreas_islet_multiome_2022__pancreatic_epsilon_cell,pancreas_islet_multiome_2022,pancreas,human,Epsilon cell,Pancreatic endocrine,hard,rare_or_state,epsilon cell/ghrelin/GHRL;islet,1,"GHRL, TTR, PCSK1N, CLU, GCG, CPE, CHGB, SCG5, ASGR1, INS, REG1A, APOH, CHGA, VSTM2L, SERPINA1, ACSL1, GC, VAMP2, SST, REG1B, PHGR1, HLA-A, MT1G, LY6H, FRZB, SSR4, GNAS, BEX1, TM4SF5, SNHG9, B2M, SPINK1, IDS, TMEM86B, TMEM45B, VTN, F10, SPTSSB, UBC, CDHR5, PROC, TM4SF4, ACOT7, ICA1L, DDX5, FXYD3, TFF3, ARX, MT1E, VGF","CELLxGENE Census 2025-11-08 (Islet multiomics, Nat Metab 2022)",10.1038/s42255-022-00531-x,multiome_atac,orthogonal_molecular,same-cell RNA+ATAC multiome; ATAC backs islet endocrine calls; normal subset only,Nat Metab 2022 islet multiomics,2022,2022,False,2026-06-17,low,type,data/raw/pancreas_islet_multiome_2022.h5ad,scanpy.rank_genes_groups[wilcoxon]+autozyme,150,parenchymal,near_neighbor_state,frontier,partial,partial,model_card_50,6
heart_multiome_2023__mesothelial_cell,heart_multiome_2023,heart,human,Mesothelial cell,Mesothelial,medium,canonical_lineage,mesothelial/mesothelium/epicardial,1,"PVT1, NFKBIZ, KCNT2, BNC2, MTHFD1L, CFH, NAMPT, SAT1, CLIC4, GFPT2, IL1R1, TIAM1, RASSF8, SOD2, C3, CHD2, PAWR, FAM107B, CD44, PLA2G2A, BICC1, WWC1, ZBTB7C, ROR2, SULF1, PRG4, DAPK1, LSAMP, GLS, MARCHF1, KLF6, PTGIS, ANXA1, GPRC5A, RNF24, TIPARP, BMPR1B, GMDS, EZR, ABI3BP, IER3, SLIT3, SQSTM1, ABCC4, CARMIL1, MCTP2, SLC39A8, FBXL13, CD55, CCNL1","CELLxGENE Census 2025-11-08 (Cardiac niches, Nature 2023)",10.1038/s41586-023-06311-1,multiome_atac_spatial,orthogonal_molecular,same-nucleus 10x multiome (RNA+ATAC) + Visium spatial; atrial/ventricular CM split,Nature 2023 cardiac niches,2023-07,2023,False,2026-06-17,low,type (chamber bonus),data/raw/heart_multiome_2023.h5ad,scanpy.rank_genes_groups[wilcoxon]+autozyme,120,stromal,buried_marker,boost,wrong,correct,model_card_50,7
fallopian_tube_2025__ciliated_epithelial_cell,fallopian_tube_2025,fallopian tube,human,Ciliated epithelial cell,Fallopian epithelial,easy,canonical_lineage,ciliated;epithelial,2,"CAPS, CIMIP1, TPPP3, DYNLL1, HSP90AA1, CFAP276, RSPH1, TUBB4B, CFAP144, SPMIP6, TMEM190, ENSG00000258752, ATP5IF1, AGR2, SNTN, CIMAP3, TXN, AGR3, HOATZ, CAPSL, S100A11, PRDX5, CFAP90, HMGN3, CALM1, DYNLRB2, CETN2, LRRIQ1, MORN5, METRN, PIERCE1, MORN2, ZMYND10, CIMAP1B, CFAP126, TEKT1, CFAP53, UFC1, ERICH3, CCDC170, ENKUR, LDLRAD1, MNS1, RBP1, SPA17, DNAH12, DYNLT2B, STK33, CCDC146, LRRC23",CELLxGENE Census 2025-11-08,0436a180-cb44-47ba-8ffa-807b7a468469,rna_atac_histology,orthogonal_molecular,"scRNA-seq labels are supported by matched scATAC label transfer and H&E-defined epithelial, stromal, and smooth muscle compartments.",Weigert et al. 2025 Nat Commun DOI:10.1038/s41467-024-55440-2,2025-01-03,,True,2026-06-17,low,lineage_or_subtype,data/raw/fallopian_tube_2025.h5ad,scanpy.rank_genes_groups[wilcoxon]+autozyme,150,epithelial,canonical,basic,correct,missing,model_card_50,8
pancreas_islet_multiome_2022__pancreatic_acinar_cell,pancreas_islet_multiome_2022,pancreas,human,Acinar cell,Pancreatic epithelial,easy,canonical_lineage,acinar/exocrine/zymogen/PRSS1/CPA1/digestive enzyme,1,"CPA2, PRSS1, PLA2G1B, CELA3A, PRSS2, CTRB2, CELA3B, REG1A, CTRB1, CTRC, SPINK1, CPB1, PNLIPRP1, CLPS, PRSS3, KLK1, CPA1, REG1B, SYCN, CEL, CUZD1, GP2, PNLIP, REG3G, PDIA2, RNASE1, CTRL, P4HB, ALB, CD24, CELA2A, SERPINI2, AMY2A, AZGP1, ANPEP, EEF1B2, CELA2B, IL32, GATM, MGST1, PABPC4, RARRES2, IMPA2, TACSTD2, FAM3B, DPEP1, SERPINB1, PAIP2B, YBX3, NOP53","CELLxGENE Census 2025-11-08 (Islet multiomics, Nat Metab 2022)",10.1038/s42255-022-00531-x,multiome_atac,orthogonal_molecular,same-cell RNA+ATAC multiome; ATAC backs islet endocrine calls; normal subset only,Nat Metab 2022 islet multiomics,2022,2022,False,2026-06-17,low,type,data/raw/pancreas_islet_multiome_2022.h5ad,scanpy.rank_genes_groups[wilcoxon]+autozyme,150,parenchymal,canonical,basic,correct,missing,model_card_50,9
pancreas_islet_multiome_2022__PP_cell,pancreas_islet_multiome_2022,pancreas,human,PP cell (gamma),Pancreatic endocrine,hard,rare_or_state,PP cell/gamma cell/pancreatic polypeptide/PPY;islet,1,"PPY, SCGB2A1, PCSK1N, CHGB, MAP1B, SCG2, IDS, APLP1, NPW, CALY, CPE, NLRP1, SEZ6L2, MEIS2, SNHG19, EMC10, NBL1, SYT4, CACNA1A, PCSK2, QPCT, PEG10, IFI6, PAM, PAX6, PAK3, SCG5, ZBTB20, CIRBP, RCAN3, SCG3, TFF3, BCAM, PTPRN, ITM2C, NPDC1, ILF3-DT, ATP6AP1, PLD3, NICOL1, PTPRN2, RAB3B, CBX6, DST, ELL2, SYP, SAMD5, C1QTNF4, ETV1, PCDH17","CELLxGENE Census 2025-11-08 (Islet multiomics, Nat Metab 2022)",10.1038/s42255-022-00531-x,multiome_atac,orthogonal_molecular,same-cell RNA+ATAC multiome; ATAC backs islet endocrine calls; normal subset only,Nat Metab 2022 islet multiomics,2022,2022,False,2026-06-17,low,type,data/raw/pancreas_islet_multiome_2022.h5ad,scanpy.rank_genes_groups[wilcoxon]+autozyme,150,parenchymal,near_neighbor_state,basic,correct,missing,model_card_50,10
pancreas_islet_multiome_2022__pancreatic_A_cell,pancreas_islet_multiome_2022,pancreas,human,Alpha cell,Pancreatic endocrine,hard,subtype_resolution,alpha cell/A cell/glucagon/GCG;islet,1,"TTR, GCG, CHGA, GC, VGF, CD99, PCSK2, F10, CLU, TMEM176B, CRYBA2, SCG5, IRX2-DT, TMEM176A, HLA-A, GPX3, ATP5F1E, COX8A, CHGB, EMC10, IRX2, FKBP2, SMIM24, FABP5, SCG2, ELAPOR1, SPINT2, PCDH17, B2M, SCGB2A1, ERP29, PLIN3, SCG3, TM4SF4, CYSTM1, BSG, ALDH1A1, GAPDH, GRN, FXYD3, SLC22A17, FXYD5, SLC7A2, GNAS, SSR4, QPCT, PCSK1N, PAM, CPE, OAZ1","CELLxGENE Census 2025-11-08 (Islet multiomics, Nat Metab 2022)",10.1038/s42255-022-00531-x,multiome_atac,orthogonal_molecular,same-cell RNA+ATAC multiome; ATAC backs islet endocrine calls; normal subset only,Nat Metab 2022 islet multiomics,2022,2022,False,2026-06-17,low,type,data/raw/pancreas_islet_multiome_2022.h5ad,scanpy.rank_genes_groups[wilcoxon]+autozyme,150,parenchymal,subtype_resolution,basic,correct,missing,model_card_50,11
pancreas_islet_multiome_2022__pancreatic_D_cell,pancreas_islet_multiome_2022,pancreas,human,Delta cell,Pancreatic endocrine,hard,subtype_resolution,delta cell/D cell/somatostatin/SST;islet,1,"SST, RBP4, SEC11C, LY6H, GAD2, HHEX, CADM1, PTPRN, PCP4, PKIB, UCHL1, SCGN, NLRP1, ISL1, LEPR, PCSK1, GABRB3, PLD3, HADH, TPD52, SORL1, PRSS23, DUSP26, FKBP2, CEP15, BEX1, SVIP, SSR4, GPX4, MDK, PPP1R1A, MIR7-3HG, SCG3, CHGB, ERO1B, PCSK1N, SCG5, P4HTM, CADPS, NSG1, TUSC3, PRXL2A, TCEAL2, PCSK2, HOOK2, BEX2, SHISAL2B, ARFGEF3, GPX3, KIF1A","CELLxGENE Census 2025-11-08 (Islet multiomics, Nat Metab 2022)",10.1038/s42255-022-00531-x,multiome_atac,orthogonal_molecular,same-cell RNA+ATAC multiome; ATAC backs islet endocrine calls; normal subset only,Nat Metab 2022 islet multiomics,2022,2022,False,2026-06-17,low,type,data/raw/pancreas_islet_multiome_2022.h5ad,scanpy.rank_genes_groups[wilcoxon]+autozyme,150,parenchymal,subtype_resolution,basic,correct,missing,model_card_50,12
liver_spatial_2021__centrilobular_region_hepatocyte,liver_spatial_2021,liver,human,Centrilobular hepatocyte,Hepatocyte,medium,subtype_resolution,hepatocyte/hepatic/parenchymal;centrilobular/pericentral/central,1,"ADH1B, AOX1, ACSM2A, ACSM2B, SULT2A1, TDO2, ABCB4, CYP2C9, ARG1, DMGDH, EHHADH, SLCO1B3-SLCO1B7, FMO3, CPS1, CFH, CYB5A, CYP4F3, SCP2, BHMT2, GLYAT, ASGR1, ABCC2, RGN, ECHDC2, HAO1, PTGR1, AR, ADH4, BHMT, AGMO, A1CF, PCSK6, HGD, TPRG1, HSD17B6, CP, GHR, CYP3A4, C5, CYP2E1, IL1RAP, LINC02027, ADRA1A, CLMN, PFKFB1, ABCB11, COBLL1, GPC6, PLG, MIR122HG","CELLxGENE Census 2025-11-08 (Healthy human liver integrated, Hep Comm 2021)",10.1002/hep4.1854,spatial_rna,spatial_anatomical,snRNA+scRNA+Visium spatial; hepatocyte zonation spatially validated,Hep Commun 2021 cholangiocyte/mesenchymal,2021,2021,False,2026-06-17,low,"type (zonation=gradient, score at hepatocyte)",data/raw/liver_spatial_2021.h5ad,scanpy.rank_genes_groups[wilcoxon]+autozyme,120,parenchymal,subtype_resolution,boost,partial,correct,model_card_50,13
lung_mouse_zepp_2021__club_cell,lung_mouse_zepp_2021,lung,mouse,Club cell,Lung epithelial,medium,subtype_resolution,club cell/Clara cell/club,1,"Cdkn1c, Cd24a, Gsta4, Krt8, Cldn10, Aldh1a7, Epcam, Krt18, Cldn7, Wfdc2, Igfbp5, Ccnd2, Aldh1a1, Hmgn3, Pebp1, Sox2, Gapdh, Anxa1, H19, Tpi1, Krt19, Enah, Ldhb, Homer2, Hsp90aa1, H2az1, Klf5, Fam13a, Dpy30, Tpd52, Cldn3, Foxa1, Hbb-bt, Srsf10, Tspan1, Hbb-bs, B9d1, Mt2, Erh, Ppia, Cldn6, Ran, Ces1d, Mdh1, Kcnq1ot1, Igf2, Lypd2, Selenoh, Slc38a1, Tspan3",CELLxGENE Census 2025-11-08 (mouse lung (mirrors human lung; marginal backing)),10.1126/science.abc3172,scatac_labeltransfer,orthogonal_molecular,scATAC-seq (P3) label-transfer backing; developmental lung (marginal orthogonality),mouse lung (mirrors human lung; marginal backing),2021,2021.0,False,2026-06-17,low,type,data/raw/lung_mouse_zepp_2021.h5ad,scanpy.rank_genes_groups[wilcoxon]+autozyme,120,epithelial,buried_marker,boost,wrong,correct,model_card_50,14
spleen_mouse_spatial__memory_T_cell,spleen_mouse_spatial,spleen,mouse,Memory T cell,T cell,hard,rare_or_state,memory T/Tmem/memory,1,"Trbc2, Thy1, Cd3d, Gimap4, Tmsb4x, Ms4a4b, Rack1, Eef1b2, Ccnd2, Nkg7, Trbc1, Lat, Ablim1, Shisa5, Ckb, Ctsw, Septin1, Lmo4, Skap1, Gramd2b, Bcl11b, Npm1, Top2b, Satb1, Ppp1r12a, Cd3g, Ltb, Tuba1a, Ptpn18, Eif3h, Isg15, Stk10, Rcbtb2, Cnn2, Id2, Ssu72, Sp100, AW112010, Sec11c, Gimap1, Ppp2r5c, Gas5, Ptprcap, Arglu1, Il7r, Itk, Tle5, Mta3, Klk8, Fyn",CELLxGENE Discover (spatial; excluded from Census API),c62ac8e5-72d1-48d1-8bb5-9e66fd2b1e19,slideseqv2_spatial_bead,spatial_anatomical,"Mouse spleen Slide-seqV2 beads (near-single-cell); immune lineage labels from Slide-TCR-seq integrated transcriptome+TCR, anchored by white-pulp/red-pulp anatomy.",Liu et al. 2022 Immunity DOI:10.1016/j.immuni.2022.09.002 (Broad SCP1348),2022-10-11,,False,2026-06-17,medium,lineage,data/raw/spleen_mouse_spatial.h5ad,scanpy.rank_genes_groups[wilcoxon]+autozyme,228,immune,near_neighbor_state,boost,partial,correct,model_card_50,15
spleen_mouse_spatial__myeloid_cell,spleen_mouse_spatial,spleen,mouse,Myeloid cell,Myeloid,medium,canonical_lineage,myeloid/macrophage/monocyte/dendritic/granulocyte/neutrophil,1,"Cst3, Hbb-bt, Hbb-bs, Tuba1b, Aif1, Gpx1, Hba-a1, Psap, Hba-a2, Car2, Atp5if1, Alas2, Creg1, Marcks, S100a4, Slc25a37, Taldo1, Prdx2, Ccnd1, Vcam1, Rsad2, Birc5, Slc4a1, Ctsb, Glrx5, Gypa, Hmox1, Txn1, Mkrn1, Bpgm, Top2a, Marco, Plbd1, Rgs2, Snca, Sirpa, Ppt1, Selenop, Epb41, Bst2, Ffar2, Gm2a, Cfp, Tgfbi, Coch, Marchf2, Spta1, Tbc1d4, Tmem176b, Mki67",CELLxGENE Discover (spatial; excluded from Census API),c62ac8e5-72d1-48d1-8bb5-9e66fd2b1e19,slideseqv2_spatial_bead,spatial_anatomical,"Mouse spleen Slide-seqV2 beads (near-single-cell); immune lineage labels from Slide-TCR-seq integrated transcriptome+TCR, anchored by white-pulp/red-pulp anatomy.",Liu et al. 2022 Immunity DOI:10.1016/j.immuni.2022.09.002 (Broad SCP1348),2022-10-11,,False,2026-06-17,medium,lineage,data/raw/spleen_mouse_spatial.h5ad,scanpy.rank_genes_groups[wilcoxon]+autozyme,4345,immune,spatial_hard,boost,wrong,correct,model_card_50,16
colon_mouse_spatial__myofibroblast_cell,colon_mouse_spatial,colon,mouse,Myofibroblast,Stromal,medium,subtype_resolution,myofibroblast/fibroblast/stromal/smooth muscle/contractile fibroblast,1,"Myl9, Acta2, Tagln, Cnn1, Tpm2, Des, Flna, Myl6, Csrp1, Myh11, Actg2, Tpm1, Ckb, Smtn, Mylk, Hspb1, Lgals1, Sparcl1, Pdlim3, Dmpk, Fbxl22, Rgs5, Rras, Psd, Slc25a4, Mgp, Gsn, Pdlim7, Ppp1r14a, Fxyd1, Pcp4, Ifitm2, Tnxb, Tgfb1i1, Ckm, Cpe, Lims2, Cavin3, Dpt, Mustn1, Cald1, Igfbp7, Ppp1r12c, Cryab, Cd81, Hmcn2, Rbpms, Serping1, Ifitm3, Tubb6",CELLxGENE Discover (spatial; excluded from Census API),e2811f45-81cc-4819-aee0-dbaa6b3bb52c,visium_spatial_spot,spatial_anatomical,Mouse colon Visium spots; epithelial/stromal/immune labels from paired scRNA reference mapped onto crypt-villus spatial architecture.,Gu et al. 2024 Nature DOI:10.1038/s41586-024-07251-0 (PRJEB57700; treg-gut-niches.cellgeni.sanger.ac.uk),2024-04-10,,False,2026-06-17,low,lineage_or_subtype,data/raw/colon_mouse_spatial.h5ad,scanpy.rank_genes_groups[wilcoxon]+autozyme,377,stromal,spatial_hard,boost,wrong,correct,model_card_50,17
liver_mouse_spatial__endothelial_cell_of_hepatic_sinusoid,liver_mouse_spatial,liver,mouse,Liver sinusoidal endothelial cell,Endothelial,medium,subtype_resolution,endothelial/endothelium/LSEC/sinusoidal endothelial/vascular,1,"Serpina1b, Serpina1c, Serpina1a, Rida, Fabp1, Gpx1, Pck1, Saa1, Mup3, Thrsp, Selenop, Cyp2f2, Saa2, Serpina1d, Cox20, Sds, Clec4g, Trf, Wfdc21, Hsd17b13, Gls2, Mup20, Serpina12, Aldh1b1, Uox, Aldob, Ass1, Orm1, H2-Q10, Pigr, Hal, Fau, Errfi1, Nat8f1, Hsd17b6, Mt1, Ero1b, Leap2, Ccl9, Slc22a7, Slc25a47, Apoc3, Uqcrh, Ctsl, Fkbp11, Fbp1, Gpihbp1, Cyth1, Serpina1e, Tmem86b",CELLxGENE Discover (spatial; excluded from Census API),45a4966b-3b49-45d3-9299-c7c3df76737e,visium_spatial_spot,spatial_anatomical,"Mouse liver Visium spots; cell-type labels from the Liver Cell Atlas paired snRNA reference mapped onto spatial spots, anchored by hepatic zonation (periportal/pericentral) anatomy.",Guilliams et al. 2022 Cell DOI:10.1016/j.cell.2021.12.018 (GSE192742; livercellatlas.org),2022-01-13,,False,2026-06-17,low,lineage_or_subtype,data/raw/liver_mouse_spatial.h5ad,scanpy.rank_genes_groups[wilcoxon]+autozyme,66,stromal,spatial_hard,boost,wrong,correct,model_card_50,18
kidney_mouse_multiome__kidney_connecting_tubule_epithelial_cell,kidney_mouse_multiome,kidney,mouse,Connecting tubule cell,Kidney epithelial,hard,rare_or_state,connecting tubule/CNT,1,"Slc8a1, Phactr1, Slit2, Mecom, Calb1, Tox3, Tmem52b, Nr3c2, Dach1, Kl, Nudt4, Pkhd1, Ipcef1, Tsc22d2, Tfcp2l1, Tsc22d1, Sox6, Sorbs2, Arl15, Tdrd3, Plcl1, Phactr2, Kcnq1, Cadps2, Stox2, Slc2a9, Grb14, Kng2, Klhl3, Gls, Sgms2, Ccdc141, Sdk1, Wnk1, Kcnj16, Scnn1b, Esrrg, Atp1a1, Acss3, Defb1, Prdm16, AI838599, Ank3, Tmem117, Peli2, Abca13, Magi1, Trpm6, Vdr, Ppargc1a",CELLxGENE Census 2025-11-08,25818bf7-e2a7-41ec-8ff2-bc369c0ff4f5,multiome_atac,orthogonal_molecular,10x multiome RNA plus ATAC from the same nuclei supports kidney segment identity; ATAC is independent molecular evidence but not a pure experimental gate.,Chen et al. 2025 Nat Genet DOI:10.1038/s41588-025-02161-x,2025-06-01,,True,2026-06-17,low,lineage_or_subtype,data/raw/kidney_mouse_multiome.h5ad,scanpy.rank_genes_groups[wilcoxon]+autozyme,1500,epithelial,near_neighbor_state,basic,correct,missing,model_card_50,19
kidney_mouse_multiome__podocyte,kidney_mouse_multiome,kidney,mouse,Podocyte,Kidney epithelial,easy,canonical_lineage,podocyte/glomerular epithelial/visceral epithelial,1,"Srgap1, Robo2, Wt1, Pard3b, Ptpro, Dach1, Nebl, Zfp385b, Magi2, Wt1os, St6galnac3, Thsd7a, Dock4, Arhgap28, Unc5c, Podxl, Zbtb7c, Sncaip, Dpp4, Cdc14a, Plekhg1, Sgip1, Nphs1, Maml3, Plce1, Gab2, Enpep, Iqgap2, Auts2, Mgat5, Golim4, Cers6, Tmod3, Ptprd, Parva, Kcnq1ot1, Vegfa, Epb41l5, Tmem150c, Qki, Csnk1a1, Gm29266, Foxd2os, Pde3a, Nphs2, Igfbp7, Septin11, Rnf150, Mcc, Clic5",CELLxGENE Census 2025-11-08,25818bf7-e2a7-41ec-8ff2-bc369c0ff4f5,multiome_atac,orthogonal_molecular,10x multiome RNA plus ATAC from the same nuclei supports kidney segment identity; ATAC is independent molecular evidence but not a pure experimental gate.,Chen et al. 2025 Nat Genet DOI:10.1038/s41588-025-02161-x,2025-06-01,,True,2026-06-17,low,lineage_or_subtype,data/raw/kidney_mouse_multiome.h5ad,scanpy.rank_genes_groups[wilcoxon]+autozyme,1500,epithelial,canonical,basic,correct,missing,model_card_50,20
kidney_mouse_multiome__ureteric_bud_cell,kidney_mouse_multiome,kidney,mouse,Ureteric bud cell,Kidney epithelial,hard,rare_or_state,ureteric bud/collecting duct progenitor/ureteric,1,"Grik2, Ctnnd2, Nrg3, Gfra1, Stox2, Dok6, Bmpr1b, 9230110F11Rik, Gpc6, Slco4c1, Hdac9, Lcorl, Naaladl2, Adgrl3, Fras1, Sema6a, Ros1, Fmn1, Sema3d, Robo1, Cyp7b1, Kcnc2, Dock7, Grip1, Sorbs2, Dach1, Cadm1, Hmga2, Nfib, Tox, Sdk1, Tmtc2, Hs3st3b1, Scn8a, Gpc3, Hoxb3, Hs3st3a1, Ppfibp1, Tenm3, Ppp1r9a, Mecom, Nav3, Adgrl2, Limch1, Frem2, Auts2, Prdm16, Mpped2, Calb1, Pax2",CELLxGENE Census 2025-11-08,25818bf7-e2a7-41ec-8ff2-bc369c0ff4f5,multiome_atac,orthogonal_molecular,10x multiome RNA plus ATAC from the same nuclei supports kidney segment identity; ATAC is independent molecular evidence but not a pure experimental gate.,Chen et al. 2025 Nat Genet DOI:10.1038/s41588-025-02161-x,2025-06-01,,True,2026-06-17,low,lineage_or_subtype,data/raw/kidney_mouse_multiome.h5ad,scanpy.rank_genes_groups[wilcoxon]+autozyme,1473,epithelial,near_neighbor_state,basic,correct,missing,model_card_50,21
limb_bone_cartilage_2023__articular_chondrocyte,limb_bone_cartilage_2023,limb,human,Articular chondrocyte,Cartilage,hard,rare_or_state,articular chondrocyte/articular cartilage/superficial zone/PRG4;chondrocyte,1,"S100A6, PLAC9, SH3BGRL3, CREB5, TPPP3, COL6A1, S100A10, NDUFA4L2, COL3A1, COL6A2, ANXA1, S100A4, CAV1, TMSB4X, DSTN, IGFBP5, TIMP3, LMNA, CCN3, CD9, ANXA2, TAGLN2, OGN, OSR2, S100A11, HSPB1, PLP2, ITM2B, EMP3, FSTL1, BTC, FXYD5, COL6A3, AXL, B2M, ARL6IP5, CAPS, CRIP2, LDHA, CAVIN3, RGCC, ADIRF, GAS1, CLIC1, IGFBP6, IGFBP2, LINC02802, IFI27L2, FHL1, CD63",CELLxGENE Census 2025-11-08 (chondrocyte/osteoblast/chondroblast (FETAL embryonic limb)),10.1038/s41586-023-06806-x,spatial_visium,spatial_anatomical,scRNA+Visium embryonic limb; chondrocyte/osteoblast lineages spatially resolved (fetal),chondrocyte/osteoblast/chondroblast (FETAL embryonic limb),2023,2023,True,2026-06-17,low,type,data/raw/limb_bone_cartilage_2023.h5ad,scanpy.rank_genes_groups[wilcoxon]+autozyme,120,stromal,spatial_hard,boost,wrong,correct,model_card_50,22
cerebellum_mouse_2021__cerebellar_Golgi_cell,cerebellum_mouse_2021,cerebellum,mouse,Cerebellar Golgi cell,Neural,hard,rare_or_state,Golgi cell/cerebellar Golgi/inhibitory interneuron;neuron,1,"Lingo2, Elavl2, Nrg1, Rgs6, Cacng3, Lgi2, Kcnn3, Sgcd, Pax2, Dlgap2, Lrp1b, Rbms3, Hs6st3, Zmat4, Ube3a, Hs3st5, Gabrg3, Tenm4, Grm8, Fgf13, Epha10, Etl4, Meg3, Apba1, Mgat4c, Rap1gap2, Gm45837, Efna5, Cacna2d3, Rgs7, Syt1, Gpr158, Spock1, Chrm2, Nkain3, Tfap2b, Kctd16, Egfem1, Frmd4a, Lama1, Grik3, Plcl2, Grip1, Cadps, Wwc1, Bmper, Nhs, Kcnj6, Nrxn3, Oxr1",CELLxGENE Census 2025-11-08 (mouse cerebellum (mirrors human cerebellum)),10.1038/s41586-021-03220-z,spatial_slideseq,spatial_anatomical,Slide-seqV2 spatial mapping of cerebellar cell types (companion RCTD paper),mouse cerebellum (mirrors human cerebellum),2021,2021.0,False,2026-06-17,low,type,data/raw/cerebellum_mouse_2021.h5ad,scanpy.rank_genes_groups[wilcoxon]+autozyme,120,neural,spatial_hard,boost,wrong,correct,model_card_50,23
cerebellum_mouse_2021__ependymal_cell,cerebellum_mouse_2021,cerebellum,mouse,Ependymal cell,Glial,medium,subtype_resolution,ependymal/ependymocyte,1,"Ecrg4, Glis3, Spag16, Agbl4, Lrriq1, Ezr, Ttr, Ccdc30, Dnai4, Fhad1, Nxn, Cfap69, Cfap54, Tubb4b, Gm29266, Gas6, Slit2, Otx2os1, Cachd1, Folr1, Tead1, Rbm47, Cfap44, Clu, Igfbp2, Wls, Rfx3, Prdm16, Slc16a2, Spata17, Htr2c, Cimap3, Spef2, Esrrg, Col8a1, Arl6ip1, Gm14964, Gmnc, L3mbtl3, Gm4876, Kif9, Tmem72, Bmp6, Nme5, Clic6, Calml4, Cfap65, Armc2, Enpp2, Apoe",CELLxGENE Census 2025-11-08 (mouse cerebellum (mirrors human cerebellum)),10.1038/s41586-021-03220-z,spatial_slideseq,spatial_anatomical,Slide-seqV2 spatial mapping of cerebellar cell types (companion RCTD paper),mouse cerebellum (mirrors human cerebellum),2021,2021.0,False,2026-06-17,low,type,data/raw/cerebellum_mouse_2021.h5ad,scanpy.rank_genes_groups[wilcoxon]+autozyme,120,neural,subtype_resolution,boost,partial,correct,model_card_50,24
kidney_mouse_multiome__urothelial_cell,kidney_mouse_multiome,kidney,mouse,Urothelial cell,Kidney epithelial,medium,subtype_resolution,urothelial/urothelium/uroepithelial,1,"Myof, Crybg1, Rab27b, Ikzf2, Naaladl2, Nckap5, Tmprss2, Atp8b1, Alcam, Rbms3, Grip1, Slc12a2, Ttc6, Cd2ap, Celf2, Junos, Col4a5, Col4a6, Nfat5, Upk1b, Airn, Gata3, Mcu, Etl4, Mecom, 2610307P16Rik, Phactr2, Fry, Ptpn14, Tmem45b, Gpr39, Fras1, Mpp7, Mllt3, Adgrg6, Psd3, Ahr, Pard3, Maml2, Pparg, Rbpms, Pof1b, Sorbs2, Gsdmc2, Dusp16, Lurap1l, Limk2, Gpc5, Sytl5, Capn13",CELLxGENE Census 2025-11-08,25818bf7-e2a7-41ec-8ff2-bc369c0ff4f5,multiome_atac,orthogonal_molecular,10x multiome RNA plus ATAC from the same nuclei supports kidney segment identity; ATAC is independent molecular evidence but not a pure experimental gate.,Chen et al. 2025 Nat Genet DOI:10.1038/s41588-025-02161-x,2025-06-01,,True,2026-06-17,low,lineage_or_subtype,data/raw/kidney_mouse_multiome.h5ad,scanpy.rank_genes_groups[wilcoxon]+autozyme,715,epithelial,buried_marker,boost,wrong,correct,model_card_50,25
cortex_mouse_yao_2021__astrocyte,cortex_mouse_yao_2021,cortex,mouse,Astrocyte,Glial,easy,canonical_lineage,astrocyte/astroglia,1,"Slc1a2, Gabrb1, Acsl3, Mertk, Htra1, Wdr17, Dtna, Cpe, Slc4a4, Slc1a3, Gpc5, Frmd4a, Ntm, Sfxn5, Rgs20, Rorb, Cadm1, Aldoc, Rmst, Prdx6, Paqr8, Nrxn1, Ntsr2, Lsamp, Slc39a12, Ttyh1, Tspan7, Msi2, F3, Dgkb, Gja1, Nwd1, Phkg1, Kcnn2, Acsbg1, Npas3, Ctnnd2, Prex2, Spire1, Tnik, Pla2g7, Abr, Bcan, Hivep3, Cst3, Farp1, Gli3, Fgfr3, Mapk4, Glis3",CELLxGENE Census 2025-11-08 (mouse motor cortex (mirrors human neocortex)),10.1038/s41586-021-03500-8,snmc_snatac_epigenomic,orthogonal_molecular,snmC-seq2 + snATAC-seq epigenomic cross-validation of MOp RNA taxonomy (BICCN),mouse motor cortex (mirrors human neocortex),2021,2021.0,False,2026-06-17,low,type,data/raw/cortex_mouse_yao_2021.h5ad,scanpy.rank_genes_groups[wilcoxon]+autozyme,120,neural,canonical,basic,correct,missing,model_card_50,26
cortex_mouse_yao_2021__endothelial_cell,cortex_mouse_yao_2021,cortex,mouse,Endothelial cell,Endothelial,easy,canonical_lineage,endothelial/endothelium,1,"Slco1a4, Sgms1, Flt1, Slc2a1, Cldn5, Mecom, Igf1r, Ptprb, Bsg, Atp10a, Ly6c1, Sptbn1, Klf2, Pltp, Rundc3b, Ly6a, Nostrin, Itm2a, Gpcpd1, Abcb1a, Abcg2, Paqr5, Lef1, Nebl, Spock2, Abcc4, Pecam1, Kank3, Epas1, Ramp2, Id1, Kitl, Ccdc141, Slco1c1, Eng, Ptprm, Tbc1d4, Dock9, Sema3c, Slc39a10, Hmcn1, Cyyr1, Fli1, Slc6a6, Igfbp7, Heg1, Ly6e, Tek, Utrn, Sorbs1",CELLxGENE Census 2025-11-08 (mouse motor cortex (mirrors human neocortex)),10.1038/s41586-021-03500-8,snmc_snatac_epigenomic,orthogonal_molecular,snmC-seq2 + snATAC-seq epigenomic cross-validation of MOp RNA taxonomy (BICCN),mouse motor cortex (mirrors human neocortex),2021,2021.0,False,2026-06-17,low,type,data/raw/cortex_mouse_yao_2021.h5ad,scanpy.rank_genes_groups[wilcoxon]+autozyme,120,stromal,canonical,basic,correct,missing,model_card_50,27
cortex_mouse_yao_2021__oligodendrocyte,cortex_mouse_yao_2021,cortex,mouse,Oligodendrocyte,Glial,easy,canonical_lineage,oligodendrocyte,1,"St18, Plp1, Mbp, Pde4b, Edil3, Mobp, Nkain2, Dock10, Mag, Tmeff2, Mog, Ppp1r16b, Pex5l, Prr5l, Pcdh9, Bin1, Map7, Mal, Slc24a2, Enpp2, Qki, Arhgap23, Cldn11, Phlpp1, Magi2, Mapt, Frmd5, Ugt8a, Tubb4a, Vmp1, Tspan2, Cnp, St6galnac3, Fnbp1, Zfp536, Gjc3, Tmod2, Aspa, Mast3, Fa2h, Qdpr, Sec14l5, Zeb2, Rnf220, Cryab, Bcas1, Aplp1, Elmo1, Septin7, Car2",CELLxGENE Census 2025-11-08 (mouse motor cortex (mirrors human neocortex)),10.1038/s41586-021-03500-8,snmc_snatac_epigenomic,orthogonal_molecular,snmC-seq2 + snATAC-seq epigenomic cross-validation of MOp RNA taxonomy (BICCN),mouse motor cortex (mirrors human neocortex),2021,2021.0,False,2026-06-17,low,type,data/raw/cortex_mouse_yao_2021.h5ad,scanpy.rank_genes_groups[wilcoxon]+autozyme,120,neural,canonical,basic,correct,missing,model_card_50,28
wells_spleen__immature_innate_lymphoid_cell,wells_spleen,spleen,human,Immature ILC,Innate lymphoid cell,hard,rare_or_state,innate lymphoid/ILC;immature/precursor,2,"GNLY, CTSW, NKG7, KLRD1, TYROBP, CD7, IFITM2, FCER1G, GZMB, HOPX, XCL2, KLRF1, PRF1, AREG, MATK, CMC1, IL2RB, BHLHE40, EFHD2, KLRC1, XCL1, NFKBIA, SELL, CLIC3, JAK1, SAMD3, KLRK1, CD300A, IFITM3, IRF1, HCST, TXK, RUNX3, TNFRSF18, TRDC, CST7, ITGAX, IGFBP7, BIN2, HSH2D, CD247, MCTP2, ARL4C, TPST2, PTPN12, MIR23AHG, PLAC8, NCAM1, METRNL, ARHGAP9",CELLxGENE Census 2025-11-08,1b350d0a-4535-4879-beb6-1142f3f94947,cite_seq_protein,orthogonal_molecular,CITE-seq multimodal classifier used RNA plus ADT protein labels across tissues; strong but not pure protein gating.,Wells et al. 2025 Nat Immunol DOI:10.1038/s41590-025-02241-4,2025-06-18,,True,2026-06-17,low,subtype,data/raw/wells_spleen.h5ad,scanpy.rank_genes_groups[wilcoxon]+autozyme,1500,other,rna_protein_discordant,boost,wrong,correct,model_card_50,29
wells_bone_marrow__immature_innate_lymphoid_cell,wells_bone_marrow,bone_marrow,human,Immature ILC,Innate lymphoid cell,hard,rare_or_state,innate lymphoid/ILC;immature/precursor,2,"GNLY, NKG7, CD7, TYROBP, CTSW, GZMB, AREG, KLRD1, CD247, IFITM2, FCER1G, CLIC3, PRF1, KLRF1, XCL2, LITAF, CST7, ARL4C, SPON2, EFHD2, BHLHE40, TGFB1, IL2RB, METRNL, HOPX, SRGN, KLRB1, JAK1, ARHGAP9, CMC1, MATK, IFITM1, MAP3K8, NFKBIA, RUNX3, KLRK1, IER2, TXK, TAMALIN, MAFF, SH2D1B, GZMA, SYTL3, HSH2D, FOSL2, ITGB2, IFITM3, ZFP36, CEBPD, DUSP2",CELLxGENE Census 2025-11-08,1b350d0a-4535-4879-beb6-1142f3f94947,cite_seq_protein,orthogonal_molecular,CITE-seq multimodal classifier used RNA plus ADT protein labels across tissues; strong but not pure protein gating.,Wells et al. 2025 Nat Immunol DOI:10.1038/s41590-025-02241-4,2025-06-18,,True,2026-06-17,low,subtype,data/raw/wells_bone_marrow.h5ad,scanpy.rank_genes_groups[wilcoxon]+autozyme,1500,other,near_neighbor_state,frontier,wrong,,model_card_50,30
wells_bone_marrow__memory_B_cell,wells_bone_marrow,bone_marrow,human,Memory B cell,B cell,medium,subtype_resolution,memory;B cell/B-cell,2,"CD79A, MS4A1, CD74, HLA-DRA, BANK1, CD37, HLA-DPA1, HLA-DRB1, HLA-DPB1, HLA-DQA1, HLA-DQB1, RALGPS2, CD79B, BLK, P2RX5, IRF8, LAPTM5, TNFRSF13C, CD52, ARHGAP24, LINC00926, LTB, CD83, SWAP70, AFF3, EEF2, HLA-DRB5, MARCHF1, MEF2C, SPIB, HLA-DMA, CD24, IGHM, SYNGR2, MARCKS, EEF1G, NCF1, LYN, NIBAN3, POU2F2, GPR183, FCMR, CXXC5, EZR, EEF1B2, CD19, CD82, CD22, HLA-DMB, ZFP36L1",CELLxGENE Census 2025-11-08,1b350d0a-4535-4879-beb6-1142f3f94947,cite_seq_protein,orthogonal_molecular,CITE-seq multimodal classifier used RNA plus ADT protein labels across tissues; strong but not pure protein gating.,Wells et al. 2025 Nat Immunol DOI:10.1038/s41590-025-02241-4,2025-06-18,,True,2026-06-17,low,subtype,data/raw/wells_bone_marrow.h5ad,scanpy.rank_genes_groups[wilcoxon]+autozyme,1500,immune,buried_marker,boost,partial,correct,model_card_50,31
wells_bone_marrow__CD16_positive_CD56_dim_natural_killer_cell_human,wells_bone_marrow,bone_marrow,human,CD56-dim NK cell,NK cell,hard,subtype_resolution,CD56-dim/CD56dim/CD16-positive/cytotoxic NK;NK/natural killer,2,"NKG7, GZMB, PRF1, GNLY, FCGR3A, CD247, CST7, FGFBP2, KLRD1, SPON2, CD7, CTSW, TYROBP, EFHD2, CLIC3, KLRF1, GZMA, FCER1G, HOPX, ITGB2, CCL4, IFITM2, CYBA, B2M, IFITM1, ARL4C, HLA-C, ABHD17A, PFN1, HLA-A, KLRB1, HLA-B, LITAF, ADGRG1, HLA-E, GZMM, IGFBP7, CD99, HCST, KLRK1, S1PR5, CCL3, BIN2, SH2D1B, METRNL, SYTL3, APMAP, GNG2, SH2D2A, TTC38",CELLxGENE Census 2025-11-08,1b350d0a-4535-4879-beb6-1142f3f94947,cite_seq_protein,orthogonal_molecular,CITE-seq multimodal classifier used RNA plus ADT protein labels across tissues; strong but not pure protein gating.,Wells et al. 2025 Nat Immunol DOI:10.1038/s41590-025-02241-4,2025-06-18,,True,2026-06-17,low,subtype,data/raw/wells_bone_marrow.h5ad,scanpy.rank_genes_groups[wilcoxon]+autozyme,1500,immune,subtype_resolution,basic,correct,,model_card_50,32
pbmc_hao_citeseq__hematopoietic_stem_cell,pbmc_hao_citeseq,blood,human,Hematopoietic stem cell,Progenitor,hard,rare_or_state,hematopoietic stem/HSC/progenitor/CD34,1,"SOX4, CDK6, ZFAS1, RACK1, PRSS57, STMN1, GIHCG, ANKRD28, NPM1, SERPINB1, HNRNPA1, EBPL, MSI2, MACROH2A1, MYB, EIF3E, FAM30A, SNHG7, EGFL7, DDAH2, SMIM24, SPINK2, HINT1, CYTL1, BTF3, ATP5MC2, LAPTM4B, YBX3, HSP90AB1, TXN, LYL1, NPR3, CD34, FAM117A, IL18, TSC22D1, LMO2, ZNRF1, NRIP1, SNHG8, GATA2, APEX1, LEPROT, NUCB2, CAT, TFDP2, MTURN, ANP32B, EEF2, TALDO1",CELLxGENE Census 2025-11-08,ed5d841d-6346-47d4-ab2f-7119ad7e3a35,cite_seq_protein,orthogonal_molecular,CITE-seq WNN labels use RNA plus antibody-derived protein; protein contributes independent evidence for immune subsets.,Hao et al. 2021 Cell DOI:10.1016/j.cell.2021.04.048,2021-05-12,,False,2026-06-17,low,subtype,data/raw/pbmc_hao_citeseq.h5ad,scanpy.rank_genes_groups[wilcoxon]+autozyme,329,other,near_neighbor_state,basic,correct,,model_card_50,33
pbmc_hao_citeseq__plasmablast,pbmc_hao_citeseq,blood,human,Plasmablast,B cell,medium,subtype_resolution,plasmablast/plasma cell/antibody-secreting,1,"MZB1, HSP90B1, JCHAIN, PPIB, SEC11C, TNFRSF17, PDIA4, SSR4, SPCS2, ITM2C, SSR3, DERL3, MYDGF, TXNDC5, UBE2J1, FKBP11, LMAN1, HSPA5, XBP1, PDIA6, SUB1, SDF2L1, MANF, CALR, SPCS1, MAN1A1, IGHA1, TXNDC11, CD38, ISG20, POU2AF1, ERLEC1, SELENOS, PRDX4, ELL2, SPATS2, SEC61B, CLPTM1L, SPCS3, FKBP2, P4HB, EAF2, TNFRSF13B, KDELR2, CRELD2, TENT5C, CPNE5, DDOST, TP53INP1, HM13",CELLxGENE Census 2025-11-08,ed5d841d-6346-47d4-ab2f-7119ad7e3a35,cite_seq_protein,orthogonal_molecular,CITE-seq WNN labels use RNA plus antibody-derived protein; protein contributes independent evidence for immune subsets.,Hao et al. 2021 Cell DOI:10.1016/j.cell.2021.04.048,2021-05-12,,False,2026-06-17,low,subtype,data/raw/pbmc_hao_citeseq.h5ad,scanpy.rank_genes_groups[wilcoxon]+autozyme,366,immune,subtype_resolution,frontier,partial,,model_card_50,34
pbmc_hao_citeseq__gamma_delta_T_cell,pbmc_hao_citeseq,blood,human,Gamma-delta T cell,T cell,hard,rare_or_state,gamma-delta/gamma delta/gd T/γδ,1,"TRDC, TRGC1, NKG7, CST7, CCL5, KLRD1, CD3G, PPP2R5C, HCST, TRGC2, GZMA, CD3D, IL32, GZMM, SYNE2, CTSW, HLA-B, PTPRC, CD3E, ARL4C, HLA-A, PRF1, B2M, DUSP2, GNLY, LYAR, PIK3R1, SYNE1, SAMD3, CD247, CD7, CCL4, FGFBP2, HLA-C, LITAF, KLRG1, GZMH, RNF213, MYBL1, ABHD17A, PYHIN1, PLAAT4, RUNX3, CALM1, GZMB, LCK, CD99, MATK, MBP, ZFP36L2",CELLxGENE Census 2025-11-08,ed5d841d-6346-47d4-ab2f-7119ad7e3a35,cite_seq_protein,orthogonal_molecular,CITE-seq WNN labels use RNA plus antibody-derived protein; protein contributes independent evidence for immune subsets.,Hao et al. 2021 Cell DOI:10.1016/j.cell.2021.04.048,2021-05-12,,False,2026-06-17,low,subtype,data/raw/pbmc_hao_citeseq.h5ad,scanpy.rank_genes_groups[wilcoxon]+autozyme,1500,immune,near_neighbor_state,basic,correct,,model_card_50,35
pbmc_hao_citeseq__B_cell,pbmc_hao_citeseq,blood,human,B cell,B cell,easy,canonical_lineage,B cell/B-cell/B lymphocyte,1,"MS4A1, RALGPS2, CD79A, BANK1, IGHM, CD79B, CD37, TNFRSF13C, CD74, HLA-DRA, HLA-DQA1, HLA-DQB1, HLA-DPB1, SWAP70, HLA-DRB1, LINC00926, ARHGAP24, HLA-DPA1, CD22, IGHD, TCF4, POU2F2, MARCHF1, HLA-DRB5, BCL11A, AFF3, CCDC50, PAX5, LINC01857, BLK, HLA-DMB, TNFRSF13B, COBLL1, P2RX5, HLA-DMA, FCRL2, ADAM28, JUND, MEF2C, IGKC, CXXC5, SPIB, SNX2, FCRLA, VPREB3, EZR, SP140, NIBAN3, IFT57, STX7",CELLxGENE Census 2025-11-08,ed5d841d-6346-47d4-ab2f-7119ad7e3a35,cite_seq_protein,orthogonal_molecular,CITE-seq WNN labels use RNA plus antibody-derived protein; protein contributes independent evidence for immune subsets.,Hao et al. 2021 Cell DOI:10.1016/j.cell.2021.04.048,2021-05-12,,False,2026-06-17,low,subtype,data/raw/pbmc_hao_citeseq.h5ad,scanpy.rank_genes_groups[wilcoxon]+autozyme,1500,immune,canonical,basic,correct,,model_card_50,36
wells_lung__group_1_innate_lymphoid_cell,wells_lung,lung,human,Group 1 ILC,Innate lymphoid cell,hard,rare_or_state,ILC1/group 1 innate/innate lymphoid,1,"CD7, GNLY, TYROBP, CCL5, CD247, HOPX, GZMA, GZMB, XCL2, NKG7, FCER1G, CTSW, TNFRSF18, KRT86, EVL, KLRK1, PRF1, TRDC, ARHGAP9, IL2RB, KLRD1, KIR2DL4, GSTP1, KLRB1, TMSB4X, JUND, APOBEC3G, KLRC2, CD96, KRT81, MATK, LCP1, CD63, CST7, HCST, CCL4, IVNS1ABP, XCL1, SH2D1B, TNFAIP3, TMIGD2, TGFB1, ITGA1, TXK, PIK3R1, HSPA5, ACTN4, TRBC1, ID2, FYN",CELLxGENE Census 2025-11-08,1b350d0a-4535-4879-beb6-1142f3f94947,cite_seq_protein,orthogonal_molecular,CITE-seq multimodal classifier used RNA plus ADT protein labels across tissues; strong but not pure protein gating.,Wells et al. 2025 Nat Immunol DOI:10.1038/s41590-025-02241-4,2025-06-18,,True,2026-06-17,low,subtype,data/raw/wells_lung.h5ad,scanpy.rank_genes_groups[wilcoxon]+autozyme,242,other,rna_protein_discordant,frontier,wrong,wrong,model_card_50,37
wells_lung__CD16_negative_CD56_bright_natural_killer_cell_human,wells_lung,lung,human,CD56-bright NK cell,NK cell,hard,subtype_resolution,CD56-bright/CD56bright/immature NK/regulatory NK;NK/natural killer,2,"CD7, CMC1, KLRD1, KLRB1, CCL3, TYROBP, IL2RB, CD247, PIK3R1, KLRF1, GZMK, XCL2, CEBPD, CCL4, SRGN, NKG7, ARHGAP9, TXK, H3-3B, CST7, XCL1, FCER1G, FYN, METRNL, SYTL3, DUSP2, AREG, GZMA, CLIC3, CEMIP2, KLRK1, IER2, SPRY2, PRF1, KLRC1, AOAH, IRF1, MATK, CTSW, APMAP, BTG1, MCTP2, FOS, UBB, IFRD1, IFITM2, CCL5, STK17A, EIF3G, ZBTB16",CELLxGENE Census 2025-11-08,1b350d0a-4535-4879-beb6-1142f3f94947,cite_seq_protein,orthogonal_molecular,CITE-seq multimodal classifier used RNA plus ADT protein labels across tissues; strong but not pure protein gating.,Wells et al. 2025 Nat Immunol DOI:10.1038/s41590-025-02241-4,2025-06-18,,True,2026-06-17,low,subtype,data/raw/wells_lung.h5ad,scanpy.rank_genes_groups[wilcoxon]+autozyme,1500,immune,subtype_resolution,basic,correct,,model_card_50,38
wells_lung__CD16_positive_CD56_dim_natural_killer_cell_human,wells_lung,lung,human,CD56-dim NK cell,NK cell,hard,subtype_resolution,CD56-dim/CD56dim/CD16-positive/cytotoxic NK;NK/natural killer,2,"GNLY, NKG7, PRF1, GZMB, CST7, FCGR3A, FGFBP2, CD247, SPON2, KLRD1, CTSW, CD7, EFHD2, KLRF1, TYROBP, GZMA, ARL4C, B2M, ITGB2, ABHD17A, CCL4, HLA-E, HOPX, METRNL, CYBA, HLA-C, CLIC3, LITAF, S1PR5, GZMM, HLA-B, HLA-A, FCER1G, ZEB2, SH2D2A, CCL3, APMAP, SYTL3, ADGRG1, PLAC8, HCST, IGFBP7, IFITM2, KLRK1, GNG2, SYNE1, GZMH, HSH2D, CCL5, SH2D1B",CELLxGENE Census 2025-11-08,1b350d0a-4535-4879-beb6-1142f3f94947,cite_seq_protein,orthogonal_molecular,CITE-seq multimodal classifier used RNA plus ADT protein labels across tissues; strong but not pure protein gating.,Wells et al. 2025 Nat Immunol DOI:10.1038/s41590-025-02241-4,2025-06-18,,True,2026-06-17,low,subtype,data/raw/wells_lung.h5ad,scanpy.rank_genes_groups[wilcoxon]+autozyme,1500,immune,subtype_resolution,basic,correct,,model_card_50,39
wells_bone_marrow__CD16_negative_CD56_bright_natural_killer_cell_human,wells_bone_marrow,bone_marrow,human,CD56-bright NK cell,NK cell,hard,subtype_resolution,CD56-bright/CD56bright/immature NK/regulatory NK;NK/natural killer,2,"CD7, TYROBP, CMC1, KLRD1, KLRB1, FCER1G, CD247, CEBPD, KLRF1, AREG, H3-3B, IFITM2, IL2RB, NKG7, SRGN, ARHGAP9, CCL3, TXK, IFITM1, ZFP36, CTSW, XCL2, CST7, CLIC3, GZMA, XCL1, KLRK1, FYN, IER2, MATK, PIK3R1, DUSP2, CCL4, BTG1, GSTP1, DUSP1, AOAH, JAK1, FOS, MCTP2, GZMK, EIF3G, ALOX5AP, CD160, APMAP, MAPK1, SH2D1B, SYTL3, PRF1, HCST",CELLxGENE Census 2025-11-08,1b350d0a-4535-4879-beb6-1142f3f94947,cite_seq_protein,orthogonal_molecular,CITE-seq multimodal classifier used RNA plus ADT protein labels across tissues; strong but not pure protein gating.,Wells et al. 2025 Nat Immunol DOI:10.1038/s41590-025-02241-4,2025-06-18,,True,2026-06-17,low,subtype,data/raw/wells_bone_marrow.h5ad,scanpy.rank_genes_groups[wilcoxon]+autozyme,1500,immune,subtype_resolution,basic,correct,,model_card_50,40
lung_madissoon_spatial__club_cell,lung_madissoon_spatial,lung,human,Club cell,Lung epithelial,medium,subtype_resolution,club cell/Clara cell/club,1,"SFTPB, NEDD4L, SFTA3, DAPK1, CYB5A, SCGB3A2, MAGI3, MET, ACOXL, PLCL1, MBNL1, MGST1, MECOM, RNF145, ADK, GPRC5A, CDK14, ATP13A4, ITGA9, PTPN13, NCKAP5, LINC02889, HOPX, CD55, MAST4, SHROOM3, NPNT, ARHGAP42, ERBB4, SCNN1B, OCLN, MBIP, MACROD2, ZNF608, SLC22A3, DAPK2, ZFP36L1, SMYD3, ALCAM, PTPRD, NKX2-1, LMO3, GLCCI1, RBPMS, ABCC5, KIAA1328, BTBD9, ADGRF5, PRKCZ, LIMCH1","CELLxGENE Census 2025-11-08 (Madissoon lung spatial atlas, Nat Genet 2022)",10.1038/s41588-022-01243-4,spatial_visium,spatial_anatomical,Visium spatial atlas (5 proximal-distal locations) backs airway/alveolar epithelial identity,Nat Genet 2022 Madissoon lung spatial,2022,2022,False,2026-06-17,low,type,data/raw/lung_madissoon_spatial.h5ad,scanpy.rank_genes_groups[wilcoxon]+autozyme,120,epithelial,spatial_hard,boost,wrong,correct,model_card_50,41
kidney_mbdrc_multiome__mesangial_cell,kidney_mbdrc_multiome,kidney,human,Mesangial cell,Vascular,hard,rare_or_state,mesangial/glomerular mesangial/intraglomerular,1,"RBMS3, PRKG1, EBF1, ROBO1, CALD1, PIP5K1B, PDE3A, PDGFRB, TMTC1, MEIS1, SLCO3A1, COL25A1, PRKCA, ITGA8, PIEZO2, LINC00882, NBEA, PLCL1, UNC5C, CACNA1C, ADCY3, AKAP12, TACC1, DAAM2, PHTF2, PDE7B, PPARG, DLC1, ELL2, MECOM, PCDH9, ZFPM2-AS1, TIMP3, CDC42BPA, ZBTB46, A2M, TCF4, CPM, LAMA2, KALRN, EPB41L2, RAPGEF5, SOX5, RNF144A, STARD13, DLEU2, ZBTB16, MICAL2, DAPK2, DGKG","CELLxGENE Census 2025-11-08 (mBDRC kidney multiome, Genome Biol 2026)",10.1101/2025.03.06.637075,multiome_atac,orthogonal_molecular,same-nucleus 10x multiome (RNA+ATAC); ATAC backs nephron-segment calls; human counterpart of mouse multiome,Genome Biol 2026 mBDRC (Acera-Mateos),2026,2025,True,2026-06-17,low,type,data/raw/kidney_mbdrc_multiome.h5ad,scanpy.rank_genes_groups[wilcoxon]+autozyme,120,stromal,near_neighbor_state,basic,correct,missing,model_card_50,42
neocortex_2025_multiome__astrocyte,neocortex_2025_multiome,brain,human,Astrocyte,Glial,easy,canonical_lineage,astrocyte/astroglia,1,"SLC1A2, GPC5, SLC1A3, CST3, RORA, GLIS3, GPM6A, SPARCL1, OBI1-AS1, CLU, SLC4A4, DTNA, ADGRV1, APOE, NTM, AHCYL2, ATP1A2, MT3, CARMIL1, ITPR2, LSAMP, LINC00299, SORBS1, ATP13A4, RFX4, MIR9-1HG, SLC7A11, PITPNC1, LINC03051, AQP4, SASH1, GRAMD2B, SPON1, MSI2, CTNNA2, BMPR1B, FMN2, TRPS1, GLUL, PREX2, SFXN5, GABRB1, GLUD1, PARD3B, SLCO1C1, PON2, CPE, MACF1, PPP1R9A-AS1, CTNND2",CELLxGENE Census 2025-11-08,aa369999-a034-4ad9-b459-8a93c86ea77b,multiome_atac_spatial_lineage,orthogonal_molecular,"Paired snRNA plus snATAC across 38 neocortical samples; spatial transcriptomics supports organization, and progenitor purification plus lineage tracing validates Tri-IPC lineage relationships.",Wang et al. 2025 Nature DOI:10.1038/s41586-024-08351-7,2025-01-08,,True,2026-06-17,low,lineage_or_subtype,data/raw/neocortex_2025_multiome.h5ad,scanpy.rank_genes_groups[wilcoxon]+autozyme,100,neural,canonical,basic,correct,missing,model_card_50,43
neocortex_2025_multiome__pvalb_GABAergic_cortical_interneuron,neocortex_2025_multiome,brain,human,PVALB GABAergic cortical interneuron,Neural,hard,rare_or_state,PVALB/parvalbumin;GABAergic/inhibitory/interneuron,2,"KCNC2, NXPH1, MEF2C, ERBB4, DLGAP2, DPP10, CNTNAP2, SLIT2, FGF12, TAFA2, RASGRF2, ZNF385D, GABRG3, SNHG14, TENM2, HCN1, PTCHD4, GRIA4, GAD2, GABRB2, KIAA1217, SCN1A, DLGAP1, GRIP1, MYO16, ATRNL1, XKR4, GRM5, FMN1, ATP1B1, GRIN2B, OXR1, SERPINI1, SLC4A10, TIAM1, SYT1, VWC2, GAD1, SAMD5, CNTN5, SH3RF3, GABBR2, SYN2, GRK3, MYO5B, SCN1A-AS1, KAZN, CACNB4, NTRK2, VSNL1",CELLxGENE Census 2025-11-08,aa369999-a034-4ad9-b459-8a93c86ea77b,multiome_atac_spatial_lineage,orthogonal_molecular,"Paired snRNA plus snATAC across 38 neocortical samples; spatial transcriptomics supports organization, and progenitor purification plus lineage tracing validates Tri-IPC lineage relationships.",Wang et al. 2025 Nature DOI:10.1038/s41586-024-08351-7,2025-01-08,,True,2026-06-17,low,lineage_or_subtype,data/raw/neocortex_2025_multiome.h5ad,scanpy.rank_genes_groups[wilcoxon]+autozyme,100,neural,near_neighbor_state,basic,correct,missing,model_card_50,44
neocortex_2025_multiome__VIP_GABAergic_cortical_interneuron,neocortex_2025_multiome,brain,human,VIP GABAergic cortical interneuron,Neural,hard,rare_or_state,VIP;GABAergic/inhibitory/interneuron,2,"ADARB2, GALNTL6, PROX1, SYNPR, THSD7A, KCNT2, FRMPD4, GALNT17, GRM7, NR3C2, MEG3, OLFM3, SNHG14, CIT, CSMD1, INPP4B, CHRM3, CACNA1D, FRMD4A, RGS12, LRFN2, FGF14, VWC2L, SCG2, SNTG1, CNTN4, VIP, CALB2, MTUS2, PCSK2, GABRB2, THRB, ATP2B1, KCNJ3, CDH10, SORCS3, PTPRE, DLX6-AS1, ERBB4, LARGE1, PWRN1, SCN2A, IGF1, PLD5, GRIN2B, AP1S2, DSCAM, MYRIP, NRG3, PLXNA4",CELLxGENE Census 2025-11-08,aa369999-a034-4ad9-b459-8a93c86ea77b,multiome_atac_spatial_lineage,orthogonal_molecular,"Paired snRNA plus snATAC across 38 neocortical samples; spatial transcriptomics supports organization, and progenitor purification plus lineage tracing validates Tri-IPC lineage relationships.",Wang et al. 2025 Nature DOI:10.1038/s41586-024-08351-7,2025-01-08,,True,2026-06-17,low,lineage_or_subtype,data/raw/neocortex_2025_multiome.h5ad,scanpy.rank_genes_groups[wilcoxon]+autozyme,100,neural,near_neighbor_state,basic,correct,missing,model_card_50,45
neocortex_2025_multiome__forebrain_radial_glial_cell,neocortex_2025_multiome,brain,human,Forebrain radial glial cell,Neural progenitor,hard,rare_or_state,radial glia/radial glial;forebrain,1,"GLI3, SHROOM3, CREB5, DACH1, CDON, LINC01965, SYNE2, VIM, MPPED2, MEIS2, ADGRV1, HMGA2, NKAIN3, ENSG00000271860, GULP1, SFRP1, FBXL7, ZFHX4, MIR99AHG, PARD3B, MIR9-2HG, DOK5, COL4A5, FOXP1, PDGFD, NFIA, TBC1D1, FHOD3, GPC6, INTU, SOX5, FABP7, CNTLN, IGF2BP2, IGF2BP3, SETBP1, NEDD4L, PHIP, CCND2, LTBP1, PANTR1, ID4, LINC01551, NCKAP5, BOC, ZEB1, EFNB2, CELSR1, VCAN, COL11A1",CELLxGENE Census 2025-11-08,aa369999-a034-4ad9-b459-8a93c86ea77b,multiome_atac_spatial_lineage,orthogonal_molecular,"Paired snRNA plus snATAC across 38 neocortical samples; spatial transcriptomics supports organization, and progenitor purification plus lineage tracing validates Tri-IPC lineage relationships.",Wang et al. 2025 Nature DOI:10.1038/s41586-024-08351-7,2025-01-08,,True,2026-06-17,low,lineage_or_subtype,data/raw/neocortex_2025_multiome.h5ad,scanpy.rank_genes_groups[wilcoxon]+autozyme,100,neural,near_neighbor_state,basic,correct,missing,model_card_50,46
lung_madissoon_spatial__lung_secretory_cell,lung_madissoon_spatial,lung,human,Airway secretory cell,Lung epithelial,medium,subtype_resolution,secretory/club/Clara/secretory airway;SCGB1A1,1,"BPIFB2, PDE4D, PTPRN2, MUC5B, MUC5B-AS1, AFF3, ADARB2, ACSL3, GMDS, GOLM1, GALNT7, PLCB4, FOXP1, GFPT1, TM9SF3, PCCA, KCNMA1, PPM1H, CCSER1, TOX3, TTC3, PACS1, SLC39A11, SLC12A2, BCAS1, ARHGAP26, THSD4, CDH12, AQP4-AS1, PHACTR2, ERN2, ARL15, CHST9, FGF13, STK39, EHF, ARHGEF28, CRACR2A, GALNT12, MIA3, ARFGEF3, CHRM3, ATP2C2, MLPH, NIBAN1, PPP1R9A, MCTP2, COBL, ELAPOR1, OSBPL10","CELLxGENE Census 2025-11-08 (Madissoon lung spatial atlas, Nat Genet 2022)",10.1038/s41588-022-01243-4,spatial_visium,spatial_anatomical,Visium spatial atlas (5 proximal-distal locations) backs airway/alveolar epithelial identity,Nat Genet 2022 Madissoon lung spatial,2022,2022,False,2026-06-17,low,type,data/raw/lung_madissoon_spatial.h5ad,scanpy.rank_genes_groups[wilcoxon]+autozyme,120,epithelial,subtype_resolution,boost,partial,correct,model_card_50,47
lung_madissoon_spatial__respiratory_tract_suprabasal_cell,lung_madissoon_spatial,lung,human,Suprabasal cell,Lung epithelial,hard,rare_or_state,suprabasal/airway suprabasal/parabasal;basal,1,"ABCA13, LINC00511, EYA2, SDK1, KRT19, PTPRZ1, MTSS1, ADAM28, TMPRSS4, TSHZ2, NFE2L2, SRGAP3, PLEKHA5, MRTFB, MUC4, NTN1, CHST9, AQP3, BHLHE40, AQP4-AS1, PRSS23, SEMA4B, LINC02955, PVT1, ELF3, THOC3, SERPINB3, KLF5, DGKH, EYA4, CAMK1D, PCDH7, PTPRT, ITGA2, LYN, SUSD4, EGFR, EPAS1, RUNX1, FOXN3, ECE1, ARHGEF3, NHS, ETS2, ABCC1, SERPINB13, TCF4, STIM2, CCDC144NL-AS1, FOXP2","CELLxGENE Census 2025-11-08 (Madissoon lung spatial atlas, Nat Genet 2022)",10.1038/s41588-022-01243-4,spatial_visium,spatial_anatomical,Visium spatial atlas (5 proximal-distal locations) backs airway/alveolar epithelial identity,Nat Genet 2022 Madissoon lung spatial,2022,2022,False,2026-06-17,low,type,data/raw/lung_madissoon_spatial.h5ad,scanpy.rank_genes_groups[wilcoxon]+autozyme,120,epithelial,near_neighbor_state,boost,partial,correct,model_card_50,48
lung_madissoon_spatial__goblet_cell,lung_madissoon_spatial,lung,human,Goblet cell,Lung epithelial,medium,canonical_lineage,goblet/mucus-secreting/MUC5AC/MUC5B,1,"MUC16, PRSS23, BPIFB1, SERPINB11, ELF3, KRT19, TMPRSS4, CHST9, MSMB, RIMS1, MUC5AC, F3, CXCL1, RDH10, DHRS9, WFDC2, ADAM28, LCN2, HS3ST1, CYP2F1, ERN2, MUC4, PLEKHS1, TSPAN1, SYTL2, SLC4A4, AGR2, ABCA13, CTSC, SERPINB3, SDK1, LYPD6B, BMPR1B, KLF5, CHL1, CAMK1D, XBP1, EPAS1, DDIT4, FER1L6, ALCAM, FAM3D, CXCL17, TGM2, TNFSF10, SAT1, BHLHE40, STIM2, ST6GAL1, ST6GALNAC1","CELLxGENE Census 2025-11-08 (Madissoon lung spatial atlas, Nat Genet 2022)",10.1038/s41588-022-01243-4,spatial_visium,spatial_anatomical,Visium spatial atlas (5 proximal-distal locations) backs airway/alveolar epithelial identity,Nat Genet 2022 Madissoon lung spatial,2022,2022,False,2026-06-17,low,type,data/raw/lung_madissoon_spatial.h5ad,scanpy.rank_genes_groups[wilcoxon]+autozyme,120,epithelial,subtype_resolution,boost,partial,correct,model_card_50,49
wells_small_intestine__CD16_positive_CD56_dim_natural_killer_cell_human,wells_small_intestine,small_intestine,human,CD56-dim NK cell,NK cell,hard,subtype_resolution,CD56-dim/CD56dim/CD16-positive/cytotoxic NK;NK/natural killer,2,"NKG7, PRF1, GNLY, GZMB, CST7, FCGR3A, CTSW, FGFBP2, ITGB2, HLA-C, B2M, IFITM1, IFITM2, EFHD2, PFN1, KLRD1, SPON2, GZMH, TYROBP, CD247, HOPX, HCST, CYBA, ABHD17A, S1PR5, HLA-A, GZMA, ADGRG1, S100A4, KLRF1, SH3BGRL3, ARL4C, PLEK, IL2RG, FLNA, TMSB10, TBX21, CCL4, CX3CR1, TLE5, MYL12A, KLF2, SYNE1, PLAC8, C12orf75, LITAF, RAC2, PTPRC, TRBC1, CLIC3",CELLxGENE Census 2025-11-08,1b350d0a-4535-4879-beb6-1142f3f94947,cite_seq_protein,orthogonal_molecular,CITE-seq multimodal classifier used RNA plus ADT protein labels across tissues; strong but not pure protein gating.,Wells et al. 2025 Nat Immunol DOI:10.1038/s41590-025-02241-4,2025-06-18,,True,2026-06-17,low,subtype,data/raw/wells_small_intestine.h5ad,scanpy.rank_genes_groups[wilcoxon]+autozyme,597,immune,rna_protein_discordant,frontier,partial,wrong,model_card_50,50
cerebellum_mouse_2021__inhibitory_interneuron,cerebellum_mouse_2021,cerebellum,mouse,Inhibitory interneuron,Neural,medium,subtype_resolution,interneuron/inhibitory/GABAergic,1,"Rora, Cntn4, Sorcs3, Marchf11, Kirrel3, Slc24a3, Inpp4b, Hcn1, Adarb2, Cacna1d, Eml5, Nrxn3, Cabp1, Cacna2d3, Asic2, Plxna4, Kit, Socs2, Myt1l, Galnt17, Adgrl3, Erc2, Gm11417, Gria3, Ntn1, Grid1, Clmp, Esrrg, Xkr4, Tbc1d4, Ptprk, Galnt18, Frmpd4, Atp1a3, Unc5c, Frmd3, Hecw1, Cacng2, Atp2b1, Slc24a2, Ccser1, Rab3c, Gad1, Rtl4, Csmd1, Nos1ap, Atp1b1, Pkp4, Grik3, Meg3",CELLxGENE Census 2025-11-08 (mouse cerebellum (mirrors human cerebellum)),10.1038/s41586-021-03220-z,spatial_slideseq,spatial_anatomical,Slide-seqV2 spatial mapping of cerebellar cell types (companion RCTD paper),mouse cerebellum (mirrors human cerebellum),2021,2021.0,False,2026-06-17,low,type,data/raw/cerebellum_mouse_2021.h5ad,scanpy.rank_genes_groups[wilcoxon]+autozyme,120,neural,subtype_resolution,boost,partial,correct,boost100_extension,51
colon_mouse_spatial__enterocyte,colon_mouse_spatial,colon,mouse,Enterocyte (colonocyte),Intestinal epithelial,easy,canonical_lineage,enterocyte/colonocyte/absorptive/intestinal epithelial/epithelial,1,"2200002D01Rik, Lypd8, Car1, Krt20, Muc17, Mgat4c, Muc13, Clec2h, Prdx6, 1810065E05Rik, Lgals4, Plac8, Emp1, Ceacam1, Tspan1, Lgals3, Sptssb, Prss30, Sdcbp2, Myo15b, Ms4a8a, Cdh17, Slc51b, Phgr1, Klf4, Fam162a, Ethe1, Mall, Mgst3, Cdhr5, Sprr2a3, Saa1, Serpinb1a, Cycs, Ces2e, AA467197, Cystm1, Zg16, Slc6a14, Mep1b, Eif2s2, Tmigd1, Smpdl3a, Myl12b, Krt8, Endod1, Mal, Ces2c, Tspan8, Higd1a",CELLxGENE Discover (spatial; excluded from Census API),e2811f45-81cc-4819-aee0-dbaa6b3bb52c,visium_spatial_spot,spatial_anatomical,Mouse colon Visium spots; epithelial/stromal/immune labels from paired scRNA reference mapped onto crypt-villus spatial architecture.,Gu et al. 2024 Nature DOI:10.1038/s41586-024-07251-0 (PRJEB57700; treg-gut-niches.cellgeni.sanger.ac.uk),2024-04-10,,False,2026-06-17,low,lineage_or_subtype,data/raw/colon_mouse_spatial.h5ad,scanpy.rank_genes_groups[wilcoxon]+autozyme,1296,epithelial,canonical,basic,correct,missing,boost100_extension,52
colon_mouse_spatial__fibroblast,colon_mouse_spatial,colon,mouse,Fibroblast,Stromal,easy,canonical_lineage,fibroblast/stromal/mesenchymal,1,"Igfbp4, Sparc, Igfbp7, Col1a2, Bgn, Col3a1, Col1a1, Apoe, Ecm1, C1qb, C1qa, Fstl1, Ifitm3, C1qc, Fn1, Ctsb, Col5a1, Serping1, Cst3, C1s1, Sod3, Gpx3, Lyz2, Serpinh1, Col6a1, Ifi27l2a, C4b, Psap, Mmp2, Rarres2, Ly6e, Fxyd5, Tmem176a, Ly6c1, Tyrobp, H2-Eb1, Col18a1, Col6a2, Pcolce, Ccl8, Vim, Fbn1, Plpp3, Pf4, Timp3, Dcn, Col4a2, Col4a1, Pltp, Tuba1a",CELLxGENE Discover (spatial; excluded from Census API),e2811f45-81cc-4819-aee0-dbaa6b3bb52c,visium_spatial_spot,spatial_anatomical,Mouse colon Visium spots; epithelial/stromal/immune labels from paired scRNA reference mapped onto crypt-villus spatial architecture.,Gu et al. 2024 Nature DOI:10.1038/s41586-024-07251-0 (PRJEB57700; treg-gut-niches.cellgeni.sanger.ac.uk),2024-04-10,,False,2026-06-17,low,lineage_or_subtype,data/raw/colon_mouse_spatial.h5ad,scanpy.rank_genes_groups[wilcoxon]+autozyme,28,stromal,canonical,basic,correct,missing,boost100_extension,53
kidney_mouse_multiome__endothelial_cell,kidney_mouse_multiome,kidney,mouse,Endothelial cell,Endothelial,easy,canonical_lineage,endothelial/endothelium,1,"Meis2, Flt1, Plpp1, Emcn, Adgrl4, Pbx1, Ptprm, Ldb2, Ptprb, Tcf4, Tek, Prex2, Sptbn1, Rbms1, Cyyr1, Rapgef4, Apbb2, Zeb1, Prkch, Fam117b, Rapgef5, Ebf1, Limch1, Arhgap31, Dysf, Calcrl, Rasal2, Arhgap26, Heg1, Eng, Hecw2, Plpp3, Dock4, Csgalnact1, Pecam1, Mef2c, Inpp4b, Fbxl7, Dnm3, Adgrf5, Exoc3l2, Shank3, Ptk2, Ccdc85a, Asap1, Fmnl2, Prkg1, Peak1, Chrm3, Nrp1",CELLxGENE Census 2025-11-08,25818bf7-e2a7-41ec-8ff2-bc369c0ff4f5,multiome_atac,orthogonal_molecular,10x multiome RNA plus ATAC from the same nuclei supports kidney segment identity; ATAC is independent molecular evidence but not a pure experimental gate.,Chen et al. 2025 Nat Genet DOI:10.1038/s41588-025-02161-x,2025-06-01,,True,2026-06-17,low,lineage_or_subtype,data/raw/kidney_mouse_multiome.h5ad,scanpy.rank_genes_groups[wilcoxon]+autozyme,1500,stromal,canonical,basic,correct,missing,boost100_extension,54
kidney_mouse_multiome__epithelial_cell_of_proximal_tubule_segment_3,kidney_mouse_multiome,kidney,mouse,Proximal tubule cell (S3),Kidney epithelial,medium,subtype_resolution,proximal tubule/proximal convoluted/PT cell/PCT,1,"Gramd1b, Atp11a, Slc27a2, Ghr, Slc6a18, Sugct, Aadat, Gk, Chpt1, Osbpl8, Napsa, Keg1, Slc23a1, Gpm6a, Thrb, Nceh1, Slco1a6, Mep1a, Gcnt1, Cubn, Lrp2, Trps1, Slc3a1, Hnf4aos, Itgb8, Mat2a, Pdzk1, Pter, Lactb2, Slc25a21, Gm42397, Pde4d, Slc1a1, Mpv17l, Hgd, Slc6a20b, Slc5a8, Slc17a3, Kap, 4930533I22Rik, Ugt3a1, Slc17a1, Cyp2j5, Fggy, Agps, Slc22a19, Tnfrsf21, Them7, Satb2, Gm43190",CELLxGENE Census 2025-11-08,25818bf7-e2a7-41ec-8ff2-bc369c0ff4f5,multiome_atac,orthogonal_molecular,10x multiome RNA plus ATAC from the same nuclei supports kidney segment identity; ATAC is independent molecular evidence but not a pure experimental gate.,Chen et al. 2025 Nat Genet DOI:10.1038/s41588-025-02161-x,2025-06-01,,True,2026-06-17,low,lineage_or_subtype,data/raw/kidney_mouse_multiome.h5ad,scanpy.rank_genes_groups[wilcoxon]+autozyme,1500,epithelial,subtype_resolution,basic,correct,missing,boost100_extension,55
kidney_mouse_multiome__fibroblast,kidney_mouse_multiome,kidney,mouse,Fibroblast,Stromal,easy,canonical_lineage,fibroblast/stromal/mesenchymal,1,"Cfh, Dlc1, Pde3a, Ldb2, Meis1, Rbms3, Meis2, Lhfpl6, Kcnt2, Lama2, Cdh11, Ebf1, Gpc6, Gria4, Pbx1, Tenm3, Frem1, B130024G19Rik, Zeb2, Nr2f2, Fign, Fbxl7, Cald1, Cped1, Tshz2, Gulp1, Atrnl1, Prkg1, Rora, Col1a2, Robo2, Nfia, B3galt1, Gucy1a2, Gab2, Hmcn1, Adgrl3, Sox5, Col3a1, Zfpm2, Gucy1a1, Ttc28, Mir100hg, Fhl2, Pcdh9, Colec12, Gpc3, Prickle2, Itga9, Adamtsl1",CELLxGENE Census 2025-11-08,25818bf7-e2a7-41ec-8ff2-bc369c0ff4f5,multiome_atac,orthogonal_molecular,10x multiome RNA plus ATAC from the same nuclei supports kidney segment identity; ATAC is independent molecular evidence but not a pure experimental gate.,Chen et al. 2025 Nat Genet DOI:10.1038/s41588-025-02161-x,2025-06-01,,True,2026-06-17,low,lineage_or_subtype,data/raw/kidney_mouse_multiome.h5ad,scanpy.rank_genes_groups[wilcoxon]+autozyme,1500,stromal,canonical,basic,correct,missing,boost100_extension,56
kidney_mouse_multiome__kidney_collecting_duct_intercalated_cell,kidney_mouse_multiome,kidney,mouse,Collecting duct intercalated cell,Kidney epithelial,medium,subtype_resolution,intercalated cell/intercalated,1,"Tmem117, Atp6v0d2, Dmxl1, Pam, Pde1a, Itpr2, Rcan2, Atp6v1c2, Tfcp2l1, Cpeb2, Wdr72, Atp6v1g3, Ralgapa2, Nedd4l, Bmpr1b, Ncoa7, Slc4a9, Car12, Syn2, Eps8, Rnf152, Atp6v0a4, Esrrg, Adgrf5, Nr3c2, Pde4b, Tmcc3, Atp6v1b1, Atp6v1a, Ccbe1, Clnk, Fam13a, Gm12121, Arl15, Kcnq1, Rhcg, Exoc6b, Atp6v1h, Arhgap18, Kit, Mecom, Epb41l2, Car2, Naaladl2, Magi1, Gclc, Alcam, Gm20732, Foxp1, Met",CELLxGENE Census 2025-11-08,25818bf7-e2a7-41ec-8ff2-bc369c0ff4f5,multiome_atac,orthogonal_molecular,10x multiome RNA plus ATAC from the same nuclei supports kidney segment identity; ATAC is independent molecular evidence but not a pure experimental gate.,Chen et al. 2025 Nat Genet DOI:10.1038/s41588-025-02161-x,2025-06-01,,True,2026-06-17,low,lineage_or_subtype,data/raw/kidney_mouse_multiome.h5ad,scanpy.rank_genes_groups[wilcoxon]+autozyme,1500,epithelial,subtype_resolution,basic,correct,missing,boost100_extension,57
kidney_mouse_multiome__kidney_collecting_duct_principal_cell,kidney_mouse_multiome,kidney,mouse,Collecting duct principal cell,Kidney epithelial,medium,subtype_resolution,principal cell/collecting duct principal/principal,1,"Frmpd4, Phactr1, Cacnb2, Sox6, Veph1, Phactr2, Mecom, Mgat4c, Tmem45b, Bmpr1b, Pde8b, Pde1c, Mpped2, Cdkl1, Plcl1, Naaladl2, Nckap5, Lrba, Npnt, Grip1, Pde7b, Nr3c2, Ccser1, Tmem117, Kif26b, Srgap3, Aqp2, Shroom3, Fxyd4, Sorbs2, Fam110b, Mpp7, Dnm3, Sim1, Reps2, Setbp1, Crybg1, Kcnc2, Tfcp2l1, Dock7, Ptprj, Aqp4, Pax2, Nedd4l, Dab1, Gls, Magi1, Glis3, Prdm16, Frk",CELLxGENE Census 2025-11-08,25818bf7-e2a7-41ec-8ff2-bc369c0ff4f5,multiome_atac,orthogonal_molecular,10x multiome RNA plus ATAC from the same nuclei supports kidney segment identity; ATAC is independent molecular evidence but not a pure experimental gate.,Chen et al. 2025 Nat Genet DOI:10.1038/s41588-025-02161-x,2025-06-01,,True,2026-06-17,low,lineage_or_subtype,data/raw/kidney_mouse_multiome.h5ad,scanpy.rank_genes_groups[wilcoxon]+autozyme,1500,epithelial,subtype_resolution,basic,correct,missing,boost100_extension,58
kidney_mouse_multiome__kidney_distal_convoluted_tubule_epithelial_cell,kidney_mouse_multiome,kidney,mouse,Distal convoluted tubule cell,Kidney epithelial,medium,subtype_resolution,distal convoluted tubule/DCT/distal tubule,1,"Slc12a3, Trpm7, Abca13, Wnk1, Trpm6, Klhl3, Tsc22d1, Kng2, Cadps2, Mecom, Atp1a1, Slc16a7, Sgms2, Tdrd3, Ank3, Tox3, Cacnb4, Egf, Ccdc141, Cnnm2, Pkhd1, Kctd1, Tmem52b, Esrrg, Ppargc1a, Tsc22d2, Rgs6, Atp1b1, Stk32b, Prkd1, Tmem72, Esrrb, Ptgfr, Phactr1, Stk39, Slit2, Kcnj1, Acss3, Oxct1, Nr3c2, Defb1, Pkp4, Erbb4, Larp1b, Pde7b, Magi1, Dach1, Grb14, Me3, Chka",CELLxGENE Census 2025-11-08,25818bf7-e2a7-41ec-8ff2-bc369c0ff4f5,multiome_atac,orthogonal_molecular,10x multiome RNA plus ATAC from the same nuclei supports kidney segment identity; ATAC is independent molecular evidence but not a pure experimental gate.,Chen et al. 2025 Nat Genet DOI:10.1038/s41588-025-02161-x,2025-06-01,,True,2026-06-17,low,lineage_or_subtype,data/raw/kidney_mouse_multiome.h5ad,scanpy.rank_genes_groups[wilcoxon]+autozyme,1500,epithelial,subtype_resolution,basic,correct,missing,boost100_extension,59
kidney_mouse_multiome__kidney_loop_of_Henle_ascending_limb_epithelial_cell,kidney_mouse_multiome,kidney,mouse,Ascending limb cell (LoH),Kidney epithelial,medium,subtype_resolution,ascending limb/thick ascending/loop of Henle/TAL,1,"Slc12a1, Erbb4, Slc5a3, Bckdhb, Kng2, Egf, Ppargc1a, Ank3, Cacnb4, Abca13, Sgcz, Cgnl1, Dst, Atp1b1, Esrrb, Ptger3, Tmem72, Stxbp4, Me3, Slc16a7, Paqr5, Pkp4, Pde1a, Cyfip2, Umod, Lrba, Pkhd1, Mecom, Tenm2, Dnm3, Plekhg1, Atp1a1, Nudt4, Esrrg, Fxyd2, Arhgap6, Pcsk6, Efna5, Syne2, Plekha6, Cdkl1, Plcb1, P3h2, Slc9a3, Stk39, Lmo7, Pdgfd, Epb41, Shroom3, Ppp2r3a",CELLxGENE Census 2025-11-08,25818bf7-e2a7-41ec-8ff2-bc369c0ff4f5,multiome_atac,orthogonal_molecular,10x multiome RNA plus ATAC from the same nuclei supports kidney segment identity; ATAC is independent molecular evidence but not a pure experimental gate.,Chen et al. 2025 Nat Genet DOI:10.1038/s41588-025-02161-x,2025-06-01,,True,2026-06-17,low,lineage_or_subtype,data/raw/kidney_mouse_multiome.h5ad,scanpy.rank_genes_groups[wilcoxon]+autozyme,1500,epithelial,subtype_resolution,basic,correct,missing,boost100_extension,60
kidney_mouse_multiome__kidney_loop_of_Henle_descending_limb_epithelial_cell,kidney_mouse_multiome,kidney,mouse,Descending limb cell (LoH),Kidney epithelial,hard,rare_or_state,descending limb/thin descending/loop of Henle,1,"Tbc1d4, Rbms3, Dnm3, Tshz2, Pkhd1, Chn2, Bicc1, Rora, Cobll1, Wwc1, Myo9a, Gls, Cobl, Glis3, Veph1, Ext1, Galnt18, Sema5a, Slc6a6, Scel, Utrn, Elovl7, Col4a3, Ptpn13, Col4a4, Pax8, Gramd1b, Stxbp6, Pax2, Tns3, Ptpn14, Pgm5, Lmo7, Fry, Chst9, Satb2, Dock1, Col4a5, Zbtb20, Shank2, Myo5b, Sorcs3, Nfat5, Myo1d, Ranbp3l, Arhgap24, Dtnb, Apela, Met, Svil",CELLxGENE Census 2025-11-08,25818bf7-e2a7-41ec-8ff2-bc369c0ff4f5,multiome_atac,orthogonal_molecular,10x multiome RNA plus ATAC from the same nuclei supports kidney segment identity; ATAC is independent molecular evidence but not a pure experimental gate.,Chen et al. 2025 Nat Genet DOI:10.1038/s41588-025-02161-x,2025-06-01,,True,2026-06-17,low,lineage_or_subtype,data/raw/kidney_mouse_multiome.h5ad,scanpy.rank_genes_groups[wilcoxon]+autozyme,1500,epithelial,buried_marker,boost,wrong,correct,boost100_extension,61
kidney_mouse_multiome__metanephric_nephron_tubule_epithelial_cell,kidney_mouse_multiome,kidney,mouse,Nephron tubule cell,Kidney epithelial,medium,canonical_lineage,nephron tubule/renal tubule/tubular epithelial/kidney tubule,1,"Gpc6, Eya4, Ncam1, Vcan, Cacna2d1, Hmga2, Auts2, Cped1, 2610307P16Rik, Robo2, Eya1, Unc5c, Gpc3, Meis2, Kif26b, Pax2, Sncaip, Cdh11, Nkain3, Ltbp1, Fbn2, Hmcn1, Grb10, Robo1, Wt1, Tenm3, Ttc28, Rbfox1, Erdr1y, Pdgfc, Mmp16, Cdh2, Itga8, Tcf4, Ptprm, Abr, Snap91, Hs6st2, Sobp, Cadm1, Wt1os, Ptbp2, Cpsf6, Fat3, Lhfpl2, Negr1, Tshz2, Akt3, Maml3, Cacnb4",CELLxGENE Census 2025-11-08,25818bf7-e2a7-41ec-8ff2-bc369c0ff4f5,multiome_atac,orthogonal_molecular,10x multiome RNA plus ATAC from the same nuclei supports kidney segment identity; ATAC is independent molecular evidence but not a pure experimental gate.,Chen et al. 2025 Nat Genet DOI:10.1038/s41588-025-02161-x,2025-06-01,,True,2026-06-17,low,lineage_or_subtype,data/raw/kidney_mouse_multiome.h5ad,scanpy.rank_genes_groups[wilcoxon]+autozyme,1500,epithelial,subtype_resolution,frontier,wrong,partial,boost100_extension,62
kidney_mouse_multiome__parietal_epithelial_cell,kidney_mouse_multiome,kidney,mouse,Parietal epithelial cell,Kidney epithelial,medium,subtype_resolution,parietal epithelial/Bowman/parietal,1,"Cdh6, Ptpn13, Ncam1, Myo9a, Gpc6, Oxr1, Erbb4, Epha7, Dcdc2a, Ptprk, Robo1, Fhod3, Grip1, Lama1, Auts2, Lgr4, Grid1, Col4a1, Bicc1, Adamts16, Gpc3, Slit3, Col18a1, Etl4, Igfbp7, Lpp, Pdgfd, Dmd, Srgap1, Tshz2, Vps13b, Fras1, Adamts1, Farp1, Trpm3, Bnc2, Cacna2d1, Dach1, Dpp4, Glis3, Sema3c, Myo5b, Sh3d19, Rai14, Greb1l, Stxbp6, Epb41l5, Npas3, Adamts9, Pard3b",CELLxGENE Census 2025-11-08,25818bf7-e2a7-41ec-8ff2-bc369c0ff4f5,multiome_atac,orthogonal_molecular,10x multiome RNA plus ATAC from the same nuclei supports kidney segment identity; ATAC is independent molecular evidence but not a pure experimental gate.,Chen et al. 2025 Nat Genet DOI:10.1038/s41588-025-02161-x,2025-06-01,,True,2026-06-17,low,lineage_or_subtype,data/raw/kidney_mouse_multiome.h5ad,scanpy.rank_genes_groups[wilcoxon]+autozyme,1500,epithelial,subtype_resolution,basic,correct,missing,boost100_extension,63
liver_mouse_spatial__hepatic_stellate_cell,liver_mouse_spatial,liver,mouse,Hepatic stellate cell,Stromal,medium,subtype_resolution,stellate/Ito cell/hepatic stellate/HSC/perisinusoidal,1,"Ecm1, Serpina1b, Serpina1a, Fabp1, Colec11, Serpina1e, Wfdc21, Serpina1c, Dcn, H2-Q10, Tgfbi, Aox3, Fau, Gpx1, Fcna, Sod3, Thrsp, Mt1, Rida, Mup3, Col14a1, Serpina1d, Pigr, Gdf10, Bgn, Saa2, Reln, Ostc, Ndufa4, Gls2, Ahsg, Pck1, Clec2h, Cxcl12, Cyp2f2, Prelp, Mup12, Septin4, Ifitm1, Hsd17b6, Hsd17b13, Plvap, Uox, Sec61g, Cox4i1, Mdh1, Trf, Fbp1, Tstd1, Gm31583",CELLxGENE Discover (spatial; excluded from Census API),45a4966b-3b49-45d3-9299-c7c3df76737e,visium_spatial_spot,spatial_anatomical,"Mouse liver Visium spots; cell-type labels from the Liver Cell Atlas paired snRNA reference mapped onto spatial spots, anchored by hepatic zonation (periportal/pericentral) anatomy.",Guilliams et al. 2022 Cell DOI:10.1016/j.cell.2021.12.018 (GSE192742; livercellatlas.org),2022-01-13,,False,2026-06-17,low,lineage_or_subtype,data/raw/liver_mouse_spatial.h5ad,scanpy.rank_genes_groups[wilcoxon]+autozyme,75,stromal,spatial_hard,boost,wrong,correct,boost100_extension,64
retina_fetal_multiome_2024__GABAergic_amacrine_cell,retina_fetal_multiome_2024,eye,human,GABAergic amacrine cell,Retinal neural,hard,rare_or_state,GABAergic;amacrine,2,"PDE3A, MIR181A1HG, MYT1L, ASIC2, GRM8, CACNA1D, PAUPAR, ZNF385D, TFAP2A, GRIA4, FRMD5, MDGA2, CELF4, GAD2, DOCK4, AFF3, ADGRL3, TFAP2B, TENM1, PDE4D, MEIS2, NRP1, PLCL1, SCN2A, ANKRD28, RBFOX2, DNM3, NRG3, KIRREL3, PDZD2, ARHGAP44, NHS, FTX, NBEA, SCN3A, KLHL5, PLPPR1, DCC, RYR3, RUNX1T1, ZFPM2, TMEM178B, FGF14, PDE7B, NEGR1, ATRNL1, DSCAM, RASGEF1B, LHFPL6, ENSG00000274265",CELLxGENE Census 2025-11-08,963a08cb-d995-4862-9614-f9d38a7d7540,multiome_atac,orthogonal_molecular,Developing retina dual-omic RNA plus ATAC; labels validated with developmental markers and overlaid on adult retina reference atlas.,Zuo et al. 2024 Nat Commun DOI:10.1038/s41467-024-50853-5,2024-08-09,2025-07-21,False,2026-06-17,medium,lineage_or_subtype,data/raw/retina_fetal_multiome_2024.h5ad,scanpy.rank_genes_groups[wilcoxon]+autozyme,100,neural,near_neighbor_state,basic,correct,missing,boost100_extension,65
retina_fetal_multiome_2024__midget_ganglion_cell_of_retina,retina_fetal_multiome_2024,eye,human,Midget retinal ganglion cell,Retinal neural,hard,rare_or_state,midget ganglion/midget RGC;retinal ganglion/RGC,2,"RBPMS, ANK2, EPHA6, NEFM, CLSTN2, TMEM163, EBF1, TENM4, ELAVL4, LRFN5, DSCAM, GAP43, SCN9A, ASTN2, SNHG14, EBF3, EPB41L3, CCSER1, NTNG1, KLHL1, TUBA1A, DLGAP1, ELAVL2, RTN1, SNCA, MAP1B, PAM, MEG3, PTPRN2, SLIT1, NEFL, INA, SNCG, BRINP1, GPR149, LINC02223, STMN2, FAR2, SERPINE2, TUBB3, UCHL1, CTNNA2, CACNA1B, CPEB2, HMGCS1, SYT4, HS3ST5, LUZP2, OLFM1, SLC17A6",CELLxGENE Census 2025-11-08,963a08cb-d995-4862-9614-f9d38a7d7540,multiome_atac,orthogonal_molecular,Developing retina dual-omic RNA plus ATAC; labels validated with developmental markers and overlaid on adult retina reference atlas.,Zuo et al. 2024 Nat Commun DOI:10.1038/s41467-024-50853-5,2024-08-09,2025-07-21,False,2026-06-17,medium,lineage_or_subtype,data/raw/retina_fetal_multiome_2024.h5ad,scanpy.rank_genes_groups[wilcoxon]+autozyme,100,neural,near_neighbor_state,frontier,missing,missing,boost100_extension,66
retina_fetal_multiome_2024__retina_horizontal_cell,retina_fetal_multiome_2024,eye,human,Retina horizontal cell,Retinal neural,medium,subtype_resolution,horizontal cell/retina horizontal,1,"ONECUT1, ONECUT2, CNTN4, TPM3, TANC1, ZEB2, MAGI1, NDST3, PCSK6, ROBO1, SYN3, NTRK2, PROX1, ONECUT3, NKAIN2, TFAP2B, RYR3, XKR4, KCNJ3, CACNG3, AFF3, PLXNA2, CSMD1, LINC03051, ENSG00000259203, THSD7A, DOCK10, SOX4, UTRN, ERC1, EFNA5, MEGF10, PTPRD, DOCK4, CASC15, ADARB2, TNR, STMN2, MEGF11, MEIS1, LSAMP, HECW1, GRIA4, KCNIP1, GRIA3, MAGI2, RUNX1T1, NALF1, MALT1, NHSL1",CELLxGENE Census 2025-11-08,963a08cb-d995-4862-9614-f9d38a7d7540,multiome_atac,orthogonal_molecular,Developing retina dual-omic RNA plus ATAC; labels validated with developmental markers and overlaid on adult retina reference atlas.,Zuo et al. 2024 Nat Commun DOI:10.1038/s41467-024-50853-5,2024-08-09,2025-07-21,False,2026-06-17,medium,lineage_or_subtype,data/raw/retina_fetal_multiome_2024.h5ad,scanpy.rank_genes_groups[wilcoxon]+autozyme,100,neural,subtype_resolution,frontier,missing,missing,boost100_extension,67
retina_fetal_multiome_2024__retinal_rod_cell,retina_fetal_multiome_2024,eye,human,Rod photoreceptor,Retinal neural,easy,canonical_lineage,rod/photoreceptor,1,"MARCHF1, EPB41L2, RCVRN, EPS8, NR2E3, PTPN13, ANO2, TMEM244, PDC, USH2A, EYS, ADGRV1, RP1, DMD, ANKRD33B, AIPL1, NTM, TMEM108, NRL, RALGPS2, ABCA4, KANK1, MYO9A, FAM161A, BAZ2B, CADM2, DOCK8, BBS9, EGFLAM, PROM1, KIAA1217, IMPG2, ZNF385B, NRG1, OTX2, PRKACB, UBXN4, IQSEC1, OTX2-AS1, MAK, GALNT13, TAFA4, ARL6, MPPED2, PTPRZ1, PAG1, RASGRF2, FSTL5, ABCA1, CCDC60",CELLxGENE Census 2025-11-08,963a08cb-d995-4862-9614-f9d38a7d7540,multiome_atac,orthogonal_molecular,Developing retina dual-omic RNA plus ATAC; labels validated with developmental markers and overlaid on adult retina reference atlas.,Zuo et al. 2024 Nat Commun DOI:10.1038/s41467-024-50853-5,2024-08-09,2025-07-21,False,2026-06-17,medium,lineage_or_subtype,data/raw/retina_fetal_multiome_2024.h5ad,scanpy.rank_genes_groups[wilcoxon]+autozyme,100,neural,canonical,basic,correct,missing,boost100_extension,68
retina_fetal_multiome_2024__rod_bipolar_cell,retina_fetal_multiome_2024,eye,human,Rod bipolar cell,Retinal neural,hard,rare_or_state,rod bipolar;bipolar,1,"SAMD5, TRPM1, ENSG00000227681, SYNE1, GRM5, NETO1, MACROD2, DOK6, KHDRBS3, LRRC7, PRDM8, PRKCE, FRMD3, CADPS, LRRTM4, GRM6, MTUS2, VSX1, ZNF804B, GNAO1, KCNMA1, PGM5, GABRR2, ST18, DLG2, CCDC88A, NTNG1, ADGRL2, ANK3, FMN1, ENSG00000287976, CA10, SLC4A10, FSTL5, PRELID2, SAMSN1, SERPINI1, DSCAML1, SASH1, RIMS2, FAM135B, TMEM132D, ZFHX4, GRID1, MCC, AGAP1, ATP2B1, PTPRT, ISL1-DT, KCNH5",CELLxGENE Census 2025-11-08,963a08cb-d995-4862-9614-f9d38a7d7540,multiome_atac,orthogonal_molecular,Developing retina dual-omic RNA plus ATAC; labels validated with developmental markers and overlaid on adult retina reference atlas.,Zuo et al. 2024 Nat Commun DOI:10.1038/s41467-024-50853-5,2024-08-09,2025-07-21,False,2026-06-17,medium,lineage_or_subtype,data/raw/retina_fetal_multiome_2024.h5ad,scanpy.rank_genes_groups[wilcoxon]+autozyme,100,neural,near_neighbor_state,basic,correct,missing,boost100_extension,69
retina_fetal_multiome_2024__starburst_amacrine_cell,retina_fetal_multiome_2024,eye,human,Starburst amacrine cell,Retinal neural,hard,rare_or_state,starburst;amacrine,2,"RELN, ADAMTS18, ANKRD28, MEGF10, SOX2-OT, PRLR, RBFOX1, PDE11A, CNTN5, SLIT2, NSG2, MAGI2, RALYL, CHAT, PCDH9, CACNA1A, CACNB4, SPOCK1, POU6F2, PTPRR, FAT3, PCDH7, RASGEF1B, PLXNA2, FMNL2, PCLO, PPFIA2, RIMS1, GRIN2A, ENSG00000239381, CNTN3, GALNT15, LINC01414, PPFIBP1, GRIA4, LAMB1, KCNK2, SLC26A5-AS1, ENSG00000188897, PCDH9-AS2, DAPK1, ENOX1, SYT6, RAPGEF4, HOMER2, ANKRD44, SEMA6A, ANTXR1, HIVEP2, LRRTM4",CELLxGENE Census 2025-11-08,963a08cb-d995-4862-9614-f9d38a7d7540,multiome_atac,orthogonal_molecular,Developing retina dual-omic RNA plus ATAC; labels validated with developmental markers and overlaid on adult retina reference atlas.,Zuo et al. 2024 Nat Commun DOI:10.1038/s41467-024-50853-5,2024-08-09,2025-07-21,False,2026-06-17,medium,lineage_or_subtype,data/raw/retina_fetal_multiome_2024.h5ad,scanpy.rank_genes_groups[wilcoxon]+autozyme,100,neural,near_neighbor_state,basic,correct,missing,boost100_extension,70
skeletal_muscle_2024__skeletal_muscle_satellite_stem_cell,skeletal_muscle_2024,skeletal muscle,human,Satellite cell,Skeletal muscle,hard,rare_or_state,satellite/muscle stem/PAX7/myogenic progenitor,1,"SPARCL1, EEF1A1, MEG3, APOC1, APOE, PTMA, RACK1, IGFBP5, SLC25A6, NACA, HSPA1B, BTG1, HSP90AA1, CXCL14, HSP90AB1, FAU, SAT1, IFITM3, ACTB, FOS, VIM, DUSP1, DNAJB1, EEF1D, HSPA1A, DLK1, JUN, APP, NOP53, EEF2, IFITM2, TCEAL9, MYF5, JUNB, NPM1, ACTG1, TMSB10, EIF1, PPP1R14B, CALM2, KLF2, RHOB, PON2, CD63, UBA52, HSPE1, BTF3, HNRNPA1, EEF1B2, H3-3A","CELLxGENE Census 2025-11-08 (Skeletal muscle ageing atlas, Nat Aging 2024)",10.1038/s43587-024-00613-3,snrna_visium_spatial,spatial_anatomical,snRNA + Visium spatial localizes myofiber/niche types,Kedlian Nat Aging 2024,2024,2024,True,2026-06-17,low,type,data/raw/skeletal_muscle_2024.h5ad,scanpy.rank_genes_groups[wilcoxon]+autozyme,120,parenchymal,near_neighbor_state,basic,correct,missing,boost100_extension,71
skeletal_muscle_2024__tendon_cell,skeletal_muscle_2024,skeletal muscle,human,Tenocyte,Stromal,hard,rare_or_state,tenocyte/tendon cell/SCX/tendon fibroblast,1,"DCN, APOD, THBS4, GSN, PRELP, FBLN1, AEBP1, MYOC, LHFPL6, CALD1, RARRES1, SERPING1, FMOD, COL6A2, SERPINF1, GPX3, TSHZ2, C1R, IGFBP7, C1S, COL6A3, LRP1, TIMP3, COL1A2, TMSB4X, COL6A1, LUM, TACC1, ITM2B, CFH, EMP1, NTRK2, THBS1, STEAP2, MGP, COL12A1, PRRX1, CCN2, LEPR, COL1A1, TCF4, S100A6, IGFBP6, CYBRD1, TIMP2, FSTL1, TAGLN, COMP, ABCA6, MFGE8","CELLxGENE Census 2025-11-08 (Skeletal muscle ageing atlas, Nat Aging 2024)",10.1038/s43587-024-00613-3,snrna_visium_spatial,spatial_anatomical,snRNA + Visium spatial localizes myofiber/niche types,Kedlian Nat Aging 2024,2024,2024,True,2026-06-17,low,type,data/raw/skeletal_muscle_2024.h5ad,scanpy.rank_genes_groups[wilcoxon]+autozyme,120,stromal,near_neighbor_state,boost,partial,correct,boost100_extension,72
thymus_spatial_2024__cortical_thymic_epithelial_cell,thymus_spatial_2024,thymus,human,Cortical thymic epithelial cell,Thymic epithelial,hard,subtype_resolution,cortical TEC/cTEC/PSMB11/PRSS16;thymic epithelial,1,"CCL25, PRSS16, CTSV, PLTP, GNG11, TSC22D1, TBATA, PSMB11, CST3, S100A14, PEMT, PITHD1, HLA-DQB1, MDK, PDLIM1, CALML3, CXCL12, FABP5, PAX1, LY75, RAB42, ZBED2, BCAS4, CD74, SLC46A2, SOD1, COX7A1, KRT5, NUPR1, SQSTM1, ETFB, PLEK2, HLA-DPB1, ALDH2, RBP5, PSIP1, C20orf204, PSMB5, HMG20B, PGAM2, CLTA, PRDX5, PASK, TP53AIP1, HLA-DPA1, PSMB6, MGMT, SAA1, HLA-DQA1, HLA-DRA",CELLxGENE Census 2025-11-08 (Spatial human thymus atlas),10.1126/science.adn5864,spatial_transcriptomic,spatial_anatomical,spatial atlas mapped to continuous cortico-medullary axis backs TEC identity,spatial human thymus atlas,2024,2024,True,2026-06-17,low,type,data/raw/thymus_spatial_2024.h5ad,scanpy.rank_genes_groups[wilcoxon]+autozyme,120,epithelial,subtype_resolution,basic,correct,missing,boost100_extension,73
thymus_spatial_2024__corticomedullary_thymic_epithelial_cell,thymus_spatial_2024,thymus,human,Corticomedullary thymic epithelial cell,Thymic epithelial,hard,rare_or_state,corticomedullary TEC/junctional TEC/cmTEC;thymic epithelial,1,"MIR205HG, TSC22D1, APLP2, IFITM3, KRT19, PLTP, KRT17, BST2, ISYNA1, KRT14, ZBED2, DST, GADD45B, JUNB, ANXA2, CTSV, RACK1, CEBPD, FN1, KRT5, PIK3R1, THY1, NBL1, COL17A1, CCL25, PDLIM1, S100A10, CRIPTO, RBBP8, EGR1, GAS5, ANXA1, ITM2B, ZYX, SOCS3, MZT2B, PLPP3, IGFBP6, H3-3B, ACTA2, TRIP6, ZFP36L2, ZFP36, CCL2, PAX1, BCAM, MDK, MEG3, C1S, FOSB",CELLxGENE Census 2025-11-08 (Spatial human thymus atlas),10.1126/science.adn5864,spatial_transcriptomic,spatial_anatomical,spatial atlas mapped to continuous cortico-medullary axis backs TEC identity,spatial human thymus atlas,2024,2024,True,2026-06-17,low,type,data/raw/thymus_spatial_2024.h5ad,scanpy.rank_genes_groups[wilcoxon]+autozyme,120,epithelial,near_neighbor_state,boost,partial,correct,boost100_extension,74
thymus_spatial_2024__medullary_thymic_epithelial_cell_type_1,thymus_spatial_2024,thymus,human,Medullary thymic epithelial cell (mTEC I),Thymic epithelial,hard,subtype_resolution,medullary TEC/mTEC/AIRE;thymic epithelial;mTEC I/type 1,1,"CCL19, KRT15, CLU, FN1, B2M, ANGPT2, IFITM3, BCAM, BST2, KRT17, IFITM1, MIR205HG, CCDC3, HLA-A, HLA-C, SH3BP5, CH25H, KRT13, HLA-B, SAA1, SOCS3, XAF1, SGK1, FXYD6, CXCL14, KRT19, ARID5B, SCARA3, PAX9, LYPD1, KRT14, ASCL1, APOE, HLA-E, KRT5, STOM, FLRT3, SOD2, CD74, PRRX1, STAT1, GPX4, CLIP3, GABRA5, CD9, MX1, BEND5, FXYD2, LY6E, BHLHE40",CELLxGENE Census 2025-11-08 (Spatial human thymus atlas),10.1126/science.adn5864,spatial_transcriptomic,spatial_anatomical,spatial atlas mapped to continuous cortico-medullary axis backs TEC identity,spatial human thymus atlas,2024,2024,True,2026-06-17,low,type,data/raw/thymus_spatial_2024.h5ad,scanpy.rank_genes_groups[wilcoxon]+autozyme,120,epithelial,spatial_hard,boost,wrong,correct,boost100_extension,75
thymus_spatial_2024__myo_medullary_thymic_epithelial_cell,thymus_spatial_2024,thymus,human,Myoid mimetic mTEC,Thymic epithelial,hard,rare_or_state,myoid TEC/myo-medullary/muscle mimetic/myoid cell;thymic epithelial/mTEC,1,"KLHL41, TPM2, NNAT, MYOG, NEB, MYL5, ACTC1, TTN, TNNT1, PDLIM3, TNNI1, MYL4, TNNT3, EMC10, COX6A2, TNNT2, MYREM, RBP1, MEF2C, CKM, DES, PPP1R14B, TPM1, BLCAP, STAC3, MEG3, SELENOW, MYH3, ACTA1, SMPX, MYL11, TNNI2, RASSF4, FITM1, TNNC2, SLN, MYL1, ARPP21, DMPK, NES, CKB, TRDN, FILIP1, TRIM55, ERBB3, COBL, MEGF10, AKAP9, HSPB3, RBM24",CELLxGENE Census 2025-11-08 (Spatial human thymus atlas),10.1126/science.adn5864,spatial_transcriptomic,spatial_anatomical,spatial atlas mapped to continuous cortico-medullary axis backs TEC identity,spatial human thymus atlas,2024,2024,True,2026-06-17,low,type,data/raw/thymus_spatial_2024.h5ad,scanpy.rank_genes_groups[wilcoxon]+autozyme,120,epithelial,spatial_hard,boost,wrong,correct,boost100_extension,76
thymus_spatial_2024__neuro_medullary_thymic_epithelial_cell,thymus_spatial_2024,thymus,human,Neuroendocrine mimetic mTEC,Thymic epithelial,hard,rare_or_state,neuroendocrine TEC/neuro-medullary/neuroendocrine mimetic;thymic epithelial/mTEC,1,"TUBA1A, CFAP298, GNG8, NEUROD1, CALM1, STMN1, NHLH1, TUBB3, HES6, MAP1B, TUBB2B, KIF19, PCBP4, KLHL35, BEX1, TAGLN3, PRXL2A, STMN2, RTN1, GKAP1, BASP1, TUBB4B, HIGD1B, MYO6, CIB2, NRXN1, PEG10, UCHL1, SOX4, METRN, CHGB, POU4F1, SOX11, ARHGAP36, SSTR2, TCF4, NICOL1, PCSK1N, DUSP26, PEBP1, KIF1A, CACNA1A, MIAT, NPDC1, ARL4C, EZR, IGFBPL1, HSP90AA1, CDH2, TSPAN13",CELLxGENE Census 2025-11-08 (Spatial human thymus atlas),10.1126/science.adn5864,spatial_transcriptomic,spatial_anatomical,spatial atlas mapped to continuous cortico-medullary axis backs TEC identity,spatial human thymus atlas,2024,2024,True,2026-06-17,low,type,data/raw/thymus_spatial_2024.h5ad,scanpy.rank_genes_groups[wilcoxon]+autozyme,120,epithelial,near_neighbor_state,basic,correct,missing,boost100_extension,77
ureter_spatial_2022__intermediate_cell_of_urothelium,ureter_spatial_2022,ureter,human,Intermediate urothelial cell,Urothelial,hard,rare_or_state,intermediate urothelial/intermediate urothelium;urothelial,1,"CLDN1, LYPD3, TESC, DHRS2, GMNN, MAST4, GPX2, SQLE, ZNF750, CRABP2, FXYD3, C11orf96, BBLN, GDF15, UPK1B, FABP5, GPR15LG, LDHB, NRARP, PMAIP1, SDC1, DAPP1, AREG, EMP2, CSTB, PHLDA2, IFITM10, AKR1C2, CTSC, OCLN, KLF5, NECTIN1, MSMO1, CLDN4, MDM2, LINC00511, GADD45A, KRT19, TMEM40, PVALB, UPK3BL1, SFN, NECTIN4, FBLN1, GCLC, HES4, BTG2, RAP2B, ITPKC, BCL6",CELLxGENE Census 2025-11-08 (urothelium: basal/intermediate/umbrella),10.1016/j.devcel.2022.07.004,spatial_visium,spatial_anatomical,scRNA+Visium+IF; urothelial basal/intermediate/umbrella spatially mapped (Dev Cell 2022),urothelium: basal/intermediate/umbrella,2022,2022,True,2026-06-17,low,type,data/raw/ureter_spatial_2022.h5ad,scanpy.rank_genes_groups[wilcoxon]+autozyme,120,epithelial,near_neighbor_state,basic,correct,missing,boost100_extension,78
ureter_spatial_2022__urothelial_cell,ureter_spatial_2022,ureter,human,Urothelial cell,Kidney epithelial,medium,subtype_resolution,urothelial/urothelium/uroepithelial,1,"MT2A, SERPINA1, CDHR5, SELENOP, IL32, APOA4, MT1G, PHGR1, TM4SF4, APOA1, ANPEP, LGALS4, APOC3, FABP2, TM4SF5, DPEP1, PRAP1, ALDOB, MT1H, SMIM24, FKBP5, MUC13, FABP1, CDHR2, MT1E, PCK1, AMN, GUCA2A, ZG16, GUCA2B, S100A10, APOB, RBP2, PRR13, MYO15B, IER2, SLC5A1, MEP1A, FABP6, CLDN3, UGT2B17, TSPAN8, AOC1, SGK1, KRT20, MUC17, SLC6A19, MGAM, CYP3A4, MTTP",CELLxGENE Census 2025-11-08 (urothelium: basal/intermediate/umbrella),10.1016/j.devcel.2022.07.004,spatial_visium,spatial_anatomical,scRNA+Visium+IF; urothelial basal/intermediate/umbrella spatially mapped (Dev Cell 2022),urothelium: basal/intermediate/umbrella,2022,2022,True,2026-06-17,low,type,data/raw/ureter_spatial_2022.h5ad,scanpy.rank_genes_groups[wilcoxon]+autozyme,120,epithelial,spatial_hard,boost,wrong,correct,boost100_extension,79
wells_lymph_node__CD16_negative_CD56_bright_natural_killer_cell_human,wells_lymph_node,lymph_node,human,CD56-bright NK cell,NK cell,hard,subtype_resolution,CD56-bright/CD56bright/immature NK/regulatory NK;NK/natural killer,2,"CMC1, CD7, NKG7, KLRD1, TYROBP, KLRB1, IL2RB, FCER1G, CCL3, IFITM2, CD247, IFITM1, KLRF1, CEBPD, XCL2, GZMA, XCL1, GSTP1, CTSW, CST7, MATK, CCL4, KLRK1, ARHGAP9, AOAH, CD160, NFKBIA, IER2, CLIC3, PRF1, IRF1, HCST, EOMES, CD81, H3-3B, MAPK1, GZMM, ZFP36, ALOX5AP, PIK3R1, MCTP2, STK17A, SPRY2, UBB, SRGN, PFN1, APMAP, RHOC, FYN, ADGRE5",CELLxGENE Census 2025-11-08,1b350d0a-4535-4879-beb6-1142f3f94947,cite_seq_protein,orthogonal_molecular,CITE-seq multimodal classifier used RNA plus ADT protein labels across tissues; strong but not pure protein gating.,Wells et al. 2025 Nat Immunol DOI:10.1038/s41590-025-02241-4,2025-06-18,,True,2026-06-17,low,subtype,data/raw/wells_lymph_node.h5ad,scanpy.rank_genes_groups[wilcoxon]+autozyme,1500,immune,subtype_resolution,frontier,partial,,boost100_extension,80
wells_lymph_node__CD16_positive_CD56_dim_natural_killer_cell_human,wells_lymph_node,lymph_node,human,CD56-dim NK cell,NK cell,hard,subtype_resolution,CD56-dim/CD56dim/CD16-positive/cytotoxic NK;NK/natural killer,2,"NKG7, PRF1, GNLY, GZMB, CST7, FCGR3A, CTSW, FGFBP2, SPON2, KLRD1, EFHD2, CD247, ITGB2, CCL4, TYROBP, GZMA, HLA-C, CD7, CCL5, IFITM2, ARL4C, IFITM1, HLA-A, CYBA, HOPX, GNG2, B2M, S1PR5, ABHD17A, CLIC3, FCER1G, PFN1, FLNA, CCL3, ZEB2, GZMH, LITAF, HLA-E, ADGRG1, KLRF1, HLA-B, GZMM, S100A4, TGFB1, HCST, IL2RB, SH3BGRL3, TBX21, PTPRC, KLRK1",CELLxGENE Census 2025-11-08,1b350d0a-4535-4879-beb6-1142f3f94947,cite_seq_protein,orthogonal_molecular,CITE-seq multimodal classifier used RNA plus ADT protein labels across tissues; strong but not pure protein gating.,Wells et al. 2025 Nat Immunol DOI:10.1038/s41590-025-02241-4,2025-06-18,,True,2026-06-17,low,subtype,data/raw/wells_lymph_node.h5ad,scanpy.rank_genes_groups[wilcoxon]+autozyme,1030,immune,subtype_resolution,basic,correct,,boost100_extension,81
wells_lymph_node__CD4_positive_CD25_positive_alpha_beta_regulatory_T_cell,wells_lymph_node,lymph_node,human,Regulatory T cell,CD4 T cell,hard,rare_or_state,regulatory/Treg/FOXP3/CD25;CD4,2,"IKZF2, FOXP3, CTLA4, IL32, CD3D, FYB1, CD3E, LEF1, TIGIT, LTB, SOD1, SPOCK2, FXYD5, RGS1, BATF, LCK, CD27, SARAF, LDHB, C12orf57, ARID5B, FCMR, ETS1, IL6ST, SELL, SKAP1, SESN3, PBXIP1, HSPA8, SAMHD1, RTKN2, EVL, CD5, CD2, DGKA, PTPRC, TBC1D4, ICOS, IL2RA, BCL11B, ITK, CD3G, RCAN3, S100A4, CD28, LBH, CD247, MAL, FOXP1, CHRM3-AS2",CELLxGENE Census 2025-11-08,1b350d0a-4535-4879-beb6-1142f3f94947,cite_seq_protein,orthogonal_molecular,CITE-seq multimodal classifier used RNA plus ADT protein labels across tissues; strong but not pure protein gating.,Wells et al. 2025 Nat Immunol DOI:10.1038/s41590-025-02241-4,2025-06-18,,True,2026-06-17,low,subtype,data/raw/wells_lymph_node.h5ad,scanpy.rank_genes_groups[wilcoxon]+autozyme,1500,immune,near_neighbor_state,basic,correct,,boost100_extension,82
wells_lymph_node__CD8_positive_alpha_beta_memory_T_cell,wells_lymph_node,lymph_node,human,Memory CD8 T cell,CD8 T cell,medium,subtype_resolution,memory;CD8/CD8-positive,2,"CCL5, CD8A, CD8B, CD3E, SRSF7, KLRK1, PARP8, TNFAIP3, ZFP36L2, JUND, IL7R, FYN, KLF6, CD3D, BTG1, IL32, SARAF, B2M, EIF1, TSPYL2, DUSP2, FOSB, ZFP36, JUN, MYADM, JUNB, PNRC1, CD2, CD69, PPP1R15A, CXCR4, UBC, PTGER4, IDS, LEPROTL1, ANXA1, CST7, HLA-A, CCNH, CD96, SYTL3, DDX24, SRGN, CBLB, H3-3B, NR4A2, MCL1, DNAJB1, ADGRE5, DUSP1",CELLxGENE Census 2025-11-08,1b350d0a-4535-4879-beb6-1142f3f94947,cite_seq_protein,orthogonal_molecular,CITE-seq multimodal classifier used RNA plus ADT protein labels across tissues; strong but not pure protein gating.,Wells et al. 2025 Nat Immunol DOI:10.1038/s41590-025-02241-4,2025-06-18,,True,2026-06-17,low,subtype,data/raw/wells_lymph_node.h5ad,scanpy.rank_genes_groups[wilcoxon]+autozyme,1500,immune,buried_marker,boost,partial,correct,boost100_extension,83
wells_lymph_node__central_memory_CD4_positive_alpha_beta_T_cell,wells_lymph_node,lymph_node,human,Central memory CD4 T cell,CD4 T cell,hard,rare_or_state,central memory/Tcm/CM;CD4,2,"FYB1, TPT1, LDHB, SARAF, CD3E, LEF1, TCF7, CD3D, EEF1A1, IL7R, EEF1B2, FXYD5, SELL, NACA, CD3G, IL6ST, MAL, GAS5, ITK, TOMM7, LTB, CD6, LEPROTL1, BCL11B, NOP53, UBA52, FAU, NOSIP, JUNB, PABPC1, RACK1, ICOS, EEF1D, CCR7, CD40LG, GIMAP7, CAMK4, INPP4B, IFITM1, SPOCK2, C12orf57, DNAJB1, EEF1G, SOCS3, FOXP1, SLC2A3, CD28, RGCC, GPR183, SOD1",CELLxGENE Census 2025-11-08,1b350d0a-4535-4879-beb6-1142f3f94947,cite_seq_protein,orthogonal_molecular,CITE-seq multimodal classifier used RNA plus ADT protein labels across tissues; strong but not pure protein gating.,Wells et al. 2025 Nat Immunol DOI:10.1038/s41590-025-02241-4,2025-06-18,,True,2026-06-17,low,subtype,data/raw/wells_lymph_node.h5ad,scanpy.rank_genes_groups[wilcoxon]+autozyme,1500,immune,buried_marker,boost,partial,correct,boost100_extension,84
wells_lymph_node__central_memory_CD8_positive_alpha_beta_T_cell,wells_lymph_node,lymph_node,human,Central memory CD8 T cell,CD8 T cell,hard,rare_or_state,central memory/Tcm/CM;CD8,2,"CD8B, CD8A, ANXA1, TPT1, EEF1A1, RGCC, IL7R, SELL, CD3D, IL32, TOB1, CD3E, GATA3, SARAF, LDHB, LEPROTL1, NOSIP, NDFIP1, ARL4C, LIME1, CD3G, ZFP36L2, ITK, LEF1, SPOCK2, TNFAIP3, FAM107B, LMNA, KLF2, GPR171, RACK1, UBA52, KLRK1, BCL11B, YBX3, S100A10, NOP53, VIM, GAS5, NELL2, CD2, S100A4, LTB, S100A6, PPP2R5C, CD5, CCR7, EEF1G, SORL1, EZR",CELLxGENE Census 2025-11-08,1b350d0a-4535-4879-beb6-1142f3f94947,cite_seq_protein,orthogonal_molecular,CITE-seq multimodal classifier used RNA plus ADT protein labels across tissues; strong but not pure protein gating.,Wells et al. 2025 Nat Immunol DOI:10.1038/s41590-025-02241-4,2025-06-18,,True,2026-06-17,low,subtype,data/raw/wells_lymph_node.h5ad,scanpy.rank_genes_groups[wilcoxon]+autozyme,1500,immune,buried_marker,boost,partial,correct,boost100_extension,85
wells_lymph_node__effector_memory_CD4_positive_alpha_beta_T_cell,wells_lymph_node,lymph_node,human,Effector memory CD4 T cell,CD4 T cell,hard,rare_or_state,effector memory/Tem/EM;CD4,2,"IL32, CD3D, CD3E, LTB, FYB1, GIMAP7, CD3G, B2M, CD2, S100A4, TMSB4X, CD6, LCK, DNAJB1, CD52, GIMAP4, GSTK1, LAT, FXYD5, CD5, EVL, SPOCK2, LDHB, HSPA1B, CD40LG, ITM2A, HSPA8, GMFG, IFITM1, TRAC, IL7R, MYL12A, SH3BGRL3, INPP4B, HLA-A, PLAAT4, CD48, TOMM7, HSPB1, BCL11B, GIMAP5, TRAT1, JUNB, TPT1, HNRNPLL, CD4, PTPRC, ACAP1, TCF7, ITM2B",CELLxGENE Census 2025-11-08,1b350d0a-4535-4879-beb6-1142f3f94947,cite_seq_protein,orthogonal_molecular,CITE-seq multimodal classifier used RNA plus ADT protein labels across tissues; strong but not pure protein gating.,Wells et al. 2025 Nat Immunol DOI:10.1038/s41590-025-02241-4,2025-06-18,,True,2026-06-17,low,subtype,data/raw/wells_lymph_node.h5ad,scanpy.rank_genes_groups[wilcoxon]+autozyme,1500,immune,buried_marker,boost,wrong,correct,boost100_extension,86
wells_lymph_node__effector_memory_CD4_positive_alpha_beta_T_cell_terminally_differentiated,wells_lymph_node,lymph_node,human,Terminally differentiated EM CD4 T cell (TEMRA),CD4 T cell,hard,rare_or_state,terminally differentiated/TEMRA;CD4,2,"NKG7, GNLY, PRF1, FGFBP2, GZMB, CST7, CCL4, CD247, CCL5, GZMA, GZMH, SPON2, S100A4, ITGB2, HLA-C, EFHD2, ADGRG1, CTSW, FLNA, TBX21, HOPX, IFITM1, FCGR3A, B2M, ABHD17A, ZEB2, IL2RG, SH3BGRL3, S1PR5, ARL4C, GZMM, PFN1, HLA-E, SYNE2, KLRD1, HSPA1B, HSPA1A, PXN, CX3CR1, SYNE1, SPN, GNG2, IL32, SELPLG, GIMAP7, PTPRC, HCST, HLA-B, HLA-A, IFITM2",CELLxGENE Census 2025-11-08,1b350d0a-4535-4879-beb6-1142f3f94947,cite_seq_protein,orthogonal_molecular,CITE-seq multimodal classifier used RNA plus ADT protein labels across tissues; strong but not pure protein gating.,Wells et al. 2025 Nat Immunol DOI:10.1038/s41590-025-02241-4,2025-06-18,,True,2026-06-17,low,subtype,data/raw/wells_lymph_node.h5ad,scanpy.rank_genes_groups[wilcoxon]+autozyme,219,immune,near_neighbor_state,frontier,wrong,,boost100_extension,87
wells_lymph_node__effector_memory_CD8_positive_alpha_beta_T_cell,wells_lymph_node,lymph_node,human,Effector memory CD8 T cell,CD8 T cell,hard,rare_or_state,effector memory/Tem/EM/effector;CD8,2,"CCL5, CD8A, GZMK, IL32, CD8B, NKG7, CST7, B2M, HLA-C, HLA-A, CD3D, HLA-B, CD3E, GZMA, HCST, CTSW, DUSP2, GZMM, LYAR, SH3BGRL3, CCL4, CD3G, PTPRC, HLA-E, KLRK1, CD99, LCK, CD2, PCED1B-AS1, KLRG1, CALM1, LIME1, AHNAK, PLAAT4, FYN, SH2D1A, SRSF7, S100A4, CRTAM, PPP2R5C, SAMD3, DNAJB1, HLA-F, CMC1, PIK3R1, LAT, TMSB4X, ARL4C, S100A6, FLNA",CELLxGENE Census 2025-11-08,1b350d0a-4535-4879-beb6-1142f3f94947,cite_seq_protein,orthogonal_molecular,CITE-seq multimodal classifier used RNA plus ADT protein labels across tissues; strong but not pure protein gating.,Wells et al. 2025 Nat Immunol DOI:10.1038/s41590-025-02241-4,2025-06-18,,True,2026-06-17,low,subtype,data/raw/wells_lymph_node.h5ad,scanpy.rank_genes_groups[wilcoxon]+autozyme,1500,immune,near_neighbor_state,frontier,partial,,boost100_extension,88
wells_lymph_node__effector_memory_CD8_positive_alpha_beta_T_cell_terminally_differentiated,wells_lymph_node,lymph_node,human,Terminally differentiated EM CD8 T cell (TEMRA),CD8 T cell,hard,rare_or_state,terminally differentiated/TEMRA/CD45RA.*effector;CD8,2,"CCL5, CST7, GZMK, NKG7, CD8A, DUSP2, HLA-B, HLA-A, HLA-C, CCL4, HCST, IL32, CD3E, B2M, GZMA, CTSW, FYN, GZMM, TUBA4A, KLRD1, KLRK1, CD8B, CD3D, ZFP36L2, HLA-E, PTPRC, CALM1, CD99, CXCR4, PIK3R1, SRSF7, CMC1, LYAR, ZFP36, KLRG1, ZEB2, PPP2R5C, EIF1, NR4A2, PARP8, SRGN, ADGRE5, SYTL3, CRTAM, CD3G, PTP4A2, AOAH, LCK, CBLB, BTG1",CELLxGENE Census 2025-11-08,1b350d0a-4535-4879-beb6-1142f3f94947,cite_seq_protein,orthogonal_molecular,CITE-seq multimodal classifier used RNA plus ADT protein labels across tissues; strong but not pure protein gating.,Wells et al. 2025 Nat Immunol DOI:10.1038/s41590-025-02241-4,2025-06-18,,True,2026-06-17,low,subtype,data/raw/wells_lymph_node.h5ad,scanpy.rank_genes_groups[wilcoxon]+autozyme,1500,immune,buried_marker,boost,partial,correct,boost100_extension,89
wells_lymph_node__gamma_delta_T_cell,wells_lymph_node,lymph_node,human,Gamma-delta T cell,T cell,hard,rare_or_state,gamma-delta/gamma delta/gd T/γδ,1,"CCL5, NKG7, CST7, KLRD1, CTSW, IL32, HLA-C, HLA-A, TRDC, HLA-B, HCST, GZMA, CCL4, GZMK, DUSP2, CD3E, CD7, PRF1, PTPRC, FYN, PIK3R1, KLRK1, CD3D, KLRG1, B2M, SYTL3, TRBC1, GZMM, GNG2, KLRB1, CALM1, CD99, CXCR4, AOAH, LYAR, TGFB1, HLA-E, SRSF7, PPP2R5C, CBLB, XCL2, MCL1, PARP8, TRDV2, RUNX3, GABARAPL1, ADGRE5, HOPX, TRGV9, ZFP36",CELLxGENE Census 2025-11-08,1b350d0a-4535-4879-beb6-1142f3f94947,cite_seq_protein,orthogonal_molecular,CITE-seq multimodal classifier used RNA plus ADT protein labels across tissues; strong but not pure protein gating.,Wells et al. 2025 Nat Immunol DOI:10.1038/s41590-025-02241-4,2025-06-18,,True,2026-06-17,low,subtype,data/raw/wells_lymph_node.h5ad,scanpy.rank_genes_groups[wilcoxon]+autozyme,615,immune,near_neighbor_state,basic,correct,,boost100_extension,90
wells_lymph_node__germinal_center_B_cell,wells_lymph_node,lymph_node,human,Germinal center B cell,B cell,hard,rare_or_state,germinal center/GC B;B cell/B-cell,2,"ACTG1, ACTB, MS4A1, HLA-DRA, BASP1, CD74, GAPDH, CORO1A, CD79A, ARPC2, HLA-DQA1, HMGA1, HLA-DPA1, PARP1, HLA-DRB1, PFN1, HLA-DPB1, ARPC3, HMGN1, IRAG2, CD79B, CFL1, CD22, MARCKSL1, H3-3A, SWAP70, HLA-DMA, PRDX1, VPREB3, NCF1, HLA-DRB5, POU2AF1, ACTR3, HLA-DMB, CD19, MEF2C, HLA-DQB1, POLD4, SERF2, PPIA, ARPC1B, CD40, UBE2J1, TCL1A, LIMD2, OAZ1, FCRLA, SLC25A5, HMGB1, MEF2B",CELLxGENE Census 2025-11-08,1b350d0a-4535-4879-beb6-1142f3f94947,cite_seq_protein,orthogonal_molecular,CITE-seq multimodal classifier used RNA plus ADT protein labels across tissues; strong but not pure protein gating.,Wells et al. 2025 Nat Immunol DOI:10.1038/s41590-025-02241-4,2025-06-18,,True,2026-06-17,low,subtype,data/raw/wells_lymph_node.h5ad,scanpy.rank_genes_groups[wilcoxon]+autozyme,651,immune,buried_marker,boost,partial,correct,boost100_extension,91
wells_lymph_node__group_3_innate_lymphoid_cell,wells_lymph_node,lymph_node,human,Group 3 ILC,Innate lymphoid cell,hard,rare_or_state,ILC3/group 3 innate/innate lymphoid,1,"IL7R, AREG, FXYD5, NFKBIA, FOSB, DUSP1, TLE1, ZFP36, FOS, TNFAIP3, TSC22D3, PNRC1, KIT, PRR5, KLRB1, CITED2, TNFRSF25, ZFP36L1, CIRBP, RUNX2, JUND, TMIGD2, ZFAND5, ID2, IL1R1, MIR23AHG, SCN1B, SOX4, SEC11A, PCDH9, H1-10, ZFP36L2, AFF3, FKBP5, SMARCA2, SPRY1, TYROBP, CAT, LINC00299, NR4A1, FOXN3, CELF2, AHR, NRIP1, TMX4, TOB1, ADAM10, IER2, HNRNPA0, SSBP2",CELLxGENE Census 2025-11-08,1b350d0a-4535-4879-beb6-1142f3f94947,cite_seq_protein,orthogonal_molecular,CITE-seq multimodal classifier used RNA plus ADT protein labels across tissues; strong but not pure protein gating.,Wells et al. 2025 Nat Immunol DOI:10.1038/s41590-025-02241-4,2025-06-18,,True,2026-06-17,low,subtype,data/raw/wells_lymph_node.h5ad,scanpy.rank_genes_groups[wilcoxon]+autozyme,1500,other,buried_marker,boost,wrong,correct,boost100_extension,92
wells_lymph_node__immature_innate_lymphoid_cell,wells_lymph_node,lymph_node,human,Immature ILC,Innate lymphoid cell,hard,rare_or_state,innate lymphoid/ILC;immature/precursor,2,"GNLY, CTSW, KLRD1, IFITM2, XCL1, NKG7, XCL2, CD7, CMC1, BHLHE40, TYROBP, HOPX, PRF1, SELL, FCER1G, KLRC1, MATK, AREG, DUSP2, IL2RB, JAK1, KLRF1, NFKBIA, IFITM1, TNFRSF18, ITGAX, RIN3, TRDC, CD300A, GZMB, HCST, PLAC8, HSH2D, IFITM3, MAP3K8, CD44, EFHD2, KLRK1, TPST2, MAFF, MCTP2, HLA-A, IRF1, KLRC2, LY6E, IER2, CDC42SE1, TXK, NCAM1, GZMK",CELLxGENE Census 2025-11-08,1b350d0a-4535-4879-beb6-1142f3f94947,cite_seq_protein,orthogonal_molecular,CITE-seq multimodal classifier used RNA plus ADT protein labels across tissues; strong but not pure protein gating.,Wells et al. 2025 Nat Immunol DOI:10.1038/s41590-025-02241-4,2025-06-18,,True,2026-06-17,low,subtype,data/raw/wells_lymph_node.h5ad,scanpy.rank_genes_groups[wilcoxon]+autozyme,951,other,near_neighbor_state,basic,correct,,boost100_extension,93
wells_lymph_node__mast_cell,wells_lymph_node,lymph_node,human,Mast cell,Mast cell,easy,canonical_lineage,mast cell/mastocyte,1,"TPSAB1, CPA3, TPSB2, HPGDS, S100A6, GATA2, SRGN, IL1RL1, LAPTM4A, HPGD, ANXA1, FCER1G, TPSD1, VIM, KIT, AREG, CD63, ALOX5AP, GLUL, RHEX, MS4A2, S100A4, MIR23AHG, FOSB, CD9, H3-3B, CLIC1, VWA5A, CTSG, CD69, CAPG, RGS1, LGALS3, NFKBIZ, LTC4S, TIMP1, HDC, SLC18A2, RGS2, CST3, TYROBP, ARHGAP18, TNFAIP3, ITM2B, PLIN2, BACE2, ADCYAP1, EMP3, CLU, ANKRD28",CELLxGENE Census 2025-11-08,1b350d0a-4535-4879-beb6-1142f3f94947,cite_seq_protein,orthogonal_molecular,CITE-seq multimodal classifier used RNA plus ADT protein labels across tissues; strong but not pure protein gating.,Wells et al. 2025 Nat Immunol DOI:10.1038/s41590-025-02241-4,2025-06-18,,True,2026-06-17,low,subtype,data/raw/wells_lymph_node.h5ad,scanpy.rank_genes_groups[wilcoxon]+autozyme,600,other,canonical,basic,correct,,boost100_extension,94
wells_lymph_node__memory_B_cell,wells_lymph_node,lymph_node,human,Memory B cell,B cell,medium,subtype_resolution,memory;B cell/B-cell,2,"CD79A, MS4A1, HLA-DRA, CD37, BANK1, CD74, HLA-DPA1, HLA-DPB1, CD83, HLA-DRB1, HLA-DQA1, HLA-DQB1, IRF8, TNFRSF13C, RALGPS2, BLK, HLA-DRB5, LAPTM5, ADAM28, CD52, CD19, LY9, KLF2, ARHGAP24, SWAP70, MARCKS, LINC00926, VPREB3, CD79B, EZR, MEF2C, LY86, CD24, EEF1B2, HLA-DMA, P2RX5, TNFRSF13B, LINC01781, SMIM14, SYNGR2, FAU, NCF1, EEF1G, SEL1L3, MARCHF1, FCRLA, LYN, HLA-DMB, SPIB, RHOB",CELLxGENE Census 2025-11-08,1b350d0a-4535-4879-beb6-1142f3f94947,cite_seq_protein,orthogonal_molecular,CITE-seq multimodal classifier used RNA plus ADT protein labels across tissues; strong but not pure protein gating.,Wells et al. 2025 Nat Immunol DOI:10.1038/s41590-025-02241-4,2025-06-18,,True,2026-06-17,low,subtype,data/raw/wells_lymph_node.h5ad,scanpy.rank_genes_groups[wilcoxon]+autozyme,1500,immune,buried_marker,boost,partial,correct,boost100_extension,95
wells_lymph_node__mucosal_invariant_T_cell,wells_lymph_node,lymph_node,human,MAIT cell,T cell,hard,rare_or_state,MAIT/mucosal-associated invariant/mucosal invariant,1,"KLRB1, IL7R, CEBPD, TNFAIP3, NFKBIA, RORA, CD8A, CD69, S100A4, GZMK, DUSP2, SPOCK2, CCL5, IL32, KLRG1, NFKBIZ, NCR3, CST7, PARP8, PRF1, TRAV1-2, ZFP36, SLC4A10, ERN1, DUSP1, HLA-B, HLA-C, MYBL1, MCL1, ANXA1, CD3E, HLA-A, S100A6, GZMA, IFNGR1, SLC7A5, PPP1R15A, ARL4C, LINC01871, BTG1, FYN, CCL4, CXCR4, SRSF7, STAT4, SRGN, CD96, GPR65, JUND, PRR5",CELLxGENE Census 2025-11-08,1b350d0a-4535-4879-beb6-1142f3f94947,cite_seq_protein,orthogonal_molecular,CITE-seq multimodal classifier used RNA plus ADT protein labels across tissues; strong but not pure protein gating.,Wells et al. 2025 Nat Immunol DOI:10.1038/s41590-025-02241-4,2025-06-18,,True,2026-06-17,low,subtype,data/raw/wells_lymph_node.h5ad,scanpy.rank_genes_groups[wilcoxon]+autozyme,425,immune,near_neighbor_state,basic,correct,,boost100_extension,96
wells_lymph_node__plasma_cell,wells_lymph_node,lymph_node,human,Plasma cell,B cell,easy,canonical_lineage,plasma cell/plasmablast/antibody-secreting,1,"MZB1, SSR4, TXNDC5, DERL3, JCHAIN, XBP1, FKBP11, PRDX4, SEC11C, HSP90B1, FCRL5, IGKC, ITM2C, SPAG4, POU2AF1, HERPUD1, MYDGF, SSR3, IGHG1, RRBP1, HDLBP, SDF2L1, SPCS2, PDIA4, SDC1, TNFRSF17, HM13, IGLC1, FKBP2, ERLEC1, CD79A, PLPP5, CD38, LMAN1, CRELD2, PPIB, CHPF, LINC03034, PDIA6, UBE2J1, SEL1L3, IGHG3, SLAMF7, TRIB1, SPCS3, SELENOS, CLPTM1L, FNDC3B, MANF, SIL1",CELLxGENE Census 2025-11-08,1b350d0a-4535-4879-beb6-1142f3f94947,cite_seq_protein,orthogonal_molecular,CITE-seq multimodal classifier used RNA plus ADT protein labels across tissues; strong but not pure protein gating.,Wells et al. 2025 Nat Immunol DOI:10.1038/s41590-025-02241-4,2025-06-18,,True,2026-06-17,low,subtype,data/raw/wells_lymph_node.h5ad,scanpy.rank_genes_groups[wilcoxon]+autozyme,1500,immune,canonical,basic,correct,,boost100_extension,97
wells_lymph_node__progenitor_cell,wells_lymph_node,lymph_node,human,Progenitor cell,Progenitor,hard,rare_or_state,progenitor/precursor/CD34/stem,1,"SOX4, MED13L, IGFBP7, GSTP1, GSN, MACROH2A1, RUNX2, H3-3A, FLT3, SNHG29, BHLHE40, SPINK2, ZMIZ1, GLUL, MEF2C, AIF1, ACY3, ARMH1, AREG, LST1, DDIT4, H2AC6, PAK1, CAT, CAPG, MAP3K8, NFIL3, CDK6, ETV6, CDK2AP1, HLA-DRA, CALM2, GNAS, STMN1, RNF130, GTF2I, CELF2, CD74, ITM2C, MAML3, PABPN1, TSC22D1, APEX1, SMARCC1, SMIM24, PNISR, AFF3, LUC7L3, DDAH2, SEPTIN6",CELLxGENE Census 2025-11-08,1b350d0a-4535-4879-beb6-1142f3f94947,cite_seq_protein,orthogonal_molecular,CITE-seq multimodal classifier used RNA plus ADT protein labels across tissues; strong but not pure protein gating.,Wells et al. 2025 Nat Immunol DOI:10.1038/s41590-025-02241-4,2025-06-18,,True,2026-06-17,low,subtype,data/raw/wells_lymph_node.h5ad,scanpy.rank_genes_groups[wilcoxon]+autozyme,220,other,near_neighbor_state,frontier,partial,,boost100_extension,98
wells_small_intestine__CD16_negative_CD56_bright_natural_killer_cell_human,wells_small_intestine,small_intestine,human,CD56-bright NK cell,NK cell,hard,subtype_resolution,CD56-bright/CD56bright/immature NK/regulatory NK;NK/natural killer,2,"KLRD1, GZMK, NKG7, KLRF1, CD7, CMC1, TYROBP, GZMA, CST7, CTSW, IFITM1, IL2RB, CCL4, KLRB1, DUSP2, EIF3G, KLRC1, IFITM2, IGFBP2, CCL5, CD247, TXK, CLIC3, MATK, PRF1, KLRK1, HCST, ARHGAP9, PIK3R1, CLDND1, FCER1G, XCL1, MAPK1, EOMES, XCL2, CCL3, CEBPD, AOAH, GSTP1, GZMB, APOBEC3G, BTG1, APMAP, STK17A, KIR2DL4, GZMM, LY6E, TGFB1, CD81, SPON2",CELLxGENE Census 2025-11-08,1b350d0a-4535-4879-beb6-1142f3f94947,cite_seq_protein,orthogonal_molecular,CITE-seq multimodal classifier used RNA plus ADT protein labels across tissues; strong but not pure protein gating.,Wells et al. 2025 Nat Immunol DOI:10.1038/s41590-025-02241-4,2025-06-18,,True,2026-06-17,low,subtype,data/raw/wells_small_intestine.h5ad,scanpy.rank_genes_groups[wilcoxon]+autozyme,1500,immune,subtype_resolution,frontier,partial,,boost100_extension,99
wells_small_intestine__group_1_innate_lymphoid_cell,wells_small_intestine,small_intestine,human,Group 1 ILC,Innate lymphoid cell,hard,rare_or_state,ILC1/group 1 innate/innate lymphoid,1,"CD7, CD247, TNFRSF18, GZMA, KIR2DL4, FCER1G, TMIGD2, CCL5, CKLF, LSP1, SYTL3, GSTP1, TYROBP, ENTPD1, EVL, CD160, KRT86, JAK1, TMSB4X, CLIC3, ZBTB16, HOPX, CD3E, RHOC, CD96, TRDC, IL2RB, ARHGAP9, TRBC1, GZMB, PRKAR2B, PIK3R1, SLA2, KLHL23, TXK, ITGAE, UBASH3B, ITGA1, NAP1L4, OXNAD1, KRT81, FYN, NEDD9, GRAMD2B, ALOX5AP, PPDPF, FAM3C, LDLRAD4, PIP4K2A, ADGRG3",CELLxGENE Census 2025-11-08,1b350d0a-4535-4879-beb6-1142f3f94947,cite_seq_protein,orthogonal_molecular,CITE-seq multimodal classifier used RNA plus ADT protein labels across tissues; strong but not pure protein gating.,Wells et al. 2025 Nat Immunol DOI:10.1038/s41590-025-02241-4,2025-06-18,,True,2026-06-17,low,subtype,data/raw/wells_small_intestine.h5ad,scanpy.rank_genes_groups[wilcoxon]+autozyme,1500,other,rna_protein_discordant,frontier,wrong,wrong,boost100_extension,100
