case_id,dataset,tissue,species,expected_cell_type,broad_cell_type,difficulty,case_type,expected_terms,min_score,marker_list,source_dataset,source_accession,label_provenance,evidence_tier,label_evidence,evidence_source,publication_date,data_release_date,post_cutoff,audit_date,circularity_risk,score_granularity,h5ad_path,marker_method,n_cells,benchmark_tier,selection_order,system,fmode,solve_tier
pbmc_hao_citeseq__effector_memory_CD8_positive_alpha_beta_,pbmc_hao_citeseq,blood,human,Effector memory CD8 T cell,CD8 T cell,hard,rare_or_state,effector memory/Tem/EM/effector;CD8,2,"CD8A, CCL5, NKG7, CST7, CD8B, B2M, IL32, CD3G, GZMA, CD3D, PTPRC, GZMM, GZMH, KLRD1, HCST, PPP2R5C, HLA-B, CTSW, SYNE2, HLA-A, CD2, HLA-C, TRAC, CD3E, FGFBP2, PRF1, CALM1, SYNE1, LYAR, TRBC2, SAMD3, PYHIN1, CCL4, ARL4C, CD99, TRGC2, RNF213, ABHD17A, RUNX3, GZMB, GNLY, PLAAT4, LITAF, MYBL1, CD81, DDX5, C12orf75, ITGAL, ADGRG1, MBP",CELLxGENE Census 2025-11-08,ed5d841d-6346-47d4-ab2f-7119ad7e3a35,cite_seq_protein,orthogonal_molecular,CITE-seq WNN labels use RNA plus antibody-derived protein; protein contributes independent evidence for immune subsets.,Hao et al. 2021 Cell DOI:10.1016/j.cell.2021.04.048,2021-05-12,,False,2026-06-17,low,subtype,data/raw/pbmc_hao_citeseq.h5ad,scanpy.rank_genes_groups[wilcoxon]+autozyme,1500,immune,0,CD8 T cell,rare_or_state,
pbmc_hao_citeseq__CD14_low_CD16_positive_monocyte,pbmc_hao_citeseq,blood,human,Non-classical monocyte,Monocyte,hard,subtype_resolution,non-classical/nonclassical/CD16;monocyte,2,"LST1, AIF1, COTL1, MS4A7, FCGR3A, CFD, FCER1G, SERPINA1, S100A11, PSAP, CTSS, LRRC25, TYROBP, SAT1, CEBPB, SPI1, LILRB2, IFITM3, PILRA, TNFRSF1B, TCF7L2, LYN, PELATON, CSF1R, TYMP, BRI3, CD68, ASAH1, BID, PECAM1, CDKN1C, FGL2, NPC2, S100A6, ARPC3, CST3, WARS1, HMOX1, CYBB, S100A4, PYCARD, VASP, TKT, HCK, ANXA5, STXBP2, C5AR1, NCF2, CLEC7A, OAZ1",CELLxGENE Census 2025-11-08,ed5d841d-6346-47d4-ab2f-7119ad7e3a35,cite_seq_protein,orthogonal_molecular,CITE-seq WNN labels use RNA plus antibody-derived protein; protein contributes independent evidence for immune subsets.,Hao et al. 2021 Cell DOI:10.1016/j.cell.2021.04.048,2021-05-12,,False,2026-06-17,low,subtype,data/raw/pbmc_hao_citeseq.h5ad,scanpy.rank_genes_groups[wilcoxon]+autozyme,1500,immune,1,Monocyte,subtype_resolution,
pbmc_hao_citeseq__B_cell,pbmc_hao_citeseq,blood,human,B cell,B cell,easy,canonical_lineage,B cell/B-cell/B lymphocyte,1,"MS4A1, RALGPS2, CD79A, BANK1, IGHM, CD79B, CD37, TNFRSF13C, CD74, HLA-DRA, HLA-DQA1, HLA-DQB1, HLA-DPB1, SWAP70, HLA-DRB1, LINC00926, ARHGAP24, HLA-DPA1, CD22, IGHD, TCF4, POU2F2, MARCHF1, HLA-DRB5, BCL11A, AFF3, CCDC50, PAX5, LINC01857, BLK, HLA-DMB, TNFRSF13B, COBLL1, P2RX5, HLA-DMA, FCRL2, ADAM28, JUND, MEF2C, IGKC, CXXC5, SPIB, SNX2, FCRLA, VPREB3, EZR, SP140, NIBAN3, IFT57, STX7",CELLxGENE Census 2025-11-08,ed5d841d-6346-47d4-ab2f-7119ad7e3a35,cite_seq_protein,orthogonal_molecular,CITE-seq WNN labels use RNA plus antibody-derived protein; protein contributes independent evidence for immune subsets.,Hao et al. 2021 Cell DOI:10.1016/j.cell.2021.04.048,2021-05-12,,False,2026-06-17,low,subtype,data/raw/pbmc_hao_citeseq.h5ad,scanpy.rank_genes_groups[wilcoxon]+autozyme,1500,immune,2,B cell,canonical_lineage,
pbmc_hao_citeseq__naive_thymus_derived_CD8_positive_alpha_,pbmc_hao_citeseq,blood,human,Naive CD8 T cell,CD8 T cell,medium,subtype_resolution,naive;CD8/CD8-positive/cytotoxic,2,"CD8B, CD8A, LEF1, TCF7, CCR7, LDHB, EEF1B2, OXNAD1, SARAF, NPM1, NOSIP, EEF1A1, LEPROTL1, TRABD2A, PIK3IP1, NUCB2, RGS10, LINC02446, TPT1, NELL2, EIF3E, GYPC, CD3D, RCAN3, SNHG8, CD27, C12orf57, NACA, PDE3B, PRMT2, CD3E, UQCRB, CD3G, SNHG32, IL7R, ATM, CD7, BCL11B, MAL, LRRN3, SATB1, NDFIP1, TRAC, EEF1D, LBH, ABLIM1, FYB1, ACTN1, UBA52, CAMK4",CELLxGENE Census 2025-11-08,ed5d841d-6346-47d4-ab2f-7119ad7e3a35,cite_seq_protein,orthogonal_molecular,CITE-seq WNN labels use RNA plus antibody-derived protein; protein contributes independent evidence for immune subsets.,Hao et al. 2021 Cell DOI:10.1016/j.cell.2021.04.048,2021-05-12,,False,2026-06-17,low,subtype,data/raw/pbmc_hao_citeseq.h5ad,scanpy.rank_genes_groups[wilcoxon]+autozyme,1500,immune,3,CD8 T cell,subtype_resolution,
pbmc_hao_citeseq__CD4_positive_alpha_beta_cytotoxic_T_cell,pbmc_hao_citeseq,blood,human,CD4 cytotoxic T cell,CD4 T cell,hard,rare_or_state,cytotoxic/CTL/GZMB;CD4,2,"GZMH, FGFBP2, B2M, NKG7, IL32, GZMA, CD52, CST7, CCL5, CD2, GNLY, CD3G, S100A4, CALM1, ITGB1, CD3D, GZMM, SYNE2, SH3BGRL3, PRF1, MYBL1, RORA, HOPX, HLA-C, HLA-B, CD3E, EFHD2, ANXA1, PPP2R5C, HCST, CD99, TRAC, HLA-A, PTPRC, TRBC1, ABHD17A, SYNE1, ID2, SAMD3, YWHAQ, C12orf75, GZMB, TMSB4X, LYAR, MAF, DSTN, S100A10, RAP1B, CD6, CD247",CELLxGENE Census 2025-11-08,ed5d841d-6346-47d4-ab2f-7119ad7e3a35,cite_seq_protein,orthogonal_molecular,CITE-seq WNN labels use RNA plus antibody-derived protein; protein contributes independent evidence for immune subsets.,Hao et al. 2021 Cell DOI:10.1016/j.cell.2021.04.048,2021-05-12,,False,2026-06-17,low,subtype,data/raw/pbmc_hao_citeseq.h5ad,scanpy.rank_genes_groups[wilcoxon]+autozyme,1500,immune,4,CD4 T cell,rare_or_state,
pbmc_hao_citeseq__naive_B_cell,pbmc_hao_citeseq,blood,human,Naive B cell,B cell,medium,subtype_resolution,naive;B cell/B-cell/B lymphocyte,2,"IGHD, IGHM, CD37, CD79A, TCL1A, MS4A1, CD79B, CD74, RALGPS2, BANK1, BTG1, LINC00926, MEF2C, HLA-DRA, HLA-DQB1, CXCR4, TNFRSF13C, HLA-DPB1, PLPP5, HLA-DRB1, CD22, VPREB3, HLA-DQA1, HLA-DPA1, HLA-DMB, AFF3, FCER2, MARCHF1, IL4R, FCRL1, SWAP70, IGKC, NCF1, TXNIP, STX7, BCL11A, HLA-DMA, HVCN1, PAX5, HLA-DRB5, TSC22D3, BIRC3, LAPTM5, SNX2, ADAM28, NIBAN3, BCL7A, STRBP, SNX29, P2RX5",CELLxGENE Census 2025-11-08,ed5d841d-6346-47d4-ab2f-7119ad7e3a35,cite_seq_protein,orthogonal_molecular,CITE-seq WNN labels use RNA plus antibody-derived protein; protein contributes independent evidence for immune subsets.,Hao et al. 2021 Cell DOI:10.1016/j.cell.2021.04.048,2021-05-12,,False,2026-06-17,low,subtype,data/raw/pbmc_hao_citeseq.h5ad,scanpy.rank_genes_groups[wilcoxon]+autozyme,1500,immune,5,B cell,subtype_resolution,
pbmc_hao_citeseq__mucosal_invariant_T_cell,pbmc_hao_citeseq,blood,human,MAIT cell,T cell,hard,rare_or_state,MAIT/mucosal-associated invariant/mucosal invariant,1,"KLRB1, GZMK, DUSP2, IL7R, ZFP36L2, ARL4C, NCR3, CD69, GZMA, CXCR4, RORA, KLRG1, PHACTR2, LYAR, SPOCK2, NKG7, HCST, SLC4A10, ID2, CST7, MYBL1, IL32, CCL5, LINC01871, BTG1, SYNE2, CTSW, HLA-C, CD3E, GPR65, JUNB, ERN1, CD3D, PRF1, S100A4, MAF, DDIT4, ODF2L, TRGC2, HSP90AA1, CALM1, FKBP11, TRBC2, ALOX5AP, PRDM1, PARP8, AQP3, B2M, SRSF7, TC2N",CELLxGENE Census 2025-11-08,ed5d841d-6346-47d4-ab2f-7119ad7e3a35,cite_seq_protein,orthogonal_molecular,CITE-seq WNN labels use RNA plus antibody-derived protein; protein contributes independent evidence for immune subsets.,Hao et al. 2021 Cell DOI:10.1016/j.cell.2021.04.048,2021-05-12,,False,2026-06-17,low,subtype,data/raw/pbmc_hao_citeseq.h5ad,scanpy.rank_genes_groups[wilcoxon]+autozyme,1500,immune,6,T cell,rare_or_state,
pbmc_hao_citeseq__natural_killer_cell,pbmc_hao_citeseq,blood,human,NK cell,NK cell,easy,canonical_lineage,NK/natural killer,1,"NKG7, PRF1, CD247, KLRD1, CST7, GNLY, GZMB, KLRF1, GZMA, FGFBP2, EFHD2, SPON2, CTSW, FCGR3A, GZMM, CD7, ABHD17A, HLA-C, IL2RB, HOPX, CLIC3, GZMH, ADGRG1, ARL4C, HLA-A, CCL4, JAK1, B2M, HCST, TRDC, RNF213, TYROBP, IFITM2, SYNE1, HLA-B, PYHIN1, CYBA, RUNX3, ITGB2, SYNE2, SAMD3, CALM1, KLRB1, PLAAT4, GNPTAB, RAP1B, CCL5, CX3CR1, PFN1, CD63",CELLxGENE Census 2025-11-08,ed5d841d-6346-47d4-ab2f-7119ad7e3a35,cite_seq_protein,orthogonal_molecular,CITE-seq WNN labels use RNA plus antibody-derived protein; protein contributes independent evidence for immune subsets.,Hao et al. 2021 Cell DOI:10.1016/j.cell.2021.04.048,2021-05-12,,False,2026-06-17,low,subtype,data/raw/pbmc_hao_citeseq.h5ad,scanpy.rank_genes_groups[wilcoxon]+autozyme,1500,immune,7,NK cell,canonical_lineage,
pbmc_hao_citeseq__central_memory_CD4_positive_alpha_beta_T,pbmc_hao_citeseq,blood,human,Central memory CD4 T cell,CD4 T cell,hard,rare_or_state,central memory/Tcm/CM;CD4,2,"IL7R, LTB, TPT1, LDHB, TRAC, MAL, NOSIP, TCF7, CD3D, AQP3, FYB1, SARAF, EEF1A1, CD3G, RCAN3, CD2, TRAT1, IL32, LEPROTL1, HINT1, CD3E, GSTK1, TOMM7, TRBC2, BCL11B, INPP4B, FXYD5, CD69, GPR183, GIMAP7, TRADD, SPOCK2, ITGB1, ETS1, ITM2A, ZFP36L2, AP3M2, ARHGAP15, RORA, AAK1, JUNB, TMEM123, PBXIP1, TTC39C, TLE5, VIM, FAU, CAMK4, KLF2, CD6",CELLxGENE Census 2025-11-08,ed5d841d-6346-47d4-ab2f-7119ad7e3a35,cite_seq_protein,orthogonal_molecular,CITE-seq WNN labels use RNA plus antibody-derived protein; protein contributes independent evidence for immune subsets.,Hao et al. 2021 Cell DOI:10.1016/j.cell.2021.04.048,2021-05-12,,False,2026-06-17,low,subtype,data/raw/pbmc_hao_citeseq.h5ad,scanpy.rank_genes_groups[wilcoxon]+autozyme,1500,immune,8,CD4 T cell,rare_or_state,
pbmc_hao_citeseq__gamma_delta_T_cell,pbmc_hao_citeseq,blood,human,Gamma-delta T cell,T cell,hard,rare_or_state,gamma-delta/gamma delta/gd T/γδ,1,"TRDC, TRGC1, NKG7, CST7, CCL5, KLRD1, CD3G, PPP2R5C, HCST, TRGC2, GZMA, CD3D, IL32, GZMM, SYNE2, CTSW, HLA-B, PTPRC, CD3E, ARL4C, HLA-A, PRF1, B2M, DUSP2, GNLY, LYAR, PIK3R1, SYNE1, SAMD3, CD247, CD7, CCL4, FGFBP2, HLA-C, LITAF, KLRG1, GZMH, RNF213, MYBL1, ABHD17A, PYHIN1, PLAAT4, RUNX3, CALM1, GZMB, LCK, CD99, MATK, MBP, ZFP36L2",CELLxGENE Census 2025-11-08,ed5d841d-6346-47d4-ab2f-7119ad7e3a35,cite_seq_protein,orthogonal_molecular,CITE-seq WNN labels use RNA plus antibody-derived protein; protein contributes independent evidence for immune subsets.,Hao et al. 2021 Cell DOI:10.1016/j.cell.2021.04.048,2021-05-12,,False,2026-06-17,low,subtype,data/raw/pbmc_hao_citeseq.h5ad,scanpy.rank_genes_groups[wilcoxon]+autozyme,1500,immune,9,T cell,rare_or_state,
pbmc_hao_citeseq__plasmacytoid_dendritic_cell,pbmc_hao_citeseq,blood,human,Plasmacytoid dendritic cell,Dendritic cell,medium,subtype_resolution,plasmacytoid/pDC;dendritic/DC,2,"CCDC50, TCF4, IRF8, PPP1R14B, UGCG, PLD4, IRF7, IL3RA, SERPINF1, LILRA4, ITM2C, BCL11A, SEC61B, ALOX5AP, PLAC8, APP, JCHAIN, C12orf75, CLEC4C, HERPUD1, CCDC88A, MZB1, NPC2, SPCS1, GZMB, SPIB, RNASE6, SMPD3, CYB561A3, DERL3, TXN, DNASE1L3, TPM2, TSPAN13, MPEG1, SELENOS, PTPRE, MAP1A, PLP2, MAPKAPK2, HSP90B1, GAPT, RRBP1, CLIC3, SLC15A4, VAMP8, ZFAT, TGFBI, NIBAN3, PARK7",CELLxGENE Census 2025-11-08,ed5d841d-6346-47d4-ab2f-7119ad7e3a35,cite_seq_protein,orthogonal_molecular,CITE-seq WNN labels use RNA plus antibody-derived protein; protein contributes independent evidence for immune subsets.,Hao et al. 2021 Cell DOI:10.1016/j.cell.2021.04.048,2021-05-12,,False,2026-06-17,low,subtype,data/raw/pbmc_hao_citeseq.h5ad,scanpy.rank_genes_groups[wilcoxon]+autozyme,897,immune,10,Dendritic cell,subtype_resolution,
pbmc_hao_citeseq__naive_thymus_derived_CD4_positive_alpha_,pbmc_hao_citeseq,blood,human,Naive CD4 T cell,CD4 T cell,medium,subtype_resolution,naive;CD4/CD4-positive/T helper/helper,2,"TCF7, TPT1, CCR7, LDHB, LEF1, SARAF, NOSIP, EEF1A1, TOMM7, TRABD2A, MAL, EIF3E, FYB1, GIMAP7, EEF1B2, PIK3IP1, NPM1, RCAN3, IL6ST, LINC00861, BCL11B, UBA52, FHIT, NACA, IL7R, NOP53, LEPROTL1, CD3D, C12orf57, CD3G, OXNAD1, LTB, CAMK4, FOXP1, SATB1, TRAC, RACK1, EEF1D, FAU, RGS10, SNHG32, CD3E, TSHZ2, SELL, UQCRB, CD27, SNHG8, TRBC2, ETS1, TRAT1",CELLxGENE Census 2025-11-08,ed5d841d-6346-47d4-ab2f-7119ad7e3a35,cite_seq_protein,orthogonal_molecular,CITE-seq WNN labels use RNA plus antibody-derived protein; protein contributes independent evidence for immune subsets.,Hao et al. 2021 Cell DOI:10.1016/j.cell.2021.04.048,2021-05-12,,False,2026-06-17,low,subtype,data/raw/pbmc_hao_citeseq.h5ad,scanpy.rank_genes_groups[wilcoxon]+autozyme,1500,immune,11,CD4 T cell,subtype_resolution,
pbmc_hao_citeseq__CD14_positive_monocyte,pbmc_hao_citeseq,blood,human,Classical monocyte,Monocyte,easy,canonical_lineage,monocyte;CD14/classical,2,"S100A9, VCAN, S100A8, LYZ, CD14, FCN1, MNDA, CTSS, APLP2, CSF3R, S100A12, TSPO, TKT, CYBB, S100A6, TYROBP, PSAP, GRN, MS4A6A, CSTA, FGL2, NCF2, TNFAIP2, FOS, CEBPD, TYMP, SERPINA1, BRI3, CLEC7A, MPEG1, NAMPT, DUSP1, AP1S2, AIF1, S100A11, SRGN, CFD, LST1, SLC11A1, SAT1, CD36, CLEC12A, SPI1, CPVL, BLVRB, LRP1, CEBPB, RNF130, FCGRT, FPR1",CELLxGENE Census 2025-11-08,ed5d841d-6346-47d4-ab2f-7119ad7e3a35,cite_seq_protein,orthogonal_molecular,CITE-seq WNN labels use RNA plus antibody-derived protein; protein contributes independent evidence for immune subsets.,Hao et al. 2021 Cell DOI:10.1016/j.cell.2021.04.048,2021-05-12,,False,2026-06-17,low,subtype,data/raw/pbmc_hao_citeseq.h5ad,scanpy.rank_genes_groups[wilcoxon]+autozyme,1500,immune,12,Monocyte,canonical_lineage,
pbmc_hao_citeseq__naive_regulatory_T_cell,pbmc_hao_citeseq,blood,human,Naive regulatory T cell,CD4 T cell,hard,rare_or_state,regulatory/Treg/FOXP3;naive,2,"LEF1, LDHB, C12orf57, TPT1, PIK3IP1, RACK1, TRAC, EEF1B2, GIMAP7, SARAF, EEF1A1, TOMM7, RCAN3, FOXP1, NOP53, MAL, NACA, UBA52, CD3G, SNHG32, NPM1, LEPROTL1, TCF7, EIF3E, CCR7, ENSG00000268027, CD3D, GIMAP1, LINC00861, EEF1D, IL6ST, RTKN2, CD27, SOD1, TRBC2, CD3E, LBH, ETS1, FYB1, BCL11B, ZFAS1, SRSF5, BIRC3, TRAF3IP3, LINC00402, FAU, CD48, OXNAD1, CAMK4, SELL",CELLxGENE Census 2025-11-08,ed5d841d-6346-47d4-ab2f-7119ad7e3a35,cite_seq_protein,orthogonal_molecular,CITE-seq WNN labels use RNA plus antibody-derived protein; protein contributes independent evidence for immune subsets.,Hao et al. 2021 Cell DOI:10.1016/j.cell.2021.04.048,2021-05-12,,False,2026-06-17,low,subtype,data/raw/pbmc_hao_citeseq.h5ad,scanpy.rank_genes_groups[wilcoxon]+autozyme,1295,immune,13,CD4 T cell,rare_or_state,
pbmc_hao_citeseq__plasmablast,pbmc_hao_citeseq,blood,human,Plasmablast,B cell,medium,subtype_resolution,plasmablast/plasma cell/antibody-secreting,1,"MZB1, HSP90B1, JCHAIN, PPIB, SEC11C, TNFRSF17, PDIA4, SSR4, SPCS2, ITM2C, SSR3, DERL3, MYDGF, TXNDC5, UBE2J1, FKBP11, LMAN1, HSPA5, XBP1, PDIA6, SUB1, SDF2L1, MANF, CALR, SPCS1, MAN1A1, IGHA1, TXNDC11, CD38, ISG20, POU2AF1, ERLEC1, SELENOS, PRDX4, ELL2, SPATS2, SEC61B, CLPTM1L, SPCS3, FKBP2, P4HB, EAF2, TNFRSF13B, KDELR2, CRELD2, TENT5C, CPNE5, DDOST, TP53INP1, HM13",CELLxGENE Census 2025-11-08,ed5d841d-6346-47d4-ab2f-7119ad7e3a35,cite_seq_protein,orthogonal_molecular,CITE-seq WNN labels use RNA plus antibody-derived protein; protein contributes independent evidence for immune subsets.,Hao et al. 2021 Cell DOI:10.1016/j.cell.2021.04.048,2021-05-12,,False,2026-06-17,low,subtype,data/raw/pbmc_hao_citeseq.h5ad,scanpy.rank_genes_groups[wilcoxon]+autozyme,366,immune,14,B cell,subtype_resolution,
pbmc_hao_citeseq__effector_memory_CD4_positive_alpha_beta_,pbmc_hao_citeseq,blood,human,Effector memory CD4 T cell,CD4 T cell,hard,rare_or_state,effector memory/Tem/EM;CD4,2,"IL7R, IL32, ZFP36L2, KLRB1, TRAC, TPT1, LTB, CD2, CD69, GZMK, RORA, LYAR, SYNE2, LDHB, CD3E, CD3D, ARL4C, CD3G, TNFAIP3, LEPROTL1, EEF1A1, CXCR4, ANXA1, TOMM7, AQP3, TRBC2, SPOCK2, ETS1, DNAJB1, GIMAP7, KLF2, TRAT1, CALM1, JUNB, TRADD, NOSIP, PRDM1, ITM2A, ARHGAP15, EMB, TCF7, RCAN3, ODF2L, PIK3R1, CD40LG, BTG1, SARAF, PBXIP1, CCL5, DUSP2",CELLxGENE Census 2025-11-08,ed5d841d-6346-47d4-ab2f-7119ad7e3a35,cite_seq_protein,orthogonal_molecular,CITE-seq WNN labels use RNA plus antibody-derived protein; protein contributes independent evidence for immune subsets.,Hao et al. 2021 Cell DOI:10.1016/j.cell.2021.04.048,2021-05-12,,False,2026-06-17,low,subtype,data/raw/pbmc_hao_citeseq.h5ad,scanpy.rank_genes_groups[wilcoxon]+autozyme,1500,immune,15,CD4 T cell,rare_or_state,
pbmc_hao_citeseq__memory_regulatory_T_cell,pbmc_hao_citeseq,blood,human,Memory regulatory T cell,CD4 T cell,hard,rare_or_state,regulatory/Treg/FOXP3;memory,2,"RTKN2, TRAC, TIGIT, LDHB, CD3D, IL32, TRBC2, LEF1, CD27, RCAN3, C12orf57, ARID5B, CD3G, TPT1, LEPROTL1, TBC1D4, ETS1, BIRC3, IKZF2, TRAF3IP3, SARAF, SOD1, TLE5, LTB, CD3E, MAL, PIK3IP1, FOXP3, GSTK1, ENSG00000273445, AAK1, USP15, FYB1, EPB41, ANKRD12, SKAP1, CYLD, TRBC1, IL2RA, SYNE2, SRSF5, CTLA4, CDKN1B, NSD3, SMCHD1, LCK, STAM, PBXIP1, ISG20, TMSB10",CELLxGENE Census 2025-11-08,ed5d841d-6346-47d4-ab2f-7119ad7e3a35,cite_seq_protein,orthogonal_molecular,CITE-seq WNN labels use RNA plus antibody-derived protein; protein contributes independent evidence for immune subsets.,Hao et al. 2021 Cell DOI:10.1016/j.cell.2021.04.048,2021-05-12,,False,2026-06-17,low,subtype,data/raw/pbmc_hao_citeseq.h5ad,scanpy.rank_genes_groups[wilcoxon]+autozyme,1212,immune,16,CD4 T cell,rare_or_state,
pbmc_hao_citeseq__conventional_dendritic_cell,pbmc_hao_citeseq,blood,human,Conventional dendritic cell,Dendritic cell,medium,subtype_resolution,conventional/myeloid/cDC;dendritic/DC,2,"HLA-DRA, CST3, HLA-DPA1, HLA-DPB1, HLA-DQA1, HLA-DQB1, HLA-DRB1, CD74, HLA-DMA, CPVL, LYZ, GSTP1, ALDH2, CTSZ, FCER1A, CCDC88A, LGALS2, SAMHD1, VIM, HLA-DMB, FCGRT, GRN, HLA-DRB5, CLEC10A, JAML, FGL2, ACTB, ANXA2, C1orf162, COTL1, MNDA, CTSH, GAPDH, MACROH2A1, PAK1, CFP, LGALS1, ANXA5, FOS, SPI1, CIITA, IGSF6, AP1S2, TMSB10, AP2S1, S100A10, LY86, ACTG1, AIF1, IL13RA1",CELLxGENE Census 2025-11-08,ed5d841d-6346-47d4-ab2f-7119ad7e3a35,cite_seq_protein,orthogonal_molecular,CITE-seq WNN labels use RNA plus antibody-derived protein; protein contributes independent evidence for immune subsets.,Hao et al. 2021 Cell DOI:10.1016/j.cell.2021.04.048,2021-05-12,,False,2026-06-17,low,subtype,data/raw/pbmc_hao_citeseq.h5ad,scanpy.rank_genes_groups[wilcoxon]+autozyme,1500,immune,17,Dendritic cell,subtype_resolution,
pbmc_hao_citeseq__central_memory_CD8_positive_alpha_beta_T,pbmc_hao_citeseq,blood,human,Central memory CD8 T cell,CD8 T cell,hard,rare_or_state,central memory/Tcm/CM;CD8,2,"CD8B, IL7R, CD8A, LDHB, TPT1, TRAC, NOSIP, TCF7, IL32, SARAF, ZFP36L2, LEPROTL1, CD3D, LTB, EEF1A1, CD3E, KLF2, RCAN3, CD3G, TRBC2, CD2, CAMK4, ARHGAP15, GSTK1, NELL2, FYB1, MAL, BCL11B, HINT1, CD27, MGAT4A, CD96, SNHG8, CD48, C12orf57, NPM1, PAG1, EEF1B2, ANXA1, EVL, PIK3R1, INPP4B, FAU, GIMAP4, NOP53, GPR155, SLFN5, GIMAP7, GYPC, ETS1",CELLxGENE Census 2025-11-08,ed5d841d-6346-47d4-ab2f-7119ad7e3a35,cite_seq_protein,orthogonal_molecular,CITE-seq WNN labels use RNA plus antibody-derived protein; protein contributes independent evidence for immune subsets.,Hao et al. 2021 Cell DOI:10.1016/j.cell.2021.04.048,2021-05-12,,False,2026-06-17,low,subtype,data/raw/pbmc_hao_citeseq.h5ad,scanpy.rank_genes_groups[wilcoxon]+autozyme,1500,immune,18,CD8 T cell,rare_or_state,
pbmc_hao_citeseq__memory_B_cell,pbmc_hao_citeseq,blood,human,Memory B cell,B cell,medium,subtype_resolution,memory;B cell/B-cell,2,"BANK1, MS4A1, CD79A, RALGPS2, CD37, TNFRSF13C, CD79B, HLA-DRA, HLA-DPB1, BLK, CD74, HLA-DQA1, LINC00926, HLA-DQB1, AIM2, HLA-DRB1, HLA-DPA1, LTB, SWAP70, MEF2C, VPREB3, HLA-DMB, LINC01781, IGHA1, GNG7, EZR, TNFRSF13B, MARCHF1, HLA-DRB5, IGKC, ADAM28, P2RX5, LY86, MARCKS, POU2AF1, IGHG1, COBLL1, CD22, HLA-DMA, TCF4, CXXC5, CD82, JCHAIN, IGHG3, SCIMP, PRKCB, CPNE5, BASP1, BCL11A, CD40",CELLxGENE Census 2025-11-08,ed5d841d-6346-47d4-ab2f-7119ad7e3a35,cite_seq_protein,orthogonal_molecular,CITE-seq WNN labels use RNA plus antibody-derived protein; protein contributes independent evidence for immune subsets.,Hao et al. 2021 Cell DOI:10.1016/j.cell.2021.04.048,2021-05-12,,False,2026-06-17,low,subtype,data/raw/pbmc_hao_citeseq.h5ad,scanpy.rank_genes_groups[wilcoxon]+autozyme,1500,immune,19,B cell,subtype_resolution,
pbmc_hao_citeseq__hematopoietic_stem_cell,pbmc_hao_citeseq,blood,human,Hematopoietic stem cell,Progenitor,hard,rare_or_state,hematopoietic stem/HSC/progenitor/CD34,1,"SOX4, CDK6, ZFAS1, RACK1, PRSS57, STMN1, GIHCG, ANKRD28, NPM1, SERPINB1, HNRNPA1, EBPL, MSI2, MACROH2A1, MYB, EIF3E, FAM30A, SNHG7, EGFL7, DDAH2, SMIM24, SPINK2, HINT1, CYTL1, BTF3, ATP5MC2, LAPTM4B, YBX3, HSP90AB1, TXN, LYL1, NPR3, CD34, FAM117A, IL18, TSC22D1, LMO2, ZNRF1, NRIP1, SNHG8, GATA2, APEX1, LEPROT, NUCB2, CAT, TFDP2, MTURN, ANP32B, EEF2, TALDO1",CELLxGENE Census 2025-11-08,ed5d841d-6346-47d4-ab2f-7119ad7e3a35,cite_seq_protein,orthogonal_molecular,CITE-seq WNN labels use RNA plus antibody-derived protein; protein contributes independent evidence for immune subsets.,Hao et al. 2021 Cell DOI:10.1016/j.cell.2021.04.048,2021-05-12,,False,2026-06-17,low,subtype,data/raw/pbmc_hao_citeseq.h5ad,scanpy.rank_genes_groups[wilcoxon]+autozyme,329,immune,20,Progenitor,rare_or_state,
pbmc_hao_citeseq__platelet,pbmc_hao_citeseq,blood,human,Platelet,Platelet,easy,canonical_lineage,platelet/thrombocyte/megakaryocyte,1,"PPBP, NRGN, PF4, GNG11, CAVIN2, TUBB1, H3-3A, OAZ1, CLU, TMSB4X, OST4, PRKAR2B, H2AC6, SH3BGRL3, GNAS, TAGLN2, SPARC, CCL5, TLN1, RGS18, F13A1, GP9, SERF2, LIMS1, RGS10, ITM2B, PGRMC1, TREML1, CALM3, MYL6, VCL, MAP3K7CL, MTURN, TUBA4A, MYL12A, RUFY1, MMD, MTPN, ACRBP, NAP1L1, TSC22D1, TPM4, HLA-E, ACTB, ITGA2B, KIF2A, MARCHF2, CMTM5, ARPC1B, SAT1",CELLxGENE Census 2025-11-08,ed5d841d-6346-47d4-ab2f-7119ad7e3a35,cite_seq_protein,orthogonal_molecular,CITE-seq WNN labels use RNA plus antibody-derived protein; protein contributes independent evidence for immune subsets.,Hao et al. 2021 Cell DOI:10.1016/j.cell.2021.04.048,2021-05-12,,False,2026-06-17,low,subtype,data/raw/pbmc_hao_citeseq.h5ad,scanpy.rank_genes_groups[wilcoxon]+autozyme,1500,immune,21,Platelet,canonical_lineage,
pbmc_hao_citeseq__CD16_negative_CD56_bright_natural_killer,pbmc_hao_citeseq,blood,human,CD56-bright NK cell,NK cell,hard,subtype_resolution,CD56-bright/CD56bright/immature NK/regulatory NK;NK/natural killer,2,"GNLY, KLRD1, IL2RB, CTSW, XCL2, KLRF1, CMC1, KLRC1, JAK1, XCL1, CD7, SELL, HOPX, GZMK, IFITM2, NKG7, TRDC, CD63, NCAM1, MATK, AREG, RUNX3, ID2, TYROBP, ARL4C, SAMD3, PRF1, DUSP2, HCST, PLAC8, TXK, STK17A, SRGN, FCER1G, CD2, GZMA, ZFP36L2, IL18R1, CD44, SPTSSB, IRF1, IFITM3, CST7, MAP3K8, GATA3, KLRB1, BHLHE40, SEPTIN7, CD300A, ARAP2",CELLxGENE Census 2025-11-08,ed5d841d-6346-47d4-ab2f-7119ad7e3a35,cite_seq_protein,orthogonal_molecular,CITE-seq WNN labels use RNA plus antibody-derived protein; protein contributes independent evidence for immune subsets.,Hao et al. 2021 Cell DOI:10.1016/j.cell.2021.04.048,2021-05-12,,False,2026-06-17,low,subtype,data/raw/pbmc_hao_citeseq.h5ad,scanpy.rank_genes_groups[wilcoxon]+autozyme,943,immune,22,NK cell,subtype_resolution,
pbmc_hao_citeseq__innate_lymphoid_cell,pbmc_hao_citeseq,blood,human,Innate lymphoid cell,Innate lymphoid cell,hard,rare_or_state,innate lymphoid/ILC,1,"KLRB1, FXYD5, TNFRSF18, DDIT4, GATA3, ANXA1, TNFRSF4, JUND, IFITM2, TRDC, IL7R, CD7, TSC22D3, DUSP1, KLF2, RRBP1, PTMA, TNFAIP3, ZFP36L2, LTB, CTSW, AREG, TPT1, INPP4B, NFKBIA, CD63, GPR183, FOS, C16orf54, CD69, IER2, TMEM123, ITGB1, KIT, CDC14A, TCF7, TRGC1, CCND2, TIMP1, IL2RG, SSBP2, H3-3B, IL1R1, IRF1, CDC42, EMP3, MDFIC, NFKB1, ETS1, SOX4",CELLxGENE Census 2025-11-08,ed5d841d-6346-47d4-ab2f-7119ad7e3a35,cite_seq_protein,orthogonal_molecular,CITE-seq WNN labels use RNA plus antibody-derived protein; protein contributes independent evidence for immune subsets.,Hao et al. 2021 Cell DOI:10.1016/j.cell.2021.04.048,2021-05-12,,False,2026-06-17,low,subtype,data/raw/pbmc_hao_citeseq.h5ad,scanpy.rank_genes_groups[wilcoxon]+autozyme,132,immune,23,Innate lymphoid cell,rare_or_state,
wells_lung__effector_memory_CD8_positive_alpha_beta_T_cell,wells_lung,lung,human,Effector memory CD8 T cell,CD8 T cell,hard,rare_or_state,effector memory/Tem/EM/effector;CD8,2,"CD8A, CD8B, CCL5, NKG7, GZMH, GZMA, HLA-C, CST7, CD3D, IL32, CD3E, CTSW, CD3G, CCL4, HLA-A, HCST, DUSP2, KLRK1, GZMB, HLA-B, GZMM, B2M, CD99, IFITM1, PTPRC, SH3BGRL3, HLA-E, PRF1, PCED1B-AS1, GZMK, PFN1, KLRD1, KLRG1, FYN, PLAAT4, LYAR, ARL4C, C12orf75, LIME1, SYNE2, FLNA, TUBA4A, SYNE1, LCK, SAMD3, ITGB2, TLE5, PTP4A2, HLA-F, CD2",CELLxGENE Census 2025-11-08,1b350d0a-4535-4879-beb6-1142f3f94947,cite_seq_protein,orthogonal_molecular,CITE-seq multimodal classifier used RNA plus ADT protein labels across tissues; strong but not pure protein gating.,Wells et al. 2025 Nat Immunol DOI:10.1038/s41590-025-02241-4,2025-06-18,,True,2026-06-17,low,subtype,data/raw/wells_lung.h5ad,scanpy.rank_genes_groups[wilcoxon]+autozyme,1500,immune,24,CD8 T cell,rare_or_state,
wells_lung__CD4_positive_alpha_beta_memory_T_cell,wells_lung,lung,human,Memory CD4 T cell,CD4 T cell,medium,subtype_resolution,memory;CD4/CD4-positive/helper,2,"KLF6, TNFAIP3, CD2, RGCC, IL7R, PHLDA1, RBPJ, IL32, CD3E, ANXA1, ZFP36L2, BTG1, JUN, RORA, CD44, VIM, CD96, CRIP1, CD6, AHNAK, UBC, CD3D, ANKRD28, JUND, S100A4, LGALS3, CXCR4, TRAC, EML4, B2M, S100A10, CD69, SPOCK2, LINC-PINT, PTGER4, SRSF7, HSPA8, CXCR6, FYB1, RNF19A, RGS1, CD40LG, NIBAN1, DNAJB1, ITK, CCL5, HSP90AA1, DUSP4, MYH9, NFKBIA",CELLxGENE Census 2025-11-08,1b350d0a-4535-4879-beb6-1142f3f94947,cite_seq_protein,orthogonal_molecular,CITE-seq multimodal classifier used RNA plus ADT protein labels across tissues; strong but not pure protein gating.,Wells et al. 2025 Nat Immunol DOI:10.1038/s41590-025-02241-4,2025-06-18,,True,2026-06-17,low,subtype,data/raw/wells_lung.h5ad,scanpy.rank_genes_groups[wilcoxon]+autozyme,1500,immune,25,CD4 T cell,subtype_resolution,
wells_lung__group_1_innate_lymphoid_cell,wells_lung,lung,human,Group 1 ILC,Innate lymphoid cell,hard,rare_or_state,ILC1/group 1 innate/innate lymphoid,1,"CD7, GNLY, TYROBP, CCL5, CD247, HOPX, GZMA, GZMB, XCL2, NKG7, FCER1G, CTSW, TNFRSF18, KRT86, EVL, KLRK1, PRF1, TRDC, ARHGAP9, IL2RB, KLRD1, KIR2DL4, GSTP1, KLRB1, TMSB4X, JUND, APOBEC3G, KLRC2, CD96, KRT81, MATK, LCP1, CD63, CST7, HCST, CCL4, IVNS1ABP, XCL1, SH2D1B, TNFAIP3, TMIGD2, TGFB1, ITGA1, TXK, PIK3R1, HSPA5, ACTN4, TRBC1, ID2, FYN",CELLxGENE Census 2025-11-08,1b350d0a-4535-4879-beb6-1142f3f94947,cite_seq_protein,orthogonal_molecular,CITE-seq multimodal classifier used RNA plus ADT protein labels across tissues; strong but not pure protein gating.,Wells et al. 2025 Nat Immunol DOI:10.1038/s41590-025-02241-4,2025-06-18,,True,2026-06-17,low,subtype,data/raw/wells_lung.h5ad,scanpy.rank_genes_groups[wilcoxon]+autozyme,242,immune,26,Innate lymphoid cell,rare_or_state,
wells_lung__conventional_dendritic_cell,wells_lung,lung,human,Conventional dendritic cell,Dendritic cell,medium,subtype_resolution,conventional/myeloid/cDC;dendritic/DC,2,"HLA-DPB1, HLA-DRA, HLA-DPA1, HLA-DQA1, CD74, HLA-DRB1, HLA-DQB1, HLA-DRB5, GSN, SPI1, CST3, HLA-DMA, IFI30, CSF2RA, CD86, CTSH, GRN, HLA-DMB, RAB31, CXCL16, SPINT2, KLF4, CTSZ, HLA-DQA2, ALDH2, TYROBP, GPR183, CD83, RAC1, TYMP, LST1, MS4A6A, ETS2, IL13RA1, BASP1, GABARAP, VIM, CCDC88A, CEBPD, AIF1, LYZ, HCK, SYNGR2, PAK1, SAT1, NPC2, COTL1, CIITA, GSTP1, OGFRL1",CELLxGENE Census 2025-11-08,1b350d0a-4535-4879-beb6-1142f3f94947,cite_seq_protein,orthogonal_molecular,CITE-seq multimodal classifier used RNA plus ADT protein labels across tissues; strong but not pure protein gating.,Wells et al. 2025 Nat Immunol DOI:10.1038/s41590-025-02241-4,2025-06-18,,True,2026-06-17,low,subtype,data/raw/wells_lung.h5ad,scanpy.rank_genes_groups[wilcoxon]+autozyme,1500,immune,27,Dendritic cell,subtype_resolution,
wells_lung__effector_memory_CD4_positive_alpha_beta_T_cell,wells_lung,lung,human,Effector memory CD4 T cell,CD4 T cell,hard,rare_or_state,effector memory/Tem/EM;CD4,2,"IL32, CD2, GAPDH, S100A4, SPOCK2, CORO1A, CD3D, CTLA4, CD6, MAF, ACTG1, COTL1, ACTB, CD52, PFN1, LCK, TMSB4X, ARPC1B, GMFG, CD4, CD5, CD3E, S100A11, ARHGDIB, SH3BGRL3, TNFRSF25, MYL6, CKLF, LDHB, CRIP1, ZNRF1, ABRACL, FXYD5, CAPZB, CFL1, SIT1, GALM, AQP3, STK24, MZT2A, STING1, HNRNPLL, ICOS, EVL, CD3G, GBP2, IL2RG, CXCR6, CD28, EMB",CELLxGENE Census 2025-11-08,1b350d0a-4535-4879-beb6-1142f3f94947,cite_seq_protein,orthogonal_molecular,CITE-seq multimodal classifier used RNA plus ADT protein labels across tissues; strong but not pure protein gating.,Wells et al. 2025 Nat Immunol DOI:10.1038/s41590-025-02241-4,2025-06-18,,True,2026-06-17,low,subtype,data/raw/wells_lung.h5ad,scanpy.rank_genes_groups[wilcoxon]+autozyme,1500,immune,28,CD4 T cell,rare_or_state,
wells_lung__mucosal_invariant_T_cell,wells_lung,lung,human,MAIT cell,T cell,hard,rare_or_state,MAIT/mucosal-associated invariant/mucosal invariant,1,"KLRB1, IL7R, CEBPD, CD8A, NFKBIA, TNFAIP3, DUSP1, BTG1, ERN1, RORA, ZFP36L2, CD69, GZMK, DUSP2, SLC4A10, SPOCK2, PARP8, NCR3, NFKBIZ, LINC01871, IFNGR1, PRR5, LINC01138, JUN, ZFP36, PDCD4, ZBTB16, FYN, PPP2R5C, KLRG1, SRSF7, CD3E, MYBL1, CD96, TMIGD2, PRF1, CXCR4, INTS6, TRAV1-2, TLE1, IL18RAP, TTC39C, H3-3B, H1-10, ODF2L, PNRC1, SLC7A5, SARAF, FOS, EIF1",CELLxGENE Census 2025-11-08,1b350d0a-4535-4879-beb6-1142f3f94947,cite_seq_protein,orthogonal_molecular,CITE-seq multimodal classifier used RNA plus ADT protein labels across tissues; strong but not pure protein gating.,Wells et al. 2025 Nat Immunol DOI:10.1038/s41590-025-02241-4,2025-06-18,,True,2026-06-17,low,subtype,data/raw/wells_lung.h5ad,scanpy.rank_genes_groups[wilcoxon]+autozyme,779,immune,29,T cell,rare_or_state,
wells_lung__central_memory_CD4_positive_alpha_beta_T_cell,wells_lung,lung,human,Central memory CD4 T cell,CD4 T cell,hard,rare_or_state,central memory/Tcm/CM;CD4,2,"IL7R, TPT1, LTB, EEF1A1, LDHB, FXYD5, EEF1G, RACK1, EEF1B2, AQP3, MAL, SPOCK2, PABPC1, TMEM123, TCF7, BTF3, FLT3LG, NOSIP, LEF1, SELL, CD28, CCR7, ICOS, EEF2, GSTK1, NACA, IL32, SARAF, HINT1, LIME1, EIF3E, FYB1, UBA52, TRAC, RCAN3, CD5, CD3D, PBXIP1, GAS5, CD6, BCL11B, TNFRSF25, NPM1, NOP53, TRADD, RNASET2, CD2, LDHA, CAMK4, INPP4B",CELLxGENE Census 2025-11-08,1b350d0a-4535-4879-beb6-1142f3f94947,cite_seq_protein,orthogonal_molecular,CITE-seq multimodal classifier used RNA plus ADT protein labels across tissues; strong but not pure protein gating.,Wells et al. 2025 Nat Immunol DOI:10.1038/s41590-025-02241-4,2025-06-18,,True,2026-06-17,low,subtype,data/raw/wells_lung.h5ad,scanpy.rank_genes_groups[wilcoxon]+autozyme,1500,immune,30,CD4 T cell,rare_or_state,
wells_lung__macrophage,wells_lung,lung,human,Macrophage,Macrophage,medium,canonical_lineage,macrophage,1,"IFI30, S100A11, CD68, CTSB, CTSD, PSAP, BRI3, S100A6, CD163, NPC2, GLUL, TYROBP, GRN, CTSS, SLC11A1, ANXA5, CSTB, FCER1G, CST3, FCGRT, GRINA, LYZ, MS4A7, ANXA2, VSIG4, SPI1, CD63, LGALS3, ACP5, TIMP2, CTSZ, MRC1, CTSL, ASAH1, C5AR1, GPX4, ATP6V1F, ATP6V0C, PLAUR, S100A9, S100A10, AIF1, APLP2, LGALS1, CAPG, GSTO1, GPNMB, AP2S1, SAT1, MARCO",CELLxGENE Census 2025-11-08,1b350d0a-4535-4879-beb6-1142f3f94947,cite_seq_protein,orthogonal_molecular,CITE-seq multimodal classifier used RNA plus ADT protein labels across tissues; strong but not pure protein gating.,Wells et al. 2025 Nat Immunol DOI:10.1038/s41590-025-02241-4,2025-06-18,,True,2026-06-17,low,subtype,data/raw/wells_lung.h5ad,scanpy.rank_genes_groups[wilcoxon]+autozyme,1500,immune,31,Macrophage,canonical_lineage,
wells_lung__effector_memory_CD8_positive_alpha_beta_T_cell_terminally_differentiated,wells_lung,lung,human,Terminally differentiated EM CD8 T cell (TEMRA),CD8 T cell,hard,rare_or_state,terminally differentiated/TEMRA/CD45RA.*effector;CD8,2,"CD8A, CCL5, NKG7, CST7, HLA-C, KLRD1, GZMH, CTSW, CD8B, DUSP2, CCL4, HLA-E, HCST, IFITM1, CD3E, GZMM, B2M, CD3D, GZMA, CD3G, HLA-B, KLRK1, HLA-A, PRF1, FYN, IL32, ZEB2, CD99, PIK3R1, GZMB, PPP2R5C, PTP4A2, AOAH, CXCR4, TLE5, PTPRC, KLRG1, LYAR, HLA-F, ITGB2, FGFBP2, SYTL3, ETS1, ABHD17A, CALM1, PARP8, ZFP36L2, LCK, PLAAT4, TUBA4A",CELLxGENE Census 2025-11-08,1b350d0a-4535-4879-beb6-1142f3f94947,cite_seq_protein,orthogonal_molecular,CITE-seq multimodal classifier used RNA plus ADT protein labels across tissues; strong but not pure protein gating.,Wells et al. 2025 Nat Immunol DOI:10.1038/s41590-025-02241-4,2025-06-18,,True,2026-06-17,low,subtype,data/raw/wells_lung.h5ad,scanpy.rank_genes_groups[wilcoxon]+autozyme,1500,immune,32,CD8 T cell,rare_or_state,
wells_lung__effector_memory_CD4_positive_alpha_beta_T_cell_terminally_differentiated,wells_lung,lung,human,Terminally differentiated EM CD4 T cell (TEMRA),CD4 T cell,hard,rare_or_state,terminally differentiated/TEMRA;CD4,2,"GZMH, FGFBP2, HLA-C, NKG7, B2M, CD99, CD3E, S100A4, IFITM1, CCL5, HLA-B, CD3G, HLA-E, GNLY, GZMA, ITGB2, CCL4, EFHD2, SPON2, CD3D, PRF1, HCST, PFN1, TLE5, CD52, SH3BGRL3, CALM1, KLRG1, CST7, MYL12A, GZMM, ABHD17A, CCND3, CTSW, ZEB2, CD6, SYNE1, TMSB10, GZMB, HLA-A, ARL4C, RAP1B, IL32, ADGRG1, KLF3, IL7R, FLNA, HOPX, BIN2, C12orf75",CELLxGENE Census 2025-11-08,1b350d0a-4535-4879-beb6-1142f3f94947,cite_seq_protein,orthogonal_molecular,CITE-seq multimodal classifier used RNA plus ADT protein labels across tissues; strong but not pure protein gating.,Wells et al. 2025 Nat Immunol DOI:10.1038/s41590-025-02241-4,2025-06-18,,True,2026-06-17,low,subtype,data/raw/wells_lung.h5ad,scanpy.rank_genes_groups[wilcoxon]+autozyme,1201,immune,33,CD4 T cell,rare_or_state,
wells_lung__mast_cell,wells_lung,lung,human,Mast cell,Mast cell,easy,canonical_lineage,mast cell/mastocyte,1,"TPSAB1, TPSB2, CPA3, HPGDS, GATA2, IL1RL1, KIT, CLU, LAPTM4A, VIM, VWA5A, CD9, MS4A2, RHEX, LTC4S, SLC18A2, ALOX5AP, ANXA1, CAPG, RGS1, GLUL, RGS2, TPSD1, FOSB, SRGN, FCER1G, LMNA, CD63, AREG, PTGS1, MAOB, CD69, SIGLEC6, CST3, ALOX5, S100A6, RNF130, CD44, HPGD, RGS13, ACSL4, ARHGAP18, LGALS3, ASAH1, BMP2K, TIMP3, CTSD, MLPH, SLC24A3, HDC",CELLxGENE Census 2025-11-08,1b350d0a-4535-4879-beb6-1142f3f94947,cite_seq_protein,orthogonal_molecular,CITE-seq multimodal classifier used RNA plus ADT protein labels across tissues; strong but not pure protein gating.,Wells et al. 2025 Nat Immunol DOI:10.1038/s41590-025-02241-4,2025-06-18,,True,2026-06-17,low,subtype,data/raw/wells_lung.h5ad,scanpy.rank_genes_groups[wilcoxon]+autozyme,1500,immune,34,Mast cell,canonical_lineage,
wells_lung__CD16_positive_CD56_dim_natural_killer_cell_human,wells_lung,lung,human,CD56-dim NK cell,NK cell,hard,subtype_resolution,CD56-dim/CD56dim/CD16-positive/cytotoxic NK;NK/natural killer,2,"GNLY, NKG7, PRF1, GZMB, CST7, FCGR3A, FGFBP2, CD247, SPON2, KLRD1, CTSW, CD7, EFHD2, KLRF1, TYROBP, GZMA, ARL4C, B2M, ITGB2, ABHD17A, CCL4, HLA-E, HOPX, METRNL, CYBA, HLA-C, CLIC3, LITAF, S1PR5, GZMM, HLA-B, HLA-A, FCER1G, ZEB2, SH2D2A, CCL3, APMAP, SYTL3, ADGRG1, PLAC8, HCST, IGFBP7, IFITM2, KLRK1, GNG2, SYNE1, GZMH, HSH2D, CCL5, SH2D1B",CELLxGENE Census 2025-11-08,1b350d0a-4535-4879-beb6-1142f3f94947,cite_seq_protein,orthogonal_molecular,CITE-seq multimodal classifier used RNA plus ADT protein labels across tissues; strong but not pure protein gating.,Wells et al. 2025 Nat Immunol DOI:10.1038/s41590-025-02241-4,2025-06-18,,True,2026-06-17,low,subtype,data/raw/wells_lung.h5ad,scanpy.rank_genes_groups[wilcoxon]+autozyme,1500,immune,35,NK cell,subtype_resolution,
wells_lung__CD4_positive_CD25_positive_alpha_beta_regulatory_T_cell,wells_lung,lung,human,Regulatory T cell,CD4 T cell,hard,rare_or_state,regulatory/Treg/FOXP3/CD25;CD4,2,"FOXP3, IL32, CTLA4, SPOCK2, IL2RA, LTB, S100A4, CD3D, FXYD5, CD2, CD28, CORO1A, GAPDH, ARHGDIB, PBXIP1, LCK, ICOS, MIR4435-2HG, TNFRSF4, CD3E, RAC2, SIT1, GBP2, TNFRSF18, BATF, UCP2, GMFG, TNFRSF1B, CD27, TMSB10, ARPC1B, AQP3, ACTG1, CORO1B, LDHB, LAT, ACTB, MAF, IL2RG, CD52, DUSP4, YWHAB, MYL6, CYTOR, DNPH1, CD5, ZNRF1, LINC01943, GBP5, CD4",CELLxGENE Census 2025-11-08,1b350d0a-4535-4879-beb6-1142f3f94947,cite_seq_protein,orthogonal_molecular,CITE-seq multimodal classifier used RNA plus ADT protein labels across tissues; strong but not pure protein gating.,Wells et al. 2025 Nat Immunol DOI:10.1038/s41590-025-02241-4,2025-06-18,,True,2026-06-17,low,subtype,data/raw/wells_lung.h5ad,scanpy.rank_genes_groups[wilcoxon]+autozyme,1500,immune,36,CD4 T cell,rare_or_state,
wells_lung__CD8_positive_alpha_beta_memory_T_cell,wells_lung,lung,human,Memory CD8 T cell,CD8 T cell,medium,subtype_resolution,memory;CD8/CD8-positive,2,"CD8A, CCL5, CD8B, CD3E, CCL4, TNFAIP3, ZFP36L2, CD2, KLF6, CD3D, IL32, KLRK1, PARP8, GZMK, PTPRC, CXCR4, CD96, ADGRE5, HLA-A, SRSF7, CD3G, FYN, GZMA, TUBA4A, LAG3, RGS1, STK17B, BTG1, CD69, JUND, DUSP2, LINC02446, CBLB, MYH9, PTPN22, IFNG, TRBC2, RESF1, HCST, CD44, RGCC, TRAC, CD7, EVL, JUN, GZMH, THEMIS, LINC01871, UBC, ITGA1",CELLxGENE Census 2025-11-08,1b350d0a-4535-4879-beb6-1142f3f94947,cite_seq_protein,orthogonal_molecular,CITE-seq multimodal classifier used RNA plus ADT protein labels across tissues; strong but not pure protein gating.,Wells et al. 2025 Nat Immunol DOI:10.1038/s41590-025-02241-4,2025-06-18,,True,2026-06-17,low,subtype,data/raw/wells_lung.h5ad,scanpy.rank_genes_groups[wilcoxon]+autozyme,1500,immune,37,CD8 T cell,subtype_resolution,
wells_lung__gamma_delta_T_cell,wells_lung,lung,human,Gamma-delta T cell,T cell,hard,rare_or_state,gamma-delta/gamma delta/gd T/γδ,1,"NKG7, CTSW, CCL5, HLA-C, KLRD1, CST7, HCST, DUSP2, CD3D, HLA-B, GZMH, IFITM1, PRF1, HLA-A, GZMM, CD3G, CD3E, GZMA, CCL4, HLA-E, IL32, TRDV1, GZMB, KLRK1, PIK3R1, B2M, TRDC, ABHD17A, ITGB2, CD99, FYN, KLRC2, TRBC2, ZEB2, FCGR3A, PPP2R5C, GNLY, S1PR5, PTPRC, CD7, ZAP70, KLRG1, PFN1, HOPX, TRBC1, HLA-F, SPON2, PRKCH, EFHD2, ADGRG1",CELLxGENE Census 2025-11-08,1b350d0a-4535-4879-beb6-1142f3f94947,cite_seq_protein,orthogonal_molecular,CITE-seq multimodal classifier used RNA plus ADT protein labels across tissues; strong but not pure protein gating.,Wells et al. 2025 Nat Immunol DOI:10.1038/s41590-025-02241-4,2025-06-18,,True,2026-06-17,low,subtype,data/raw/wells_lung.h5ad,scanpy.rank_genes_groups[wilcoxon]+autozyme,1500,immune,38,T cell,rare_or_state,
wells_lung__naive_B_cell,wells_lung,lung,human,Naive B cell,B cell,medium,subtype_resolution,naive;B cell/B-cell/B lymphocyte,2,"CD37, CD79A, CD74, MS4A1, HLA-DRA, CD83, HLA-DPA1, HLA-DRB1, LAPTM5, IGHM, LINC00926, HLA-DPB1, HLA-DQB1, BANK1, HLA-DQA1, AFF3, HLA-DRB5, TNFRSF13C, IRF8, KLF2, YBX3, CD79B, RALGPS2, BTG1, IGHD, NIBAN3, JUND, TXNIP, FCRL1, RCSD1, FCMR, P2RX5, NCF1, TCL1A, BACH2, MEF2C, TSC22D3, HLA-DMA, FCER2, STAG3, LY9, CD52, SMAP2, EZR, BLK, CXCR4, LYN, FAU, CD55, EEF2",CELLxGENE Census 2025-11-08,1b350d0a-4535-4879-beb6-1142f3f94947,cite_seq_protein,orthogonal_molecular,CITE-seq multimodal classifier used RNA plus ADT protein labels across tissues; strong but not pure protein gating.,Wells et al. 2025 Nat Immunol DOI:10.1038/s41590-025-02241-4,2025-06-18,,True,2026-06-17,low,subtype,data/raw/wells_lung.h5ad,scanpy.rank_genes_groups[wilcoxon]+autozyme,1262,immune,39,B cell,subtype_resolution,
wells_lung__naive_thymus_derived_CD4_positive_alpha_beta_T_cell,wells_lung,lung,human,Naive CD4 T cell,CD4 T cell,medium,subtype_resolution,naive;CD4/CD4-positive/T helper/helper,2,"EEF1B2, EEF1A1, CCR7, PABPC1, LEF1, TCF7, NACA, TPT1, EEF1G, SARAF, SELL, GAS5, NOSIP, SNHG29, LDHB, RACK1, MAL, EEF1D, NOP53, SOCS3, PRKCQ-AS1, NPM1, EIF3E, UBA52, IL7R, TSHZ2, TMEM123, LEPROTL1, FAU, ARID5A, NDFIP1, BTF3, TOMM7, PCED1B-AS1, SATB1, ADTRP, TRABD2A, IL6ST, KLF2, ITGA6, RCAN3, SOD1, LTB, CD48, PLAC8, BCL11B, RAPGEF6, PIK3IP1, EIF3H, RSL1D1",CELLxGENE Census 2025-11-08,1b350d0a-4535-4879-beb6-1142f3f94947,cite_seq_protein,orthogonal_molecular,CITE-seq multimodal classifier used RNA plus ADT protein labels across tissues; strong but not pure protein gating.,Wells et al. 2025 Nat Immunol DOI:10.1038/s41590-025-02241-4,2025-06-18,,True,2026-06-17,low,subtype,data/raw/wells_lung.h5ad,scanpy.rank_genes_groups[wilcoxon]+autozyme,1500,immune,40,CD4 T cell,subtype_resolution,
wells_lung__plasmablast,wells_lung,lung,human,Plasmablast,B cell,medium,subtype_resolution,plasmablast/plasma cell/antibody-secreting,1,"TXNDC5, MZB1, HSP90B1, POU2AF1, SUB1, PPIB, MYBL2, SEC11C, JCHAIN, MYDGF, SDF2L1, TNFRSF17, UBE2J1, SRM, PDIA4, DERL3, SSR3, PDIA6, CLPTM1L, NME1, LMAN1, MIF, P4HB, MTDH, EAF2, RRM2, SEC61B, XBP1, PRDX4, MANF, SYNE3-AS1, MKI67, TK1, SPCS2, CALR, TYMS, CCND2, FKBP11, GGH, PCLAF, SEC61G, ARID3A, BIRC5, CPNE5, GMPPB, LRRC59, GAPDH, ATP5MC3, ISOC2, SHCBP1",CELLxGENE Census 2025-11-08,1b350d0a-4535-4879-beb6-1142f3f94947,cite_seq_protein,orthogonal_molecular,CITE-seq multimodal classifier used RNA plus ADT protein labels across tissues; strong but not pure protein gating.,Wells et al. 2025 Nat Immunol DOI:10.1038/s41590-025-02241-4,2025-06-18,,True,2026-06-17,low,subtype,data/raw/wells_lung.h5ad,scanpy.rank_genes_groups[wilcoxon]+autozyme,625,immune,41,B cell,subtype_resolution,
wells_lung__immature_innate_lymphoid_cell,wells_lung,lung,human,Immature ILC,Innate lymphoid cell,hard,rare_or_state,innate lymphoid/ILC;immature/precursor,2,"GNLY, NKG7, KLRD1, CTSW, CD7, GZMB, TYROBP, XCL2, PRF1, KLRF1, HOPX, CD247, IFITM2, XCL1, IL2RB, RUNX3, MATK, CST7, FCER1G, TRDC, IER2, KLRK1, AREG, METRNL, KLRC1, TXK, IRF1, JAK1, CMC1, CLIC3, UBB, KIR2DL4, BHLHE40, IGFBP7, MAFF, TNFRSF18, EFHD2, PLAC8, KLRC3, NFKBIA, H3-3B, HSH2D, SAMD3, CCL4, SEPTIN7, IER3, MAP3K8, GZMA, HCST, LITAF",CELLxGENE Census 2025-11-08,1b350d0a-4535-4879-beb6-1142f3f94947,cite_seq_protein,orthogonal_molecular,CITE-seq multimodal classifier used RNA plus ADT protein labels across tissues; strong but not pure protein gating.,Wells et al. 2025 Nat Immunol DOI:10.1038/s41590-025-02241-4,2025-06-18,,True,2026-06-17,low,subtype,data/raw/wells_lung.h5ad,scanpy.rank_genes_groups[wilcoxon]+autozyme,1500,immune,42,Innate lymphoid cell,rare_or_state,
wells_lung__memory_B_cell,wells_lung,lung,human,Memory B cell,B cell,medium,subtype_resolution,memory;B cell/B-cell,2,"CD79A, MS4A1, CD74, BANK1, HLA-DRA, CD37, HLA-DPA1, HLA-DPB1, HLA-DRB1, HLA-DQA1, CD83, HLA-DQB1, TNFRSF13C, BLK, RALGPS2, HLA-DRB5, IRF8, CD79B, LAPTM5, LINC00926, EEF2, EZR, MEF2C, CD19, SWAP70, ARHGAP24, HLA-DMA, POU2F2, MARCKS, KLF2, LY9, LTB, CD52, SYNGR2, TNFRSF13B, ADAM28, CD24, EEF1G, P2RX5, IGHA1, FCMR, TCF4, POU2AF1, NCF1, AFF3, EEF1B2, LY86, MARCHF1, SPIB, SMAP2",CELLxGENE Census 2025-11-08,1b350d0a-4535-4879-beb6-1142f3f94947,cite_seq_protein,orthogonal_molecular,CITE-seq multimodal classifier used RNA plus ADT protein labels across tissues; strong but not pure protein gating.,Wells et al. 2025 Nat Immunol DOI:10.1038/s41590-025-02241-4,2025-06-18,,True,2026-06-17,low,subtype,data/raw/wells_lung.h5ad,scanpy.rank_genes_groups[wilcoxon]+autozyme,1500,immune,43,B cell,subtype_resolution,
wells_lung__central_memory_CD8_positive_alpha_beta_T_cell,wells_lung,lung,human,Central memory CD8 T cell,CD8 T cell,hard,rare_or_state,central memory/Tcm/CM;CD8,2,"CD8B, CD8A, IL7R, SELL, TOB1, LIME1, TPT1, IL32, LDHB, CD3D, NOSIP, TCF7, EEF1A1, ZFP36L2, LEF1, BCL11B, RACK1, LINC02446, TNFAIP3, GATA3, NDFIP1, SARAF, TRAC, NOP53, ITK, ANXA1, FAU, EEF1G, KLF2, GPR171, MAL, SORL1, GAS5, YBX3, PASK, CD3G, UBA52, NELL2, CD3E, LTB, PRKCQ-AS1, RCAN3, SNHG6, KLRK1, BTF3, NIBAN1, FXYD5, FAM107B, ARID5B, EZR",CELLxGENE Census 2025-11-08,1b350d0a-4535-4879-beb6-1142f3f94947,cite_seq_protein,orthogonal_molecular,CITE-seq multimodal classifier used RNA plus ADT protein labels across tissues; strong but not pure protein gating.,Wells et al. 2025 Nat Immunol DOI:10.1038/s41590-025-02241-4,2025-06-18,,True,2026-06-17,low,subtype,data/raw/wells_lung.h5ad,scanpy.rank_genes_groups[wilcoxon]+autozyme,237,immune,44,CD8 T cell,rare_or_state,
wells_lung__CD16_negative_CD56_bright_natural_killer_cell_human,wells_lung,lung,human,CD56-bright NK cell,NK cell,hard,subtype_resolution,CD56-bright/CD56bright/immature NK/regulatory NK;NK/natural killer,2,"CD7, CMC1, KLRD1, KLRB1, CCL3, TYROBP, IL2RB, CD247, PIK3R1, KLRF1, GZMK, XCL2, CEBPD, CCL4, SRGN, NKG7, ARHGAP9, TXK, H3-3B, CST7, XCL1, FCER1G, FYN, METRNL, SYTL3, DUSP2, AREG, GZMA, CLIC3, CEMIP2, KLRK1, IER2, SPRY2, PRF1, KLRC1, AOAH, IRF1, MATK, CTSW, APMAP, BTG1, MCTP2, FOS, UBB, IFRD1, IFITM2, CCL5, STK17A, EIF3G, ZBTB16",CELLxGENE Census 2025-11-08,1b350d0a-4535-4879-beb6-1142f3f94947,cite_seq_protein,orthogonal_molecular,CITE-seq multimodal classifier used RNA plus ADT protein labels across tissues; strong but not pure protein gating.,Wells et al. 2025 Nat Immunol DOI:10.1038/s41590-025-02241-4,2025-06-18,,True,2026-06-17,low,subtype,data/raw/wells_lung.h5ad,scanpy.rank_genes_groups[wilcoxon]+autozyme,1500,immune,45,NK cell,subtype_resolution,
wells_lung__plasma_cell,wells_lung,lung,human,Plasma cell,B cell,easy,canonical_lineage,plasma cell/plasmablast/antibody-secreting,1,"MZB1, TXNDC5, JCHAIN, SSR4, DERL3, HSP90B1, PRDX4, SEC11C, FKBP11, POU2AF1, HERPUD1, XBP1, IGHA1, FCRL5, IGKC, FKBP2, TRIB1, ITM2C, TNFRSF17, CD79A, SPAG4, HDLBP, CD27, SELENOS, MYDGF, COBLL1, UBE2J1, PDIA4, SSR3, CHPF, TXNDC11, HM13, LMAN1, SDF2L1, SPCS2, SDC1, PPIB, CD38, ST6GAL1, RRBP1, PLPP5, IGHA2, SLAMF7, SPATS2, IGLC1, CRELD2, TP53INP1, CKAP4, MANF, TPD52",CELLxGENE Census 2025-11-08,1b350d0a-4535-4879-beb6-1142f3f94947,cite_seq_protein,orthogonal_molecular,CITE-seq multimodal classifier used RNA plus ADT protein labels across tissues; strong but not pure protein gating.,Wells et al. 2025 Nat Immunol DOI:10.1038/s41590-025-02241-4,2025-06-18,,True,2026-06-17,low,subtype,data/raw/wells_lung.h5ad,scanpy.rank_genes_groups[wilcoxon]+autozyme,271,immune,46,B cell,canonical_lineage,
wells_lung__naive_thymus_derived_CD8_positive_alpha_beta_T_cell,wells_lung,lung,human,Naive CD8 T cell,CD8 T cell,medium,subtype_resolution,naive;CD8/CD8-positive/cytotoxic,2,"CD8B, LEF1, EEF1A1, LINC02446, TCF7, PABPC1, EEF1B2, CD8A, CCR7, SELL, SARAF, EEF1G, IL7R, RACK1, NOSIP, NACA, GAS5, TOB1, LDHB, NDFIP1, NOP53, LEPROTL1, TPT1, EEF1D, GYPC, IFITM1, EEF2, PDE3B, BTF3, KLF2, CD55, FAU, NELL2, NPM1, ABLIM1, CD3E, MAL, PIK3IP1, SNHG29, TMEM123, CAMK4, PASK, ACTN1, PRKCQ-AS1, NUCB2, CD27, C12orf57, CD3D, EIF3E, TRABD2A",CELLxGENE Census 2025-11-08,1b350d0a-4535-4879-beb6-1142f3f94947,cite_seq_protein,orthogonal_molecular,CITE-seq multimodal classifier used RNA plus ADT protein labels across tissues; strong but not pure protein gating.,Wells et al. 2025 Nat Immunol DOI:10.1038/s41590-025-02241-4,2025-06-18,,True,2026-06-17,low,subtype,data/raw/wells_lung.h5ad,scanpy.rank_genes_groups[wilcoxon]+autozyme,995,immune,47,CD8 T cell,subtype_resolution,
wells_lung__group_3_innate_lymphoid_cell,wells_lung,lung,human,Group 3 ILC,Innate lymphoid cell,hard,rare_or_state,ILC3/group 3 innate/innate lymphoid,1,"IL7R, AREG, NFKBIA, FOS, KLRB1, TNFAIP3, FXYD5, TSC22D3, TNFRSF18, TLE1, XCL1, DUSP1, KIT, FOSB, ZFP36, SEC11A, BTG1, TMIGD2, ID2, ZFP36L2, JUND, XCL2, ZFP36L1, SSBP2, TNFRSF4, PNRC1, TMX4, RUNX2, TYROBP, SPRY1, NR4A1, SMARCA2, TPT1, CITED2, TNFSF11, TNFRSF25, SCN1B, SOX4, MIR23AHG, ZBTB16, IL1R1, SLC16A3, PCDH9, KLF6, AHR, FCER1G, LINC00299, NFKB1, EEF1A1, FXYD7",CELLxGENE Census 2025-11-08,1b350d0a-4535-4879-beb6-1142f3f94947,cite_seq_protein,orthogonal_molecular,CITE-seq multimodal classifier used RNA plus ADT protein labels across tissues; strong but not pure protein gating.,Wells et al. 2025 Nat Immunol DOI:10.1038/s41590-025-02241-4,2025-06-18,,True,2026-06-17,low,subtype,data/raw/wells_lung.h5ad,scanpy.rank_genes_groups[wilcoxon]+autozyme,266,immune,48,Innate lymphoid cell,rare_or_state,
wells_lung__progenitor_cell,wells_lung,lung,human,Progenitor cell,Progenitor,hard,rare_or_state,progenitor/precursor/CD34/stem,1,"AIF1, SERPINB1, TALDO1, MACROH2A1, IGFBP7, ENO1, TKT, LST1, GSTP1, SOX4, STMN1, PGD, H3-3A, SPI1, SNHG29, PRSS57, LMO2, EREG, GAPDH, APLP2, ANP32B, VAMP8, CCDC88A, HMGB1, RNF130, ARMH1, CAT, BEX3, MGST1, YBX3, HMGA1, NUCB2, LYZ, CD302, GCA, SPTLC2, MBOAT7, PLIN3, ETV6, RAB13, LYL1, HSBP1, ANKRD28, CLEC11A, CSF3R, CDK6, GNA15, DEK, YWHAE, IRAK3",CELLxGENE Census 2025-11-08,1b350d0a-4535-4879-beb6-1142f3f94947,cite_seq_protein,orthogonal_molecular,CITE-seq multimodal classifier used RNA plus ADT protein labels across tissues; strong but not pure protein gating.,Wells et al. 2025 Nat Immunol DOI:10.1038/s41590-025-02241-4,2025-06-18,,True,2026-06-17,low,subtype,data/raw/wells_lung.h5ad,scanpy.rank_genes_groups[wilcoxon]+autozyme,339,immune,49,Progenitor,rare_or_state,
wells_lung__plasmacytoid_dendritic_cell,wells_lung,lung,human,Plasmacytoid dendritic cell,Dendritic cell,medium,subtype_resolution,plasmacytoid/pDC;dendritic/DC,2,"TCF4, APP, PPP1R14B, SEC61B, IRF7, SOX4, PLD4, IRF8, UGCG, ITM2C, IL3RA, CCDC50, JCHAIN, LILRA4, PLAC8, GZMB, SERPINF1, SMPD3, LILRB4, IGKC, BCL11A, MZB1, SPIB, TSPAN13, MAP1A, GAS6, RAB11FIP1, LDLRAD4, CYB561A3, SHD, RNASET2, MAPKAPK2, DERL3, CD2AP, SCT, PTPRE, HSP90B1, SLC15A4, PLP2, CST3, C12orf75, RNASE6, SPCS1, VEGFB, TGFBI, TPM2, SEL1L3, SRP14, AFF3, IRF4",CELLxGENE Census 2025-11-08,1b350d0a-4535-4879-beb6-1142f3f94947,cite_seq_protein,orthogonal_molecular,CITE-seq multimodal classifier used RNA plus ADT protein labels across tissues; strong but not pure protein gating.,Wells et al. 2025 Nat Immunol DOI:10.1038/s41590-025-02241-4,2025-06-18,,True,2026-06-17,low,subtype,data/raw/wells_lung.h5ad,scanpy.rank_genes_groups[wilcoxon]+autozyme,228,immune,50,Dendritic cell,subtype_resolution,
wells_spleen__naive_B_cell,wells_spleen,spleen,human,Naive B cell,B cell,medium,subtype_resolution,naive;B cell/B-cell/B lymphocyte,2,"CD37, CD79A, CD74, HLA-DRA, MS4A1, HLA-DRB1, LAPTM5, HLA-DQB1, IGHM, LINC00926, CD83, HLA-DPA1, HLA-DPB1, TCL1A, HLA-DQA1, FCER2, YBX3, CD52, BANK1, NIBAN3, AFF3, IRF8, CD79B, FCRL1, NCF1, P2RX5, IGHD, RALGPS2, BLK, BACH2, HLA-DRB5, HLA-DMA, HVCN1, FCMR, CD22, TNFRSF13C, LTB, CD19, KLF2, FAU, SNX2, HLA-DMB, MEF2C, JUND, EZR, CD55, LYN, SWAP70, RACK1, ARHGAP24",CELLxGENE Census 2025-11-08,1b350d0a-4535-4879-beb6-1142f3f94947,cite_seq_protein,orthogonal_molecular,CITE-seq multimodal classifier used RNA plus ADT protein labels across tissues; strong but not pure protein gating.,Wells et al. 2025 Nat Immunol DOI:10.1038/s41590-025-02241-4,2025-06-18,,True,2026-06-17,low,subtype,data/raw/wells_spleen.h5ad,scanpy.rank_genes_groups[wilcoxon]+autozyme,1500,immune,51,B cell,subtype_resolution,
wells_spleen__CD16_negative_CD56_bright_natural_killer_cell_human,wells_spleen,spleen,human,CD56-bright NK cell,NK cell,hard,subtype_resolution,CD56-bright/CD56bright/immature NK/regulatory NK;NK/natural killer,2,"CD7, CMC1, TYROBP, FCER1G, KLRD1, KLRB1, KLRF1, CEBPD, TXK, CD247, IL2RB, SRGN, GZMA, GSTP1, ARHGAP9, NKG7, KLRK1, CCL3, IFITM2, XCL1, GZMK, XCL2, FYN, IFITM1, CD81, CD160, CLIC3, CCL4, H3-3B, KLRC1, MAPK1, CST7, ALOX5AP, CTSW, APMAP, AOAH, MATK, MCTP2, PTGDR, AREG, HCST, PRF1, TLE1, CTSD, NFKBIA, STK17A, ZBTB16, PARP8, EOMES, CD63",CELLxGENE Census 2025-11-08,1b350d0a-4535-4879-beb6-1142f3f94947,cite_seq_protein,orthogonal_molecular,CITE-seq multimodal classifier used RNA plus ADT protein labels across tissues; strong but not pure protein gating.,Wells et al. 2025 Nat Immunol DOI:10.1038/s41590-025-02241-4,2025-06-18,,True,2026-06-17,low,subtype,data/raw/wells_spleen.h5ad,scanpy.rank_genes_groups[wilcoxon]+autozyme,1500,immune,52,NK cell,subtype_resolution,
wells_spleen__gamma_delta_T_cell,wells_spleen,spleen,human,Gamma-delta T cell,T cell,hard,rare_or_state,gamma-delta/gamma delta/gd T/γδ,1,"CCL5, KLRD1, CTSW, CST7, NKG7, CCL4, HLA-C, IL32, DUSP2, HCST, CD3E, HLA-A, CD3D, CMC1, PTPRC, TRDC, KLRK1, FYN, SYTL3, GZMM, HLA-B, AOAH, CD3G, CBLB, CD7, PIK3R1, GZMA, HLA-E, KLRG1, CD99, HLA-F, ZEB2, B2M, IFITM1, SRGN, CCL3, TRDV1, PARP8, KLRC2, LCK, TRGC2, PPP2R5C, XCL2, PRKCH, MAPK1, TRBC2, EOMES, TRBC1, RUNX3, ETS1",CELLxGENE Census 2025-11-08,1b350d0a-4535-4879-beb6-1142f3f94947,cite_seq_protein,orthogonal_molecular,CITE-seq multimodal classifier used RNA plus ADT protein labels across tissues; strong but not pure protein gating.,Wells et al. 2025 Nat Immunol DOI:10.1038/s41590-025-02241-4,2025-06-18,,True,2026-06-17,low,subtype,data/raw/wells_spleen.h5ad,scanpy.rank_genes_groups[wilcoxon]+autozyme,1500,immune,53,T cell,rare_or_state,
wells_spleen__effector_memory_CD8_positive_alpha_beta_T_cell_terminally_differentiated,wells_spleen,spleen,human,Terminally differentiated EM CD8 T cell (TEMRA),CD8 T cell,hard,rare_or_state,terminally differentiated/TEMRA/CD45RA.*effector;CD8,2,"CCL5, CST7, KLRD1, CD8A, NKG7, GZMA, CTSW, HLA-C, CD3E, CCL4, B2M, CMC1, HCST, CD3D, HLA-A, KLRK1, DUSP2, IL32, CD8B, PTPRC, FYN, HLA-E, PIK3R1, SYTL3, GZMK, CD3G, HLA-B, KLRC2, GZMM, ZEB2, CD99, GZMH, KLRG1, LYAR, AOAH, PARP8, PPP2R5C, CBLB, ZFP36L2, PLAAT4, LCK, HLA-F, EOMES, CCL3, PTP4A2, SRGN, ETS1, BTG1, TUBA4A, STK17A",CELLxGENE Census 2025-11-08,1b350d0a-4535-4879-beb6-1142f3f94947,cite_seq_protein,orthogonal_molecular,CITE-seq multimodal classifier used RNA plus ADT protein labels across tissues; strong but not pure protein gating.,Wells et al. 2025 Nat Immunol DOI:10.1038/s41590-025-02241-4,2025-06-18,,True,2026-06-17,low,subtype,data/raw/wells_spleen.h5ad,scanpy.rank_genes_groups[wilcoxon]+autozyme,1500,immune,54,CD8 T cell,rare_or_state,
wells_spleen__naive_thymus_derived_CD4_positive_alpha_beta_T_cell,wells_spleen,spleen,human,Naive CD4 T cell,CD4 T cell,medium,subtype_resolution,naive;CD4/CD4-positive/T helper/helper,2,"TPT1, NOSIP, EEF1A1, TCF7, EEF1B2, LEF1, CCR7, NACA, LDHB, EEF1G, GAS5, SELL, PABPC1, RACK1, SNHG29, UBA52, KLF2, SARAF, FAU, PRKCQ-AS1, NOP53, RGS10, LTB, NDFIP1, EEF1D, RGCC, EIF3E, NPM1, MAL, LEPROTL1, SOCS3, BTF3, TRABD2A, TOMM7, CAMK4, TMSB10, FOXP1, EIF3H, BCL11B, CHASERR, FLT3LG, CD3D, PFDN5, RCAN3, TSHZ2, TMEM123, CHRM3-AS2, ABLIM1, SATB1, FHIT",CELLxGENE Census 2025-11-08,1b350d0a-4535-4879-beb6-1142f3f94947,cite_seq_protein,orthogonal_molecular,CITE-seq multimodal classifier used RNA plus ADT protein labels across tissues; strong but not pure protein gating.,Wells et al. 2025 Nat Immunol DOI:10.1038/s41590-025-02241-4,2025-06-18,,True,2026-06-17,low,subtype,data/raw/wells_spleen.h5ad,scanpy.rank_genes_groups[wilcoxon]+autozyme,1500,immune,55,CD4 T cell,subtype_resolution,
wells_spleen__immature_innate_lymphoid_cell,wells_spleen,spleen,human,Immature ILC,Innate lymphoid cell,hard,rare_or_state,innate lymphoid/ILC;immature/precursor,2,"GNLY, CTSW, NKG7, KLRD1, TYROBP, CD7, IFITM2, FCER1G, GZMB, HOPX, XCL2, KLRF1, PRF1, AREG, MATK, CMC1, IL2RB, BHLHE40, EFHD2, KLRC1, XCL1, NFKBIA, SELL, CLIC3, JAK1, SAMD3, KLRK1, CD300A, IFITM3, IRF1, HCST, TXK, RUNX3, TNFRSF18, TRDC, CST7, ITGAX, IGFBP7, BIN2, HSH2D, CD247, MCTP2, ARL4C, TPST2, PTPN12, MIR23AHG, PLAC8, NCAM1, METRNL, ARHGAP9",CELLxGENE Census 2025-11-08,1b350d0a-4535-4879-beb6-1142f3f94947,cite_seq_protein,orthogonal_molecular,CITE-seq multimodal classifier used RNA plus ADT protein labels across tissues; strong but not pure protein gating.,Wells et al. 2025 Nat Immunol DOI:10.1038/s41590-025-02241-4,2025-06-18,,True,2026-06-17,low,subtype,data/raw/wells_spleen.h5ad,scanpy.rank_genes_groups[wilcoxon]+autozyme,1500,immune,56,Innate lymphoid cell,rare_or_state,
wells_spleen__central_memory_CD4_positive_alpha_beta_T_cell,wells_spleen,spleen,human,Central memory CD4 T cell,CD4 T cell,hard,rare_or_state,central memory/Tcm/CM;CD4,2,"TCF7, TPT1, LDHB, LTB, EEF1A1, LEF1, FYB1, FXYD5, JUNB, MAL, IL7R, SELL, CD3D, CCR7, DNAJB1, GPR183, EEF1B2, SLC2A3, NOSIP, SOCS3, RGCC, SARAF, INPP4B, NACA, VIM, EEF1G, GAS5, BCL11B, RCAN3, SPOCK2, CD3G, PABPC1, CAMK4, CD6, CD5, CD3E, FAU, HSPA8, ANXA1, RACK1, TNFAIP3, TOMM7, CD40LG, GSTK1, NOP53, UBA52, ITK, DGKA, GIMAP7, FLT3LG",CELLxGENE Census 2025-11-08,1b350d0a-4535-4879-beb6-1142f3f94947,cite_seq_protein,orthogonal_molecular,CITE-seq multimodal classifier used RNA plus ADT protein labels across tissues; strong but not pure protein gating.,Wells et al. 2025 Nat Immunol DOI:10.1038/s41590-025-02241-4,2025-06-18,,True,2026-06-17,low,subtype,data/raw/wells_spleen.h5ad,scanpy.rank_genes_groups[wilcoxon]+autozyme,1500,immune,57,CD4 T cell,rare_or_state,
wells_spleen__central_memory_CD8_positive_alpha_beta_T_cell,wells_spleen,spleen,human,Central memory CD8 T cell,CD8 T cell,hard,rare_or_state,central memory/Tcm/CM;CD8,2,"CD8B, ANXA1, CD8A, TPT1, TOB1, VIM, EEF1A1, IL7R, LDHB, S100A10, LEF1, NOSIP, TNFAIP3, ITGB1, NDFIP1, KLF2, RGCC, GATA3, LMNA, SARAF, SELL, FAM107B, S100A4, TCF7, SPOCK2, LIME1, UBA52, IL32, CCR7, LTB, GAS5, ITK, TESPA1, CD52, ZFP36L2, SORL1, CAMK4, CD44, RACK1, S100A6, NOP53, CD3D, EEF2, AHNAK, CRIP1, FXYD5, EEF1G, RCAN3, FAU, LEPROTL1",CELLxGENE Census 2025-11-08,1b350d0a-4535-4879-beb6-1142f3f94947,cite_seq_protein,orthogonal_molecular,CITE-seq multimodal classifier used RNA plus ADT protein labels across tissues; strong but not pure protein gating.,Wells et al. 2025 Nat Immunol DOI:10.1038/s41590-025-02241-4,2025-06-18,,True,2026-06-17,low,subtype,data/raw/wells_spleen.h5ad,scanpy.rank_genes_groups[wilcoxon]+autozyme,388,immune,58,CD8 T cell,rare_or_state,
wells_spleen__plasma_cell,wells_spleen,spleen,human,Plasma cell,B cell,easy,canonical_lineage,plasma cell/plasmablast/antibody-secreting,1,"MZB1, SSR4, TXNDC5, XBP1, DERL3, FKBP11, FCRL5, JCHAIN, PRDX4, SPAG4, HSP90B1, HERPUD1, SEC11C, FKBP2, POU2AF1, ITM2C, RRBP1, SDC1, IGKC, HDLBP, GAS6, SDF2L1, IGHG1, TRIB1, CD38, ST6GAL1, SSR3, SIL1, ERLEC1, FNDC3B, SPCS2, CHPF, PLPP5, HM13, PDIA4, LINC03034, IGLC1, SPATS2, PDK1, CREB3L2, SEL1L3, TXNDC11, CPNE5, CLPTM1L, SELENOS, MYDGF, CRELD2, LMAN1, CKAP4, TNFRSF17",CELLxGENE Census 2025-11-08,1b350d0a-4535-4879-beb6-1142f3f94947,cite_seq_protein,orthogonal_molecular,CITE-seq multimodal classifier used RNA plus ADT protein labels across tissues; strong but not pure protein gating.,Wells et al. 2025 Nat Immunol DOI:10.1038/s41590-025-02241-4,2025-06-18,,True,2026-06-17,low,subtype,data/raw/wells_spleen.h5ad,scanpy.rank_genes_groups[wilcoxon]+autozyme,1500,immune,59,B cell,canonical_lineage,
wells_spleen__group_3_innate_lymphoid_cell,wells_spleen,spleen,human,Group 3 ILC,Innate lymphoid cell,hard,rare_or_state,ILC3/group 3 innate/innate lymphoid,1,"IL7R, AREG, FXYD5, PRR5, DUSP1, TLE1, NFKBIA, IL1R1, FOS, LINC00299, KIT, TMIGD2, RUNX2, TNFRSF18, TNFRSF25, KLRB1, ZFP36L1, IL18R1, CAT, SEC11A, ID2, TYROBP, MIR23AHG, PNRC1, PCDH9, JUN, AFF3, CIRBP, TNFAIP3, H1-10, ZFP36, TSC22D3, ZFP36L2, AHR, FOSB, NRIP1, TXNIP, SESN1, SSBP2, FKBP5, TNFRSF4, IER2, TMX4, RORC, SCN1B, CITED2, HNRNPUL1, ENSG00000276216, INTS6, TRBC1",CELLxGENE Census 2025-11-08,1b350d0a-4535-4879-beb6-1142f3f94947,cite_seq_protein,orthogonal_molecular,CITE-seq multimodal classifier used RNA plus ADT protein labels across tissues; strong but not pure protein gating.,Wells et al. 2025 Nat Immunol DOI:10.1038/s41590-025-02241-4,2025-06-18,,True,2026-06-17,low,subtype,data/raw/wells_spleen.h5ad,scanpy.rank_genes_groups[wilcoxon]+autozyme,1187,immune,60,Innate lymphoid cell,rare_or_state,
wells_spleen__memory_B_cell,wells_spleen,spleen,human,Memory B cell,B cell,medium,subtype_resolution,memory;B cell/B-cell,2,"MS4A1, CD79A, BANK1, HLA-DRA, CD74, HLA-DQA1, HLA-DPB1, HLA-DPA1, HLA-DRB1, CD37, HLA-DQB1, CD79B, TNFRSF13C, RALGPS2, CD19, IRF8, BLK, MARCKS, CD83, SWAP70, VPREB3, LY86, EEF1B2, LTB, CD52, ARHGAP24, P2RX5, CD22, HLA-DRB5, EEF1G, MEF2C, EEF2, FCRLA, NCF1, TNFRSF13B, LINC00926, BLNK, SMIM14, POU2AF1, HLA-DMA, RACK1, SYNGR2, HLA-DMB, CD24, LINC01857, BCL11A, AFF3, PDLIM1, POU2F2, ADAM28",CELLxGENE Census 2025-11-08,1b350d0a-4535-4879-beb6-1142f3f94947,cite_seq_protein,orthogonal_molecular,CITE-seq multimodal classifier used RNA plus ADT protein labels across tissues; strong but not pure protein gating.,Wells et al. 2025 Nat Immunol DOI:10.1038/s41590-025-02241-4,2025-06-18,,True,2026-06-17,low,subtype,data/raw/wells_spleen.h5ad,scanpy.rank_genes_groups[wilcoxon]+autozyme,1500,immune,61,B cell,subtype_resolution,
wells_spleen__naive_thymus_derived_CD8_positive_alpha_beta_T_cell,wells_spleen,spleen,human,Naive CD8 T cell,CD8 T cell,medium,subtype_resolution,naive;CD8/CD8-positive/cytotoxic,2,"CD8B, LINC02446, LEF1, EEF1A1, CCR7, CD8A, NOSIP, TCF7, SELL, EEF1B2, TPT1, GAS5, RACK1, LDHB, EEF1G, RGS10, PABPC1, NACA, NDFIP1, NELL2, ABLIM1, PDE3B, SARAF, BTF3, GYPC, LEPROTL1, TOB1, RGCC, ACTN1, NPM1, SNHG29, TMSB10, KLF2, PRKCQ-AS1, CD55, EIF3E, TRABD2A, YBX3, VIM, CD3D, OXNAD1, MAL, FAU, PCED1B-AS1, NOP53, CAMK4, CD3E, EEF2, FLT3LG, CNN2",CELLxGENE Census 2025-11-08,1b350d0a-4535-4879-beb6-1142f3f94947,cite_seq_protein,orthogonal_molecular,CITE-seq multimodal classifier used RNA plus ADT protein labels across tissues; strong but not pure protein gating.,Wells et al. 2025 Nat Immunol DOI:10.1038/s41590-025-02241-4,2025-06-18,,True,2026-06-17,low,subtype,data/raw/wells_spleen.h5ad,scanpy.rank_genes_groups[wilcoxon]+autozyme,1500,immune,62,CD8 T cell,subtype_resolution,
wells_spleen__effector_memory_CD4_positive_alpha_beta_T_cell_terminally_differentiated,wells_spleen,spleen,human,Terminally differentiated EM CD4 T cell (TEMRA),CD4 T cell,hard,rare_or_state,terminally differentiated/TEMRA;CD4,2,"FGFBP2, GZMH, S100A4, NKG7, HLA-C, B2M, SH3BGRL3, GNLY, PRF1, CCL5, CD52, ITGB1, GZMA, GZMB, EFHD2, CD99, S100A6, CST7, HOPX, ZEB2, ANXA1, IL32, FLNA, CD3G, HLA-B, TMSB10, S100A10, CD2, SELPLG, RAP1B, LYAR, KLRG1, IL7R, CALM1, EMP3, HLA-E, AHNAK, ARL4C, CD3D, CX3CR1, CRIP1, ABHD17A, ITGB2, CD3E, PFN1, ADGRG1, GIMAP7, LITAF, PCED1B-AS1, SYNE2",CELLxGENE Census 2025-11-08,1b350d0a-4535-4879-beb6-1142f3f94947,cite_seq_protein,orthogonal_molecular,CITE-seq multimodal classifier used RNA plus ADT protein labels across tissues; strong but not pure protein gating.,Wells et al. 2025 Nat Immunol DOI:10.1038/s41590-025-02241-4,2025-06-18,,True,2026-06-17,low,subtype,data/raw/wells_spleen.h5ad,scanpy.rank_genes_groups[wilcoxon]+autozyme,902,immune,63,CD4 T cell,rare_or_state,
wells_spleen__CD16_positive_CD56_dim_natural_killer_cell_human,wells_spleen,spleen,human,CD56-dim NK cell,NK cell,hard,subtype_resolution,CD56-dim/CD56dim/CD16-positive/cytotoxic NK;NK/natural killer,2,"NKG7, GZMB, PRF1, GNLY, FGFBP2, CST7, CD247, FCGR3A, KLRD1, SPON2, EFHD2, CTSW, TYROBP, GZMA, CYBA, CLIC3, CD7, ITGB2, KLRF1, HLA-C, HOPX, ABHD17A, ARL4C, LITAF, ZEB2, ADGRG1, IFITM2, CCL4, B2M, METRNL, HLA-B, S1PR5, FCER1G, HLA-E, SYTL3, GZMM, IFITM1, HLA-A, GZMH, CCL5, CD99, FLNA, SYNE1, SH2D2A, BIN2, HCST, PFN1, CALM1, TBX21, SELPLG",CELLxGENE Census 2025-11-08,1b350d0a-4535-4879-beb6-1142f3f94947,cite_seq_protein,orthogonal_molecular,CITE-seq multimodal classifier used RNA plus ADT protein labels across tissues; strong but not pure protein gating.,Wells et al. 2025 Nat Immunol DOI:10.1038/s41590-025-02241-4,2025-06-18,,True,2026-06-17,low,subtype,data/raw/wells_spleen.h5ad,scanpy.rank_genes_groups[wilcoxon]+autozyme,1500,immune,64,NK cell,subtype_resolution,
wells_spleen__effector_memory_CD4_positive_alpha_beta_T_cell,wells_spleen,spleen,human,Effector memory CD4 T cell,CD4 T cell,hard,rare_or_state,effector memory/Tem/EM;CD4,2,"IL32, JUNB, CD3D, CD3E, FYB1, IL7R, CD2, GIMAP7, CD3G, CD40LG, CD6, LTB, JUN, LCK, GIMAP4, ZFP36L2, GIMAP5, CD69, GSTK1, INPP4B, CD5, DNAJB1, B2M, FOS, LDHB, LAT, SRSF7, TCF7, FXYD5, BCL11B, IFITM1, GPR183, KLF6, SPOCK2, EEF1A1, LIME1, TOMM7, TMSB4X, TRAC, ITM2A, SLC2A3, COTL1, TRAT1, BTG1, HSPA8, TC2N, RESF1, ITK, TNFAIP3, ZFP36",CELLxGENE Census 2025-11-08,1b350d0a-4535-4879-beb6-1142f3f94947,cite_seq_protein,orthogonal_molecular,CITE-seq multimodal classifier used RNA plus ADT protein labels across tissues; strong but not pure protein gating.,Wells et al. 2025 Nat Immunol DOI:10.1038/s41590-025-02241-4,2025-06-18,,True,2026-06-17,low,subtype,data/raw/wells_spleen.h5ad,scanpy.rank_genes_groups[wilcoxon]+autozyme,1500,immune,65,CD4 T cell,rare_or_state,
wells_spleen__CD4_positive_CD25_positive_alpha_beta_regulatory_T_cell,wells_spleen,spleen,human,Regulatory T cell,CD4 T cell,hard,rare_or_state,regulatory/Treg/FOXP3/CD25;CD4,2,"FOXP3, IKZF2, IL32, CTLA4, CD3D, CD27, HSPA8, SPOCK2, FYB1, TIGIT, RGS1, ARID5B, LTB, LEF1, PBXIP1, BATF, FXYD5, CD3E, SOD1, LDHB, S100A4, IL2RA, TBC1D4, SELL, ICOS, CD28, LCK, DNAJB1, RTKN2, SKAP1, TRAC, DGKA, USP15, ICA1, GSTK1, TNFRSF4, ITK, SAMHD1, CD5, IL6ST, SESN3, RCAN3, JUNB, ACTB, SARAF, STAM, FCMR, EVL, PIM2, LAT",CELLxGENE Census 2025-11-08,1b350d0a-4535-4879-beb6-1142f3f94947,cite_seq_protein,orthogonal_molecular,CITE-seq multimodal classifier used RNA plus ADT protein labels across tissues; strong but not pure protein gating.,Wells et al. 2025 Nat Immunol DOI:10.1038/s41590-025-02241-4,2025-06-18,,True,2026-06-17,low,subtype,data/raw/wells_spleen.h5ad,scanpy.rank_genes_groups[wilcoxon]+autozyme,1500,immune,66,CD4 T cell,rare_or_state,
wells_spleen__mucosal_invariant_T_cell,wells_spleen,spleen,human,MAIT cell,T cell,hard,rare_or_state,MAIT/mucosal-associated invariant/mucosal invariant,1,"KLRB1, IL7R, CEBPD, CD8A, CD69, GZMK, S100A4, KLRG1, DUSP1, TRAV1-2, SPOCK2, PARP8, NFKBIA, SLC4A10, PRR5, RORA, JUN, LINC01871, NCR3, LCP1, DUSP2, CD3E, IL32, BTG1, ERN1, HLA-C, MYBL1, PRF1, ZBTB16, FOS, IFNGR1, HLA-B, GBP5, S100A6, PDCD4, MCL1, CCL5, ALOX5AP, ZFP36L2, IL18RAP, SRSF7, FYN, CD3D, JAML, NFKBIZ, HLA-A, ID2, ZFP36, CST7, PPP2R5C",CELLxGENE Census 2025-11-08,1b350d0a-4535-4879-beb6-1142f3f94947,cite_seq_protein,orthogonal_molecular,CITE-seq multimodal classifier used RNA plus ADT protein labels across tissues; strong but not pure protein gating.,Wells et al. 2025 Nat Immunol DOI:10.1038/s41590-025-02241-4,2025-06-18,,True,2026-06-17,low,subtype,data/raw/wells_spleen.h5ad,scanpy.rank_genes_groups[wilcoxon]+autozyme,1500,immune,67,T cell,rare_or_state,
wells_spleen__macrophage,wells_spleen,spleen,human,Macrophage,Macrophage,medium,canonical_lineage,macrophage,1,"CST3, AIF1, C1QA, C1QB, C1QC, CD68, TYROBP, MS4A7, HMOX1, FCER1G, CTSB, TMSB10, APOE, GLUL, TMSB4X, PSAP, SELENOP, SAT1, CD74, NPC2, SLC40A1, APOC1, IFI30, CD5L, LST1, HLA-DRA, BLVRB, S100A11, ITM2B, LIPA, CTSS, OAZ1, IGSF6, HLA-DRB1, CREG1, GABARAP, HLA-DPA1, CD163, FCGR3A, MS4A6A, FCGRT, ACTB, CD63, CPVL, RNASET2, FABP5, SPI1, CXCL12, VAMP8, CTSD",CELLxGENE Census 2025-11-08,1b350d0a-4535-4879-beb6-1142f3f94947,cite_seq_protein,orthogonal_molecular,CITE-seq multimodal classifier used RNA plus ADT protein labels across tissues; strong but not pure protein gating.,Wells et al. 2025 Nat Immunol DOI:10.1038/s41590-025-02241-4,2025-06-18,,True,2026-06-17,low,subtype,data/raw/wells_spleen.h5ad,scanpy.rank_genes_groups[wilcoxon]+autozyme,1500,immune,68,Macrophage,canonical_lineage,
wells_spleen__CD4_positive_alpha_beta_memory_T_cell,wells_spleen,spleen,human,Memory CD4 T cell,CD4 T cell,medium,subtype_resolution,memory;CD4/CD4-positive/helper,2,"JUNB, FYB1, FOS, ZFP36L2, JUN, CD69, IL7R, KLF6, SRSF7, BTG1, SARAF, FOSB, CD3D, CD3E, ITK, CD40LG, SLC2A3, JUND, TCF7, BCL11B, RESF1, ZFP36, EIF1, INPP4B, IL6ST, DUSP1, BTG2, PPP1R15A, GPR183, UBC, PNRC1, SPOCK2, DNAJB1, CXCR4, CD2, IL32, PIK3IP1, TSPYL2, GLIPR1, IDS, PASK, SOCS3, H3-3B, TNFAIP3, CCNH, CD6, DDX24, CAMK4, HSPA8, CD3G",CELLxGENE Census 2025-11-08,1b350d0a-4535-4879-beb6-1142f3f94947,cite_seq_protein,orthogonal_molecular,CITE-seq multimodal classifier used RNA plus ADT protein labels across tissues; strong but not pure protein gating.,Wells et al. 2025 Nat Immunol DOI:10.1038/s41590-025-02241-4,2025-06-18,,True,2026-06-17,low,subtype,data/raw/wells_spleen.h5ad,scanpy.rank_genes_groups[wilcoxon]+autozyme,1500,immune,69,CD4 T cell,subtype_resolution,
wells_spleen__mast_cell,wells_spleen,spleen,human,Mast cell,Mast cell,easy,canonical_lineage,mast cell/mastocyte,1,"TPSB2, CPA3, TPSAB1, HPGDS, KIT, GATA2, RHEX, LAPTM4A, CD63, IL1RL1, SRGN, VIM, MS4A2, TPSD1, S100A6, ANXA1, ALOX5AP, SLC18A2, HPGD, AREG, FCER1G, LTC4S, GLUL, FOSB, CAPG, H3-3B, BACE2, CLIC1, CNRIP1, MIR23AHG, HDC, TUBA1A, CD44, CD9, CST3, VWA5A, ARHGAP18, RGS1, RNF130, PTMA, GABARAP, TIMP1, PLIN2, ASAH1, CD82, H3-3A, ENSG00000233968, LDHB, KLF6, PNMT",CELLxGENE Census 2025-11-08,1b350d0a-4535-4879-beb6-1142f3f94947,cite_seq_protein,orthogonal_molecular,CITE-seq multimodal classifier used RNA plus ADT protein labels across tissues; strong but not pure protein gating.,Wells et al. 2025 Nat Immunol DOI:10.1038/s41590-025-02241-4,2025-06-18,,True,2026-06-17,low,subtype,data/raw/wells_spleen.h5ad,scanpy.rank_genes_groups[wilcoxon]+autozyme,112,immune,70,Mast cell,canonical_lineage,
wells_spleen__plasmacytoid_dendritic_cell,wells_spleen,spleen,human,Plasmacytoid dendritic cell,Dendritic cell,medium,subtype_resolution,plasmacytoid/pDC;dendritic/DC,2,"PLD4, IRF7, IRF8, IL3RA, TCF4, UGCG, PPP1R14B, SEC61B, ITM2C, LILRA4, APP, GZMB, SERPINF1, CCDC50, PLAC8, BCL11A, SOX4, SPIB, RNASE6, LILRB4, GPR183, CST3, PTPRE, SMPD3, JCHAIN, NPC2, LDLRAD4, CYB561A3, TSPAN13, TGFBI, C12orf75, PLP2, IGKC, CCDC88A, GAS6, NIBAN3, HLA-DRA, CD74, CTSB, STMN1, ALOX5AP, RAB11FIP1, TRAF4, RNASET2, CTSZ, CLIC3, UNC93B1, SPCS1, SLC15A4, MZB1",CELLxGENE Census 2025-11-08,1b350d0a-4535-4879-beb6-1142f3f94947,cite_seq_protein,orthogonal_molecular,CITE-seq multimodal classifier used RNA plus ADT protein labels across tissues; strong but not pure protein gating.,Wells et al. 2025 Nat Immunol DOI:10.1038/s41590-025-02241-4,2025-06-18,,True,2026-06-17,low,subtype,data/raw/wells_spleen.h5ad,scanpy.rank_genes_groups[wilcoxon]+autozyme,178,immune,71,Dendritic cell,subtype_resolution,
wells_spleen__plasmablast,wells_spleen,spleen,human,Plasmablast,B cell,medium,subtype_resolution,plasmablast/plasma cell/antibody-secreting,1,"TXNDC5, HSP90B1, PPIB, MZB1, SUB1, MYBL2, SEC11C, SDF2L1, POU2AF1, MYDGF, UBE2J1, XBP1, SSR3, SEC61B, JCHAIN, PDIA4, TNFRSF17, SRM, LMAN1, SPCS2, SEC61G, NME1, CLPTM1L, SPCS3, COPE, FKBP11, MANF, MTDH, GAPDH, ITM2C, PDIA6, DERL3, P4HB, CD38, MKI67, PRDX4, RRM2, PTTG1, CALR, RRBP1, HDLBP, KDELR2, PCLAF, EAF2, TK1, SHCBP1, MIF, GGH, ATP5MC3, HMGB3",CELLxGENE Census 2025-11-08,1b350d0a-4535-4879-beb6-1142f3f94947,cite_seq_protein,orthogonal_molecular,CITE-seq multimodal classifier used RNA plus ADT protein labels across tissues; strong but not pure protein gating.,Wells et al. 2025 Nat Immunol DOI:10.1038/s41590-025-02241-4,2025-06-18,,True,2026-06-17,low,subtype,data/raw/wells_spleen.h5ad,scanpy.rank_genes_groups[wilcoxon]+autozyme,1500,immune,72,B cell,subtype_resolution,
wells_spleen__conventional_dendritic_cell,wells_spleen,spleen,human,Conventional dendritic cell,Dendritic cell,medium,subtype_resolution,conventional/myeloid/cDC;dendritic/DC,2,"HLA-DPB1, HLA-DRA, HLA-DPA1, CD74, HLA-DRB1, HLA-DQA1, CST3, HLA-DQB1, LYZ, SPI1, HLA-DRB5, COTL1, GSTP1, HLA-DMA, ACTB, GRN, LGALS2, CTSZ, IFI30, CPVL, FGL2, HLA-DMB, AIF1, CTSH, LST1, LSP1, TMSB10, HCK, PAK1, LGALS9, C1orf162, TMSB4X, KLF4, FLT3, GABARAP, GSN, CIITA, CDK2AP1, SPINT2, JAML, CFP, MACROH2A1, TYMP, CXCL16, FCGRT, BID, BASP1, ZYX, CALHM6, ARPC1B",CELLxGENE Census 2025-11-08,1b350d0a-4535-4879-beb6-1142f3f94947,cite_seq_protein,orthogonal_molecular,CITE-seq multimodal classifier used RNA plus ADT protein labels across tissues; strong but not pure protein gating.,Wells et al. 2025 Nat Immunol DOI:10.1038/s41590-025-02241-4,2025-06-18,,True,2026-06-17,low,subtype,data/raw/wells_spleen.h5ad,scanpy.rank_genes_groups[wilcoxon]+autozyme,564,immune,73,Dendritic cell,subtype_resolution,
wells_spleen__CD8_positive_alpha_beta_memory_T_cell,wells_spleen,spleen,human,Memory CD8 T cell,CD8 T cell,medium,subtype_resolution,memory;CD8/CD8-positive,2,"CD8A, CCL5, CD8B, CD3E, CD3D, SRSF7, GZMK, IL32, KLRK1, CD2, ZFP36L2, B2M, PARP8, FYN, CCL4, HLA-A, CD69, BTG1, CST7, CD3G, DUSP2, CXCR4, HLA-C, RESF1, PTPRC, HCST, SYTL3, HLA-B, RGS1, JUN, JUNB, CRTAM, TSPYL2, STK17A, GZMM, CD99, TUBA4A, HLA-E, KLF6, HLA-F, LCK, FYB1, DDX24, THEMIS, CBLB, SRGN, CD96, GUK1, IKZF3, DDX5",CELLxGENE Census 2025-11-08,1b350d0a-4535-4879-beb6-1142f3f94947,cite_seq_protein,orthogonal_molecular,CITE-seq multimodal classifier used RNA plus ADT protein labels across tissues; strong but not pure protein gating.,Wells et al. 2025 Nat Immunol DOI:10.1038/s41590-025-02241-4,2025-06-18,,True,2026-06-17,low,subtype,data/raw/wells_spleen.h5ad,scanpy.rank_genes_groups[wilcoxon]+autozyme,1500,immune,74,CD8 T cell,subtype_resolution,
wells_spleen__B_cell,wells_spleen,spleen,human,B cell,B cell,easy,canonical_lineage,B cell/B-cell/B lymphocyte,1,"MS4A1, CD79A, CD74, LAPTM5, HLA-DPB1, CD19, HLA-DQA1, HLA-DPA1, HLA-DRB1, BANK1, FCRL5, HLA-DQB1, HLA-DRA, FCRL3, CD52, FCRLA, CD22, HLA-DRB5, FGR, IFI30, TSPAN3, POU2F2, FCGR2B, CD72, HLA-DMA, CD37, SCIMP, BLK, MEF2C, PTPN6, DAPP1, P2RX5, PSAP, FCMR, GDI2, SYK, MEF2A, CD79B, SWAP70, FCRL2, TNFRSF13C, CTSZ, PLEKHO1, ZEB2, RALGPS2, IQSEC1, IRAG2, ITGB2-AS1, TFEB, OAZ1",CELLxGENE Census 2025-11-08,1b350d0a-4535-4879-beb6-1142f3f94947,cite_seq_protein,orthogonal_molecular,CITE-seq multimodal classifier used RNA plus ADT protein labels across tissues; strong but not pure protein gating.,Wells et al. 2025 Nat Immunol DOI:10.1038/s41590-025-02241-4,2025-06-18,,True,2026-06-17,low,subtype,data/raw/wells_spleen.h5ad,scanpy.rank_genes_groups[wilcoxon]+autozyme,422,immune,75,B cell,canonical_lineage,
wells_spleen__germinal_center_B_cell,wells_spleen,spleen,human,Germinal center B cell,B cell,hard,rare_or_state,germinal center/GC B;B cell/B-cell,2,"ACTG1, ACTB, GAPDH, PRDX1, PPIA, PFN1, TUBB, RAN, HMGA1, CFL1, SLC25A5, PKM, NPM1, ATP5MC3, TUBA1B, HMGB1, HMGN2, MS4A1, CORO1A, SET, HSP90AB1, YBX1, ENO1, PTMA, CD74, EIF5A, FABP5, ERH, HNRNPA2B1, TPI1, MIF, HLA-DRA, HSPD1, STMN1, H3-3A, COX5A, PARP1, CD79A, NME2, GDI2, HNRNPA1, POU2AF1, SLC25A3, SWAP70, ACTR3, CCT6A, SNRPG, PGAM1, NME1, DBI",CELLxGENE Census 2025-11-08,1b350d0a-4535-4879-beb6-1142f3f94947,cite_seq_protein,orthogonal_molecular,CITE-seq multimodal classifier used RNA plus ADT protein labels across tissues; strong but not pure protein gating.,Wells et al. 2025 Nat Immunol DOI:10.1038/s41590-025-02241-4,2025-06-18,,True,2026-06-17,low,subtype,data/raw/wells_spleen.h5ad,scanpy.rank_genes_groups[wilcoxon]+autozyme,237,immune,76,B cell,rare_or_state,
wells_spleen__effector_memory_CD8_positive_alpha_beta_T_cell,wells_spleen,spleen,human,Effector memory CD8 T cell,CD8 T cell,hard,rare_or_state,effector memory/Tem/EM/effector;CD8,2,"CCL5, CD8A, CD8B, CST7, B2M, NKG7, IL32, GZMA, GZMK, HLA-C, CD3D, CCL4, HCST, CD3E, PTPRC, CD3G, HLA-A, CD2, CTSW, KLRG1, LYAR, GZMM, GZMH, CD99, KLRK1, SH3BGRL3, HLA-B, PPP2R5C, GIMAP7, S100A4, HLA-E, S100A6, LCK, CALM1, PCED1B-AS1, MYL12A, PLAAT4, TRBC2, TMA7, GIMAP4, SAMD3, FYN, MYL12B, PRF1, TMSB4X, LIME1, HLA-F, PARP8, ARL4C, PTP4A2",CELLxGENE Census 2025-11-08,1b350d0a-4535-4879-beb6-1142f3f94947,cite_seq_protein,orthogonal_molecular,CITE-seq multimodal classifier used RNA plus ADT protein labels across tissues; strong but not pure protein gating.,Wells et al. 2025 Nat Immunol DOI:10.1038/s41590-025-02241-4,2025-06-18,,True,2026-06-17,low,subtype,data/raw/wells_spleen.h5ad,scanpy.rank_genes_groups[wilcoxon]+autozyme,1500,immune,77,CD8 T cell,rare_or_state,
wells_spleen__progenitor_cell,wells_spleen,spleen,human,Progenitor cell,Progenitor,hard,rare_or_state,progenitor/precursor/CD34/stem,1,"AIF1, MACROH2A1, SOX4, GSTP1, IGFBP7, STMN1, SPI1, LST1, TKT, H3-3A, GSN, CAPG, ENO1, HMGB1, VAMP8, CCDC88A, SERPINB1, PGD, GLUL, ARMH1, MYL6, SYK, TALDO1, RNASE2, MED13L, PTMA, GAPDH, SNHG29, FLT3, RNF130, LRRFIP1, PAK1, PRSS57, LGALS9, PRAM1, ZMIZ1, TPM4, LYZ, ACY3, SPINK2, TSPO, ETV6, HMGN2, CTSD, EREG, LAT2, RAB11FIP1, TXN, AZU1, PYCARD",CELLxGENE Census 2025-11-08,1b350d0a-4535-4879-beb6-1142f3f94947,cite_seq_protein,orthogonal_molecular,CITE-seq multimodal classifier used RNA plus ADT protein labels across tissues; strong but not pure protein gating.,Wells et al. 2025 Nat Immunol DOI:10.1038/s41590-025-02241-4,2025-06-18,,True,2026-06-17,low,subtype,data/raw/wells_spleen.h5ad,scanpy.rank_genes_groups[wilcoxon]+autozyme,258,immune,78,Progenitor,rare_or_state,
wells_bone_marrow__effector_memory_CD4_positive_alpha_beta_T_cell,wells_bone_marrow,bone_marrow,human,Effector memory CD4 T cell,CD4 T cell,hard,rare_or_state,effector memory/Tem/EM;CD4,2,"IL7R, IL32, B2M, CD2, GZMK, S100A4, CD3D, TNFAIP3, ZFP36L2, CD3E, LTB, LYAR, CD52, ANXA1, CD3G, SPOCK2, CD69, S100A10, SYNE2, CD6, RORA, TPT1, TC2N, GZMA, PRDM1, PCED1B-AS1, ARL4C, EEF1A1, HLA-C, CD40LG, KLRB1, HLA-A, GSTK1, TOMM7, CD44, PARP8, EML4, ITM2B, KLF6, GIMAP7, TXNIP, CD5, ERN1, MAF, CXCR4, TRAT1, HLA-E, CCL5, ETS1, LIME1",CELLxGENE Census 2025-11-08,1b350d0a-4535-4879-beb6-1142f3f94947,cite_seq_protein,orthogonal_molecular,CITE-seq multimodal classifier used RNA plus ADT protein labels across tissues; strong but not pure protein gating.,Wells et al. 2025 Nat Immunol DOI:10.1038/s41590-025-02241-4,2025-06-18,,True,2026-06-17,low,subtype,data/raw/wells_bone_marrow.h5ad,scanpy.rank_genes_groups[wilcoxon]+autozyme,1500,immune,79,CD4 T cell,rare_or_state,
wells_bone_marrow__mucosal_invariant_T_cell,wells_bone_marrow,bone_marrow,human,MAIT cell,T cell,hard,rare_or_state,MAIT/mucosal-associated invariant/mucosal invariant,1,"KLRB1, IL7R, CEBPD, GZMK, CD8A, DUSP1, SPOCK2, KLRG1, SLC4A10, RORA, NCR3, TRAV1-2, ERN1, PARP8, ZFP36L2, DUSP2, CD69, EEF1A1, MYBL1, PHACTR2, IL32, LINC01871, NFKBIA, TNFAIP3, BTG1, HLA-B, CD3E, JAML, LYAR, S100A4, PRF1, ZBTB16, LCP1, PDCD4, CXCR4, LTB, FYN, CD96, IFNGR1, HLA-C, GPR171, ODF2L, PRDM1, AQP3, TC2N, GPR65, HLA-E, TTC39C, GBP5, TLE1",CELLxGENE Census 2025-11-08,1b350d0a-4535-4879-beb6-1142f3f94947,cite_seq_protein,orthogonal_molecular,CITE-seq multimodal classifier used RNA plus ADT protein labels across tissues; strong but not pure protein gating.,Wells et al. 2025 Nat Immunol DOI:10.1038/s41590-025-02241-4,2025-06-18,,True,2026-06-17,low,subtype,data/raw/wells_bone_marrow.h5ad,scanpy.rank_genes_groups[wilcoxon]+autozyme,1071,immune,80,T cell,rare_or_state,
wells_bone_marrow__progenitor_cell,wells_bone_marrow,bone_marrow,human,Progenitor cell,Progenitor,hard,rare_or_state,progenitor/precursor/CD34/stem,1,"TALDO1, BLVRB, NFE2, CAT, MPP1, YBX3, SLC25A37, GLUL, SNCA, GLRX5, LYL1, HBD, TRIM58, HDGF, UROD, CA1, FAM210B, H1-0, BSG, FECH, OAZ1, TESC, AHSP, HMBS, FBXO7, NCOA4, AP2S1, SLC25A39, KLF1, CA2, EIF2AK1, GMPR, ANK1, CREG1, HBB, SLC40A1, STRADB, HBA1, PRDX2, ANP32B, CTSB, PCLAF, STMP1, STMN1, ALAS2, NME4, GYPC, MAP2K3, HBA2, NFIX",CELLxGENE Census 2025-11-08,1b350d0a-4535-4879-beb6-1142f3f94947,cite_seq_protein,orthogonal_molecular,CITE-seq multimodal classifier used RNA plus ADT protein labels across tissues; strong but not pure protein gating.,Wells et al. 2025 Nat Immunol DOI:10.1038/s41590-025-02241-4,2025-06-18,,True,2026-06-17,low,subtype,data/raw/wells_bone_marrow.h5ad,scanpy.rank_genes_groups[wilcoxon]+autozyme,1500,immune,81,Progenitor,rare_or_state,
wells_bone_marrow__CD4_positive_CD25_positive_alpha_beta_regulatory_T_cell,wells_bone_marrow,bone_marrow,human,Regulatory T cell,CD4 T cell,hard,rare_or_state,regulatory/Treg/FOXP3/CD25;CD4,2,"FOXP3, IL32, LDHB, CTLA4, IKZF2, SPOCK2, LTB, CD27, CD3D, LEF1, TLE5, CD52, FXYD5, RCAN3, ARHGDIB, SELL, PBXIP1, ACTG1, CD28, AQP3, IL2RA, LIME1, LAT, S100A4, TMSB10, FYB1, LCK, ICOS, YWHAB, CD3G, BATF, GMFG, CORO1A, TRAC, GSTK1, SIT1, CD3E, EVL, ARID5B, FLT3LG, DGKA, COTL1, CNN2, SOCS3, S100A10, LEPROTL1, GBP2, PLSCR3, SAMHD1, RGS10",CELLxGENE Census 2025-11-08,1b350d0a-4535-4879-beb6-1142f3f94947,cite_seq_protein,orthogonal_molecular,CITE-seq multimodal classifier used RNA plus ADT protein labels across tissues; strong but not pure protein gating.,Wells et al. 2025 Nat Immunol DOI:10.1038/s41590-025-02241-4,2025-06-18,,True,2026-06-17,low,subtype,data/raw/wells_bone_marrow.h5ad,scanpy.rank_genes_groups[wilcoxon]+autozyme,1077,immune,82,CD4 T cell,rare_or_state,
wells_bone_marrow__naive_thymus_derived_CD8_positive_alpha_beta_T_cell,wells_bone_marrow,bone_marrow,human,Naive CD8 T cell,CD8 T cell,medium,subtype_resolution,naive;CD8/CD8-positive/cytotoxic,2,"CD8B, LEF1, EEF1A1, TCF7, LINC02446, CD8A, CCR7, SELL, TPT1, EEF1B2, NDFIP1, EEF1G, PABPC1, NOSIP, SARAF, LDHB, GAS5, NACA, TOB1, RACK1, RGS10, LEPROTL1, NELL2, IL7R, TRABD2A, PDE3B, PRKCQ-AS1, CD55, NPM1, ACTN1, NOP53, SNHG29, MAL, BTF3, EEF2, TMEM123, RCAN3, IFITM1, OXNAD1, GYPC, PIK3IP1, ABLIM1, CAMK4, KLF2, EIF3E, SOCS3, CD27, SPOCK2, SATB1, CD3E",CELLxGENE Census 2025-11-08,1b350d0a-4535-4879-beb6-1142f3f94947,cite_seq_protein,orthogonal_molecular,CITE-seq multimodal classifier used RNA plus ADT protein labels across tissues; strong but not pure protein gating.,Wells et al. 2025 Nat Immunol DOI:10.1038/s41590-025-02241-4,2025-06-18,,True,2026-06-17,low,subtype,data/raw/wells_bone_marrow.h5ad,scanpy.rank_genes_groups[wilcoxon]+autozyme,1500,immune,83,CD8 T cell,subtype_resolution,
wells_bone_marrow__effector_memory_CD8_positive_alpha_beta_T_cell,wells_bone_marrow,bone_marrow,human,Effector memory CD8 T cell,CD8 T cell,hard,rare_or_state,effector memory/Tem/EM/effector;CD8,2,"CD8A, CCL5, CD8B, B2M, GZMH, CD3D, HLA-C, GZMA, CST7, NKG7, IL32, CCL4, PTPRC, HCST, CD3G, CTSW, LYAR, CD3E, KLRK1, HLA-A, CD2, KLRD1, TMSB4X, CD99, KLRG1, DUSP2, S100A4, PPP2R5C, GZMM, CALM1, ARL4C, SH3BGRL3, HLA-E, HLA-B, TRBC2, GZMB, FYN, ID2, TRGC2, TMA7, MYL12A, C12orf75, LCK, FGFBP2, ANXA1, CD52, SAMD3, PLAAT4, TRAC, MYL12B",CELLxGENE Census 2025-11-08,1b350d0a-4535-4879-beb6-1142f3f94947,cite_seq_protein,orthogonal_molecular,CITE-seq multimodal classifier used RNA plus ADT protein labels across tissues; strong but not pure protein gating.,Wells et al. 2025 Nat Immunol DOI:10.1038/s41590-025-02241-4,2025-06-18,,True,2026-06-17,low,subtype,data/raw/wells_bone_marrow.h5ad,scanpy.rank_genes_groups[wilcoxon]+autozyme,1500,immune,84,CD8 T cell,rare_or_state,
wells_bone_marrow__CD16_positive_CD56_dim_natural_killer_cell_human,wells_bone_marrow,bone_marrow,human,CD56-dim NK cell,NK cell,hard,subtype_resolution,CD56-dim/CD56dim/CD16-positive/cytotoxic NK;NK/natural killer,2,"NKG7, GZMB, PRF1, GNLY, FCGR3A, CD247, CST7, FGFBP2, KLRD1, SPON2, CD7, CTSW, TYROBP, EFHD2, CLIC3, KLRF1, GZMA, FCER1G, HOPX, ITGB2, CCL4, IFITM2, CYBA, B2M, IFITM1, ARL4C, HLA-C, ABHD17A, PFN1, HLA-A, KLRB1, HLA-B, LITAF, ADGRG1, HLA-E, GZMM, IGFBP7, CD99, HCST, KLRK1, S1PR5, CCL3, BIN2, SH2D1B, METRNL, SYTL3, APMAP, GNG2, SH2D2A, TTC38",CELLxGENE Census 2025-11-08,1b350d0a-4535-4879-beb6-1142f3f94947,cite_seq_protein,orthogonal_molecular,CITE-seq multimodal classifier used RNA plus ADT protein labels across tissues; strong but not pure protein gating.,Wells et al. 2025 Nat Immunol DOI:10.1038/s41590-025-02241-4,2025-06-18,,True,2026-06-17,low,subtype,data/raw/wells_bone_marrow.h5ad,scanpy.rank_genes_groups[wilcoxon]+autozyme,1500,immune,85,NK cell,subtype_resolution,
wells_bone_marrow__plasmablast,wells_bone_marrow,bone_marrow,human,Plasmablast,B cell,medium,subtype_resolution,plasmablast/plasma cell/antibody-secreting,1,"PPIB, SUB1, TXNDC5, HSP90B1, SEC11C, MZB1, MYDGF, TNFRSF17, SDF2L1, POU2AF1, JCHAIN, UBE2J1, SEC61B, MYBL2, SRM, NME1, SSR3, MIF, PDIA4, GAPDH, SPCS2, DERL3, SEC61G, LMAN1, MANF, PSME2, ITM2C, ATP5MC3, CLPTM1L, COPE, EAF2, PRDX1, XBP1, KDELR2, PRDX4, CALR, CD38, SYNE3-AS1, SPCS3, P4HB, NME2, MTDH, FKBP11, CPNE5, PDIA6, TXNDC11, COX6A1, PTTG1, AQP3, CHCHD2",CELLxGENE Census 2025-11-08,1b350d0a-4535-4879-beb6-1142f3f94947,cite_seq_protein,orthogonal_molecular,CITE-seq multimodal classifier used RNA plus ADT protein labels across tissues; strong but not pure protein gating.,Wells et al. 2025 Nat Immunol DOI:10.1038/s41590-025-02241-4,2025-06-18,,True,2026-06-17,low,subtype,data/raw/wells_bone_marrow.h5ad,scanpy.rank_genes_groups[wilcoxon]+autozyme,1099,immune,86,B cell,subtype_resolution,
wells_bone_marrow__CD4_positive_alpha_beta_memory_T_cell,wells_bone_marrow,bone_marrow,human,Memory CD4 T cell,CD4 T cell,medium,subtype_resolution,memory;CD4/CD4-positive/helper,2,"CD69, KLF6, IL7R, TNFAIP3, JUND, JUN, SARAF, ZFP36, BTG1, SRSF7, SRGN, FOS, ZFP36L2, NFKBIA, PNRC1, JUNB, DNAJB1, CD3E, BTG2, KLRB1, PPP1R15A, CXCR4, CCNH, UBC, CD40LG, PTGER4, CD2, DUSP1, NFKBIZ, IL32, H3-3B, GPR183, TSC22D3, CD96, ERN1, SPOCK2, RORA, EIF1, HSP90AA1, LEPROTL1, FOSB, EML4, PARP8, FYB1, HSP90AB1, CD3D, WIPF1, MYADM, HSPA8, STK17A",CELLxGENE Census 2025-11-08,1b350d0a-4535-4879-beb6-1142f3f94947,cite_seq_protein,orthogonal_molecular,CITE-seq multimodal classifier used RNA plus ADT protein labels across tissues; strong but not pure protein gating.,Wells et al. 2025 Nat Immunol DOI:10.1038/s41590-025-02241-4,2025-06-18,,True,2026-06-17,low,subtype,data/raw/wells_bone_marrow.h5ad,scanpy.rank_genes_groups[wilcoxon]+autozyme,409,immune,87,CD4 T cell,subtype_resolution,
wells_bone_marrow__central_memory_CD8_positive_alpha_beta_T_cell,wells_bone_marrow,bone_marrow,human,Central memory CD8 T cell,CD8 T cell,hard,rare_or_state,central memory/Tcm/CM;CD8,2,"CD8B, CD8A, CD3E, IL7R, CD3D, ZFP36L2, KLRK1, IL32, TNFAIP3, EEF1A1, CD3G, LIME1, HLA-A, ARL4C, ANXA1, SELL, TPT1, S100A4, CD52, B2M, TOB1, TCF7, CD99, BCL11B, CTSW, HLA-B, AHNAK, TUBA4A, HLA-C, CD2, ITK, LCK, ITGB1, MT2A, SARAF, CXCR4, DUSP2, KLF2, NDFIP1, LYAR, S100A10, IFITM1, SPOCK2, TOMM7, CCL5, TLE5, CD44, P2RY8, KLRG1, FYB1",CELLxGENE Census 2025-11-08,1b350d0a-4535-4879-beb6-1142f3f94947,cite_seq_protein,orthogonal_molecular,CITE-seq multimodal classifier used RNA plus ADT protein labels across tissues; strong but not pure protein gating.,Wells et al. 2025 Nat Immunol DOI:10.1038/s41590-025-02241-4,2025-06-18,,True,2026-06-17,low,subtype,data/raw/wells_bone_marrow.h5ad,scanpy.rank_genes_groups[wilcoxon]+autozyme,701,immune,88,CD8 T cell,rare_or_state,
wells_bone_marrow__macrophage,wells_bone_marrow,bone_marrow,human,Macrophage,Macrophage,medium,canonical_lineage,macrophage,1,"CST3, IFI30, AIF1, SAT1, PSAP, S100A11, CTSB, TYROBP, NPC2, CD68, S100A9, CD163, FCER1G, LYZ, MS4A6A, LST1, CTSS, C1orf162, FCGRT, MAFB, S100A8, GLUL, GABARAP, MS4A7, C1QA, HMOX1, BLVRB, SPI1, VSIG4, TIMP1, C1QC, CEBPD, CD14, OAZ1, RNASE1, C1QB, STAB1, C5AR1, ANXA5, BRI3, IFITM3, GRN, SLC11A1, KLF4, SERF2, COTL1, TSPO, THBS1, S100A6, VAMP8",CELLxGENE Census 2025-11-08,1b350d0a-4535-4879-beb6-1142f3f94947,cite_seq_protein,orthogonal_molecular,CITE-seq multimodal classifier used RNA plus ADT protein labels across tissues; strong but not pure protein gating.,Wells et al. 2025 Nat Immunol DOI:10.1038/s41590-025-02241-4,2025-06-18,,True,2026-06-17,low,subtype,data/raw/wells_bone_marrow.h5ad,scanpy.rank_genes_groups[wilcoxon]+autozyme,1500,immune,89,Macrophage,canonical_lineage,
wells_bone_marrow__naive_thymus_derived_CD4_positive_alpha_beta_T_cell,wells_bone_marrow,bone_marrow,human,Naive CD4 T cell,CD4 T cell,medium,subtype_resolution,naive;CD4/CD4-positive/T helper/helper,2,"EEF1B2, SOCS3, TPT1, EEF1A1, LEF1, GAS5, TCF7, PABPC1, SNHG29, NACA, CCR7, NOSIP, LDHB, PRKCQ-AS1, EEF1G, SARAF, EIF3E, MAL, SELL, NPM1, LTB, RACK1, EEF1D, NOP53, LEPROTL1, TRABD2A, UBALD2, FAU, NDFIP1, RGS10, UBA52, BTF3, PIM1, TMEM123, IL6ST, RCAN3, CITED4, TOMM7, JUNB, RAPGEF6, TSHZ2, BCL11B, MYC, IL7R, FHIT, PFDN5, SATB1, PCED1B-AS1, PIK3IP1, EIF3H",CELLxGENE Census 2025-11-08,1b350d0a-4535-4879-beb6-1142f3f94947,cite_seq_protein,orthogonal_molecular,CITE-seq multimodal classifier used RNA plus ADT protein labels across tissues; strong but not pure protein gating.,Wells et al. 2025 Nat Immunol DOI:10.1038/s41590-025-02241-4,2025-06-18,,True,2026-06-17,low,subtype,data/raw/wells_bone_marrow.h5ad,scanpy.rank_genes_groups[wilcoxon]+autozyme,1500,immune,90,CD4 T cell,subtype_resolution,
wells_bone_marrow__effector_memory_CD8_positive_alpha_beta_T_cell_terminally_differentiated,wells_bone_marrow,bone_marrow,human,Terminally differentiated EM CD8 T cell (TEMRA),CD8 T cell,hard,rare_or_state,terminally differentiated/TEMRA/CD45RA.*effector;CD8,2,"CCL5, CD8A, CD8B, NKG7, CST7, GZMH, KLRD1, CTSW, GZMA, HLA-C, CD3D, HCST, B2M, CD3E, KLRK1, CCL4, IL32, HLA-A, DUSP2, CD3G, GZMM, PTPRC, HLA-B, LYAR, HLA-E, KLRG1, PPP2R5C, LCK, CALM1, FYN, TMSB4X, MYL12A, PLAAT4, CD99, ZEB2, PFN1, SYNE1, SH3BGRL3, PRF1, GZMB, HLA-F, ARL4C, TUBA4A, PTP4A2, CMC1, CD2, FGFBP2, TMA7, PYHIN1, SAMD3",CELLxGENE Census 2025-11-08,1b350d0a-4535-4879-beb6-1142f3f94947,cite_seq_protein,orthogonal_molecular,CITE-seq multimodal classifier used RNA plus ADT protein labels across tissues; strong but not pure protein gating.,Wells et al. 2025 Nat Immunol DOI:10.1038/s41590-025-02241-4,2025-06-18,,True,2026-06-17,low,subtype,data/raw/wells_bone_marrow.h5ad,scanpy.rank_genes_groups[wilcoxon]+autozyme,1500,immune,91,CD8 T cell,rare_or_state,
wells_bone_marrow__naive_B_cell,wells_bone_marrow,bone_marrow,human,Naive B cell,B cell,medium,subtype_resolution,naive;B cell/B-cell/B lymphocyte,2,"CD37, CD79A, CD74, HLA-DRA, LAPTM5, MS4A1, HLA-DRB1, IGHM, CD83, HLA-DQB1, HLA-DPA1, YBX3, LINC00926, IRF8, HLA-DPB1, TCL1A, JUND, AFF3, HLA-DQA1, BACH2, P2RX5, BTG1, BANK1, NIBAN3, IGHD, FCRL1, CD79B, FCER2, NCF1, FCMR, TSC22D3, RALGPS2, BLK, SMAP2, HLA-DMA, TNFRSF13C, EZR, CD52, CXCR4, TXNIP, HLA-DRB5, FAU, LYN, CD22, RBM38, STAG3, CD55, HVCN1, LTB, ADAM28",CELLxGENE Census 2025-11-08,1b350d0a-4535-4879-beb6-1142f3f94947,cite_seq_protein,orthogonal_molecular,CITE-seq multimodal classifier used RNA plus ADT protein labels across tissues; strong but not pure protein gating.,Wells et al. 2025 Nat Immunol DOI:10.1038/s41590-025-02241-4,2025-06-18,,True,2026-06-17,low,subtype,data/raw/wells_bone_marrow.h5ad,scanpy.rank_genes_groups[wilcoxon]+autozyme,1500,immune,92,B cell,subtype_resolution,
wells_bone_marrow__central_memory_CD4_positive_alpha_beta_T_cell,wells_bone_marrow,bone_marrow,human,Central memory CD4 T cell,CD4 T cell,hard,rare_or_state,central memory/Tcm/CM;CD4,2,"TPT1, LTB, LDHB, EEF1A1, SOCS3, IL7R, TCF7, MAL, NOSIP, EEF1B2, EEF1G, LEF1, GAS5, JUNB, FXYD5, RACK1, TMEM123, RCAN3, PABPC1, VIM, EIF3E, UBA52, PRKCQ-AS1, GPR183, SARAF, INPP4B, FLT3LG, NACA, TOB1, NPM1, SELL, SLC2A3, CCR7, ICOS, BCL11B, FYB1, SNHG29, NOP53, SPOCK2, CD48, AQP3, UBALD2, CD3D, TRAC, BTF3, CAMK4, GSTK1, HINT1, LDHA, LEPROTL1",CELLxGENE Census 2025-11-08,1b350d0a-4535-4879-beb6-1142f3f94947,cite_seq_protein,orthogonal_molecular,CITE-seq multimodal classifier used RNA plus ADT protein labels across tissues; strong but not pure protein gating.,Wells et al. 2025 Nat Immunol DOI:10.1038/s41590-025-02241-4,2025-06-18,,True,2026-06-17,low,subtype,data/raw/wells_bone_marrow.h5ad,scanpy.rank_genes_groups[wilcoxon]+autozyme,1500,immune,93,CD4 T cell,rare_or_state,
wells_bone_marrow__plasma_cell,wells_bone_marrow,bone_marrow,human,Plasma cell,B cell,easy,canonical_lineage,plasma cell/plasmablast/antibody-secreting,1,"MZB1, TXNDC5, SSR4, DERL3, XBP1, FKBP11, FCRL5, PRDX4, SEC11C, ITM2C, SPAG4, HSP90B1, POU2AF1, SDC1, FKBP2, TRIB1, HDLBP, GAS6, SDF2L1, HERPUD1, SIL1, CD38, ERLEC1, TXNDC11, SSR3, TNFRSF17, LINC03034, RRBP1, PLPP5, CREB3L2, CHPF, MYDGF, CRELD2, ST6GAL1, CPNE5, FNDC3B, CLPTM1L, JSRP1, SPATS2, RABAC1, HM13, TXNDC15, LMAN1, PDIA4, SLAMF7, CKAP4, MANF, SPCS2, CD59, IGLC1",CELLxGENE Census 2025-11-08,1b350d0a-4535-4879-beb6-1142f3f94947,cite_seq_protein,orthogonal_molecular,CITE-seq multimodal classifier used RNA plus ADT protein labels across tissues; strong but not pure protein gating.,Wells et al. 2025 Nat Immunol DOI:10.1038/s41590-025-02241-4,2025-06-18,,True,2026-06-17,low,subtype,data/raw/wells_bone_marrow.h5ad,scanpy.rank_genes_groups[wilcoxon]+autozyme,1084,immune,94,B cell,canonical_lineage,
wells_bone_marrow__memory_B_cell,wells_bone_marrow,bone_marrow,human,Memory B cell,B cell,medium,subtype_resolution,memory;B cell/B-cell,2,"CD79A, MS4A1, CD74, HLA-DRA, BANK1, CD37, HLA-DPA1, HLA-DRB1, HLA-DPB1, HLA-DQA1, HLA-DQB1, RALGPS2, CD79B, BLK, P2RX5, IRF8, LAPTM5, TNFRSF13C, CD52, ARHGAP24, LINC00926, LTB, CD83, SWAP70, AFF3, EEF2, HLA-DRB5, MARCHF1, MEF2C, SPIB, HLA-DMA, CD24, IGHM, SYNGR2, MARCKS, EEF1G, NCF1, LYN, NIBAN3, POU2F2, GPR183, FCMR, CXXC5, EZR, EEF1B2, CD19, CD82, CD22, HLA-DMB, ZFP36L1",CELLxGENE Census 2025-11-08,1b350d0a-4535-4879-beb6-1142f3f94947,cite_seq_protein,orthogonal_molecular,CITE-seq multimodal classifier used RNA plus ADT protein labels across tissues; strong but not pure protein gating.,Wells et al. 2025 Nat Immunol DOI:10.1038/s41590-025-02241-4,2025-06-18,,True,2026-06-17,low,subtype,data/raw/wells_bone_marrow.h5ad,scanpy.rank_genes_groups[wilcoxon]+autozyme,1500,immune,95,B cell,subtype_resolution,
wells_bone_marrow__gamma_delta_T_cell,wells_bone_marrow,bone_marrow,human,Gamma-delta T cell,T cell,hard,rare_or_state,gamma-delta/gamma delta/gd T/γδ,1,"CCL5, KLRD1, NKG7, CST7, CTSW, CCL4, CD3D, TRDC, HCST, HLA-C, IL32, DUSP2, HLA-A, CD3E, PTPRC, KLRG1, GZMA, LYAR, KLRK1, CD3G, PPP2R5C, HOPX, B2M, GZMM, GZMH, GNLY, HLA-B, CD99, HLA-E, PRF1, ARL4C, FYN, LITAF, TRBC1, CALM1, TRGC2, ZEB2, RUNX3, CD7, ABHD17A, CD247, EFHD2, GZMB, TRGV9, PIK3R1, TMSB4X, FCGR3A, HLA-F, PYHIN1, GNG2",CELLxGENE Census 2025-11-08,1b350d0a-4535-4879-beb6-1142f3f94947,cite_seq_protein,orthogonal_molecular,CITE-seq multimodal classifier used RNA plus ADT protein labels across tissues; strong but not pure protein gating.,Wells et al. 2025 Nat Immunol DOI:10.1038/s41590-025-02241-4,2025-06-18,,True,2026-06-17,low,subtype,data/raw/wells_bone_marrow.h5ad,scanpy.rank_genes_groups[wilcoxon]+autozyme,1500,immune,96,T cell,rare_or_state,
wells_bone_marrow__immature_innate_lymphoid_cell,wells_bone_marrow,bone_marrow,human,Immature ILC,Innate lymphoid cell,hard,rare_or_state,innate lymphoid/ILC;immature/precursor,2,"GNLY, NKG7, CD7, TYROBP, CTSW, GZMB, AREG, KLRD1, CD247, IFITM2, FCER1G, CLIC3, PRF1, KLRF1, XCL2, LITAF, CST7, ARL4C, SPON2, EFHD2, BHLHE40, TGFB1, IL2RB, METRNL, HOPX, SRGN, KLRB1, JAK1, ARHGAP9, CMC1, MATK, IFITM1, MAP3K8, NFKBIA, RUNX3, KLRK1, IER2, TXK, TAMALIN, MAFF, SH2D1B, GZMA, SYTL3, HSH2D, FOSL2, ITGB2, IFITM3, ZFP36, CEBPD, DUSP2",CELLxGENE Census 2025-11-08,1b350d0a-4535-4879-beb6-1142f3f94947,cite_seq_protein,orthogonal_molecular,CITE-seq multimodal classifier used RNA plus ADT protein labels across tissues; strong but not pure protein gating.,Wells et al. 2025 Nat Immunol DOI:10.1038/s41590-025-02241-4,2025-06-18,,True,2026-06-17,low,subtype,data/raw/wells_bone_marrow.h5ad,scanpy.rank_genes_groups[wilcoxon]+autozyme,1500,immune,97,Innate lymphoid cell,rare_or_state,
wells_bone_marrow__CD16_negative_CD56_bright_natural_killer_cell_human,wells_bone_marrow,bone_marrow,human,CD56-bright NK cell,NK cell,hard,subtype_resolution,CD56-bright/CD56bright/immature NK/regulatory NK;NK/natural killer,2,"CD7, TYROBP, CMC1, KLRD1, KLRB1, FCER1G, CD247, CEBPD, KLRF1, AREG, H3-3B, IFITM2, IL2RB, NKG7, SRGN, ARHGAP9, CCL3, TXK, IFITM1, ZFP36, CTSW, XCL2, CST7, CLIC3, GZMA, XCL1, KLRK1, FYN, IER2, MATK, PIK3R1, DUSP2, CCL4, BTG1, GSTP1, DUSP1, AOAH, JAK1, FOS, MCTP2, GZMK, EIF3G, ALOX5AP, CD160, APMAP, MAPK1, SH2D1B, SYTL3, PRF1, HCST",CELLxGENE Census 2025-11-08,1b350d0a-4535-4879-beb6-1142f3f94947,cite_seq_protein,orthogonal_molecular,CITE-seq multimodal classifier used RNA plus ADT protein labels across tissues; strong but not pure protein gating.,Wells et al. 2025 Nat Immunol DOI:10.1038/s41590-025-02241-4,2025-06-18,,True,2026-06-17,low,subtype,data/raw/wells_bone_marrow.h5ad,scanpy.rank_genes_groups[wilcoxon]+autozyme,1500,immune,98,NK cell,subtype_resolution,
wells_bone_marrow__effector_memory_CD4_positive_alpha_beta_T_cell_terminally_differentiated,wells_bone_marrow,bone_marrow,human,Terminally differentiated EM CD4 T cell (TEMRA),CD4 T cell,hard,rare_or_state,terminally differentiated/TEMRA;CD4,2,"GZMH, B2M, FGFBP2, HLA-C, S100A4, NKG7, IL7R, CCL5, CD52, GNLY, CD99, CD3E, CD3D, ITGB1, SH3BGRL3, MYL12A, IL32, EFHD2, IFITM1, GZMA, LYAR, HOPX, ANXA1, PRF1, CD3G, KLRG1, HLA-E, S100A10, CD2, CALM1, PFN1, GZMB, HCST, RAP1B, CST7, ZEB2, CCL4, CD6, GIMAP7, SAMD3, ARL4C, HLA-B, SELPLG, TMSB10, PCED1B-AS1, PTPRC, IFITM2, C12orf57, C12orf75, S100A6",CELLxGENE Census 2025-11-08,1b350d0a-4535-4879-beb6-1142f3f94947,cite_seq_protein,orthogonal_molecular,CITE-seq multimodal classifier used RNA plus ADT protein labels across tissues; strong but not pure protein gating.,Wells et al. 2025 Nat Immunol DOI:10.1038/s41590-025-02241-4,2025-06-18,,True,2026-06-17,low,subtype,data/raw/wells_bone_marrow.h5ad,scanpy.rank_genes_groups[wilcoxon]+autozyme,1500,immune,99,CD4 T cell,rare_or_state,
wells_bone_marrow__CD8_positive_alpha_beta_memory_T_cell,wells_bone_marrow,bone_marrow,human,Memory CD8 T cell,CD8 T cell,medium,subtype_resolution,memory;CD8/CD8-positive,2,"CD8A, CCL5, CD8B, GZMK, DUSP2, SRSF7, CD69, RGS1, CXCR4, CCL4, ZFP36L2, IL32, JUND, BTG1, CD3E, FYN, KLRK1, CCNH, CD3D, PARP8, ZFP36, ID2, CST7, JUN, TSPYL2, CD2, SRGN, HLA-A, TUBA4A, STK17A, DUSP1, PTGER4, JUNB, PTPRC, CRTAM, SARAF, GZMA, RESF1, EIF1, TNFAIP3, CCL4L2, HCST, B2M, UBC, CD3G, ALOX5AP, PIK3R1, DNAJB1, XCL2, TRBC2",CELLxGENE Census 2025-11-08,1b350d0a-4535-4879-beb6-1142f3f94947,cite_seq_protein,orthogonal_molecular,CITE-seq multimodal classifier used RNA plus ADT protein labels across tissues; strong but not pure protein gating.,Wells et al. 2025 Nat Immunol DOI:10.1038/s41590-025-02241-4,2025-06-18,,True,2026-06-17,low,subtype,data/raw/wells_bone_marrow.h5ad,scanpy.rank_genes_groups[wilcoxon]+autozyme,1384,immune,100,CD8 T cell,subtype_resolution,
wells_bone_marrow__conventional_dendritic_cell,wells_bone_marrow,bone_marrow,human,Conventional dendritic cell,Dendritic cell,medium,subtype_resolution,conventional/myeloid/cDC;dendritic/DC,2,"HLA-DPA1, HLA-DPB1, HLA-DRA, HLA-DRB1, CST3, HLA-DQB1, HLA-DMA, CD74, HLA-DQA1, HLA-DRB5, SPI1, COTL1, HLA-DMB, LYZ, VIM, CTSZ, GRN, GSTP1, CIITA, KLF4, BASP1, MACROH2A1, GSN, GABARAP, IFI30, PAK1, AIF1, TYMP, ACTB, SPINT2, FCGRT, C1orf162, SAMHD1, ALDH2, SULF2, CCDC88A, LSP1, FLT3, CFP, LGALS1, LY86, HCK, CDK2AP1, JAML, PHACTR1, H3-3A, LST1, ZNF385A, LGALS9, AP1S2",CELLxGENE Census 2025-11-08,1b350d0a-4535-4879-beb6-1142f3f94947,cite_seq_protein,orthogonal_molecular,CITE-seq multimodal classifier used RNA plus ADT protein labels across tissues; strong but not pure protein gating.,Wells et al. 2025 Nat Immunol DOI:10.1038/s41590-025-02241-4,2025-06-18,,True,2026-06-17,low,subtype,data/raw/wells_bone_marrow.h5ad,scanpy.rank_genes_groups[wilcoxon]+autozyme,328,immune,101,Dendritic cell,subtype_resolution,
wells_bone_marrow__B_cell,wells_bone_marrow,bone_marrow,human,B cell,B cell,easy,canonical_lineage,B cell/B-cell/B lymphocyte,1,"MS4A1, CD74, CD79A, HLA-DQA1, HLA-DPB1, HLA-DRB1, HLA-DRA, HLA-DPA1, HLA-DQB1, LAPTM5, CD19, CD52, FCRL5, POU2F2, TSPAN3, FCRL3, DAPP1, BANK1, P2RX5, CD22, FCRLA, SYK, CD37, MEF2C, IFI30, FGR, HLA-DMA, BLK, RALGPS2, SCIMP, PTPN6, HLA-DRB5, EZR, FCGR2B, CD79B, FCMR, SYNGR2, LY6E, TFEB, PSAP, CD72, ZEB2, PALS2, MTSS1, HLA-DMB, EMP3, PLEKHO1, OAZ1, CTSZ, RHOB",CELLxGENE Census 2025-11-08,1b350d0a-4535-4879-beb6-1142f3f94947,cite_seq_protein,orthogonal_molecular,CITE-seq multimodal classifier used RNA plus ADT protein labels across tissues; strong but not pure protein gating.,Wells et al. 2025 Nat Immunol DOI:10.1038/s41590-025-02241-4,2025-06-18,,True,2026-06-17,low,subtype,data/raw/wells_bone_marrow.h5ad,scanpy.rank_genes_groups[wilcoxon]+autozyme,125,immune,102,B cell,canonical_lineage,
wells_bone_marrow__plasmacytoid_dendritic_cell,wells_bone_marrow,bone_marrow,human,Plasmacytoid dendritic cell,Dendritic cell,medium,subtype_resolution,plasmacytoid/pDC;dendritic/DC,2,"IRF7, PLD4, PPP1R14B, IRF8, TCF4, ITM2C, UGCG, IL3RA, SOX4, LILRA4, APP, SEC61B, CCDC50, BCL11A, LILRB4, SERPINF1, SPIB, PLAC8, JCHAIN, PLP2, SMPD3, MAPKAPK2, CST3, RNASE6, SHD, HLA-DRA, GZMB, RNASET2, TSPAN13, CTSB, NIBAN3, SPCS1, GAS6, SRP14, HLA-DMA, IGKC, MZB1, HLA-DPB1, CCDC88A, TAGLN2, RAB11FIP1, CD74, NPC2, SCT, BLNK, CYB561A3, LGMN, STMN1, HLA-DPA1, IRF4",CELLxGENE Census 2025-11-08,1b350d0a-4535-4879-beb6-1142f3f94947,cite_seq_protein,orthogonal_molecular,CITE-seq multimodal classifier used RNA plus ADT protein labels across tissues; strong but not pure protein gating.,Wells et al. 2025 Nat Immunol DOI:10.1038/s41590-025-02241-4,2025-06-18,,True,2026-06-17,low,subtype,data/raw/wells_bone_marrow.h5ad,scanpy.rank_genes_groups[wilcoxon]+autozyme,402,immune,103,Dendritic cell,subtype_resolution,
wells_small_intestine__group_1_innate_lymphoid_cell,wells_small_intestine,small_intestine,human,Group 1 ILC,Innate lymphoid cell,hard,rare_or_state,ILC1/group 1 innate/innate lymphoid,1,"CD7, CD247, TNFRSF18, GZMA, KIR2DL4, FCER1G, TMIGD2, CCL5, CKLF, LSP1, SYTL3, GSTP1, TYROBP, ENTPD1, EVL, CD160, KRT86, JAK1, TMSB4X, CLIC3, ZBTB16, HOPX, CD3E, RHOC, CD96, TRDC, IL2RB, ARHGAP9, TRBC1, GZMB, PRKAR2B, PIK3R1, SLA2, KLHL23, TXK, ITGAE, UBASH3B, ITGA1, NAP1L4, OXNAD1, KRT81, FYN, NEDD9, GRAMD2B, ALOX5AP, PPDPF, FAM3C, LDLRAD4, PIP4K2A, ADGRG3",CELLxGENE Census 2025-11-08,1b350d0a-4535-4879-beb6-1142f3f94947,cite_seq_protein,orthogonal_molecular,CITE-seq multimodal classifier used RNA plus ADT protein labels across tissues; strong but not pure protein gating.,Wells et al. 2025 Nat Immunol DOI:10.1038/s41590-025-02241-4,2025-06-18,,True,2026-06-17,low,subtype,data/raw/wells_small_intestine.h5ad,scanpy.rank_genes_groups[wilcoxon]+autozyme,1500,immune,104,Innate lymphoid cell,rare_or_state,
wells_small_intestine__plasma_cell,wells_small_intestine,small_intestine,human,Plasma cell,B cell,easy,canonical_lineage,plasma cell/plasmablast/antibody-secreting,1,"JCHAIN, SSR4, MZB1, TXNDC5, DERL3, PRDX4, TNFRSF17, SEC11C, SPAG4, IGHA1, HERPUD1, FKBP11, SDC1, FCRL5, IGLC1, FKBP2, PLPP5, POU2AF1, CD27, CD79A, SSR3, TRIB1, IGKC, GNG7, SPCS2, IGHA2, CRELD2, CHPF, HSP90B1, CLIC4, PDIA6, EAF2, DUSP5, RRBP1, SELENOS, CCR10, SELENOM, SEC61B, SIL1, XBP1, MEI1, TXNDC15, HDLBP, CKAP4, LINC02362, SDF2L1, MANF, CREB3L2, MYDGF, SPCS1",CELLxGENE Census 2025-11-08,1b350d0a-4535-4879-beb6-1142f3f94947,cite_seq_protein,orthogonal_molecular,CITE-seq multimodal classifier used RNA plus ADT protein labels across tissues; strong but not pure protein gating.,Wells et al. 2025 Nat Immunol DOI:10.1038/s41590-025-02241-4,2025-06-18,,True,2026-06-17,low,subtype,data/raw/wells_small_intestine.h5ad,scanpy.rank_genes_groups[wilcoxon]+autozyme,1500,immune,105,B cell,canonical_lineage,
wells_small_intestine__effector_memory_CD8_positive_alpha_beta_T_cell_terminally_differentiated,wells_small_intestine,small_intestine,human,Terminally differentiated EM CD8 T cell (TEMRA),CD8 T cell,hard,rare_or_state,terminally differentiated/TEMRA/CD45RA.*effector;CD8,2,"CD8A, CD8B, CCL5, CD3D, HLA-A, CD2, HLA-B, JUN, CD3G, CD3E, DNAJB1, XCL1, KLRK1, PTPRCAP, FYB1, LCK, CXCR4, COTL1, THEMIS, EVL, JUNB, LAT, CD69, GZMM, TNFAIP3, LCP2, SRSF7, PTGER4, CKLF, KLRD1, STK17A, HCST, KLRB1, TAGAP, SLC2A3, EEF1A1, DUSP1, UBC, PPP1R15A, HLA-E, BCL11B, HSPA1B, CD160, TSPYL2, CRTAM, DCTN6-DT, SEPTIN1, HLA-C, KLF6, CAMK4",CELLxGENE Census 2025-11-08,1b350d0a-4535-4879-beb6-1142f3f94947,cite_seq_protein,orthogonal_molecular,CITE-seq multimodal classifier used RNA plus ADT protein labels across tissues; strong but not pure protein gating.,Wells et al. 2025 Nat Immunol DOI:10.1038/s41590-025-02241-4,2025-06-18,,True,2026-06-17,low,subtype,data/raw/wells_small_intestine.h5ad,scanpy.rank_genes_groups[wilcoxon]+autozyme,1500,immune,106,CD8 T cell,rare_or_state,
wells_small_intestine__CD16_negative_CD56_bright_natural_killer_cell_human,wells_small_intestine,small_intestine,human,CD56-bright NK cell,NK cell,hard,subtype_resolution,CD56-bright/CD56bright/immature NK/regulatory NK;NK/natural killer,2,"KLRD1, GZMK, NKG7, KLRF1, CD7, CMC1, TYROBP, GZMA, CST7, CTSW, IFITM1, IL2RB, CCL4, KLRB1, DUSP2, EIF3G, KLRC1, IFITM2, IGFBP2, CCL5, CD247, TXK, CLIC3, MATK, PRF1, KLRK1, HCST, ARHGAP9, PIK3R1, CLDND1, FCER1G, XCL1, MAPK1, EOMES, XCL2, CCL3, CEBPD, AOAH, GSTP1, GZMB, APOBEC3G, BTG1, APMAP, STK17A, KIR2DL4, GZMM, LY6E, TGFB1, CD81, SPON2",CELLxGENE Census 2025-11-08,1b350d0a-4535-4879-beb6-1142f3f94947,cite_seq_protein,orthogonal_molecular,CITE-seq multimodal classifier used RNA plus ADT protein labels across tissues; strong but not pure protein gating.,Wells et al. 2025 Nat Immunol DOI:10.1038/s41590-025-02241-4,2025-06-18,,True,2026-06-17,low,subtype,data/raw/wells_small_intestine.h5ad,scanpy.rank_genes_groups[wilcoxon]+autozyme,1500,immune,107,NK cell,subtype_resolution,
wells_small_intestine__effector_memory_CD4_positive_alpha_beta_T_cell_terminally_differentiated,wells_small_intestine,small_intestine,human,Terminally differentiated EM CD4 T cell (TEMRA),CD4 T cell,hard,rare_or_state,terminally differentiated/TEMRA;CD4,2,"B2M, FGFBP2, NKG7, HLA-C, GZMH, S100A4, SH3BGRL3, CD52, CST7, PRF1, CX3CR1, HSPA1B, HSPA1A, TMSB10, SAA1, ITGB2, IL32, HSPB1, GNLY, IL2RG, DNAJB1, HP, PFN1, PLEK, HSPA8, GIMAP4, HSP90AA1, SAA2, ITGB1, FABP1, IFITM2, HSPA6, GZMA, IFITM1, SERF2, SAMD3, TBX21, TLE5, GIMAP7, KLF2, EMP3, APOA1, FLNA, EFHD2, HOPX, S1PR1, C12orf75, CACYBP, RAC2, KLRG1",CELLxGENE Census 2025-11-08,1b350d0a-4535-4879-beb6-1142f3f94947,cite_seq_protein,orthogonal_molecular,CITE-seq multimodal classifier used RNA plus ADT protein labels across tissues; strong but not pure protein gating.,Wells et al. 2025 Nat Immunol DOI:10.1038/s41590-025-02241-4,2025-06-18,,True,2026-06-17,low,subtype,data/raw/wells_small_intestine.h5ad,scanpy.rank_genes_groups[wilcoxon]+autozyme,793,immune,108,CD4 T cell,rare_or_state,
wells_small_intestine__CD8_positive_alpha_beta_memory_T_cell,wells_small_intestine,small_intestine,human,Memory CD8 T cell,CD8 T cell,medium,subtype_resolution,memory;CD8/CD8-positive,2,"CD8A, CD8B, IL7R, CCL5, CD3D, CD3G, FYN, CD3E, SRSF7, KLRK1, BTG1, KLRD1, SARAF, CD96, CD2, TSPYL2, PARP8, JUND, SYTL3, GPR171, CD7, TNFAIP3, LINC01871, LEPROTL1, PNRC1, KLF6, PGK1, GABARAPL1, PTGER4, COTL1, PTPN22, CXCR4, OXNAD1, FYB1, S100A10, CRTAM, HNRNPDL, ZFP36L2, DDX24, CAMK4, IL32, MBNL1, THEMIS, PTPRC, EIF1, EVL, CBLB, CYTIP, STK17B, CD55",CELLxGENE Census 2025-11-08,1b350d0a-4535-4879-beb6-1142f3f94947,cite_seq_protein,orthogonal_molecular,CITE-seq multimodal classifier used RNA plus ADT protein labels across tissues; strong but not pure protein gating.,Wells et al. 2025 Nat Immunol DOI:10.1038/s41590-025-02241-4,2025-06-18,,True,2026-06-17,low,subtype,data/raw/wells_small_intestine.h5ad,scanpy.rank_genes_groups[wilcoxon]+autozyme,1500,immune,109,CD8 T cell,subtype_resolution,
wells_small_intestine__mucosal_invariant_T_cell,wells_small_intestine,small_intestine,human,MAIT cell,T cell,hard,rare_or_state,MAIT/mucosal-associated invariant/mucosal invariant,1,"IL7R, KLRB1, PRR5, CD8A, RORA, TNFAIP3, SLC4A10, SPOCK2, CEBPD, ODF2L, TRAV1-2, MGAT4A, H1-10, KLF6, BTG1, S100A4, SRSF7, DUSP1, CD69, TMIGD2, CCNH, ERN1, SESN1, CAMK4, PARP8, PDE4D, CD3E, SPRY1, CD96, PDCD4, ETS1, TTC39C, IFNGR1, S100A6, FYN, CIRBP, ANXA1, OXNAD1, CD3D, ZBTB16, PNRC1, GFPT2, ZFP36L2, CCR6, PBXIP1, NCR3, OSTF1, JMY, LINC01871, CA2",CELLxGENE Census 2025-11-08,1b350d0a-4535-4879-beb6-1142f3f94947,cite_seq_protein,orthogonal_molecular,CITE-seq multimodal classifier used RNA plus ADT protein labels across tissues; strong but not pure protein gating.,Wells et al. 2025 Nat Immunol DOI:10.1038/s41590-025-02241-4,2025-06-18,,True,2026-06-17,low,subtype,data/raw/wells_small_intestine.h5ad,scanpy.rank_genes_groups[wilcoxon]+autozyme,284,immune,110,T cell,rare_or_state,
wells_small_intestine__macrophage,wells_small_intestine,small_intestine,human,Macrophage,Macrophage,medium,canonical_lineage,macrophage,1,"C1QA, C1QB, CTSB, CST3, C1QC, SAT1, IFI30, MS4A6A, FCGRT, NPC2, PSAP, CD68, MS4A7, AIF1, TYROBP, HLA-DRB1, MAFB, HLA-DPB1, HLA-DPA1, HLA-DRA, CD74, GRN, CD163, LYZ, VSIG4, CTSS, CTSD, CSF1R, STAB1, HLA-DMA, SELENOP, FGL2, CTSZ, CXCL16, HLA-DQB1, CEBPD, SPI1, HLA-DRB5, TGFBI, MRC1, NAMPT, PLD3, MPEG1, LGMN, HLA-DQA1, SOD2, CTSC, CLEC7A, S100A11, RNASET2",CELLxGENE Census 2025-11-08,1b350d0a-4535-4879-beb6-1142f3f94947,cite_seq_protein,orthogonal_molecular,CITE-seq multimodal classifier used RNA plus ADT protein labels across tissues; strong but not pure protein gating.,Wells et al. 2025 Nat Immunol DOI:10.1038/s41590-025-02241-4,2025-06-18,,True,2026-06-17,low,subtype,data/raw/wells_small_intestine.h5ad,scanpy.rank_genes_groups[wilcoxon]+autozyme,1500,immune,111,Macrophage,canonical_lineage,
wells_small_intestine__gamma_delta_T_cell,wells_small_intestine,small_intestine,human,Gamma-delta T cell,T cell,hard,rare_or_state,gamma-delta/gamma delta/gd T/γδ,1,"KLRC2, CD7, KLRD1, CD3D, CCL5, KIR2DL4, CD3E, CD96, SIRPG, CD3G, TMIGD2, TRDC, TRDV1, SCML4, ITGA1, CD160, CBLB, EVL, HOPX, UBASH3B, FYN, MBNL1, GZMA, SYTL3, PTPN22, KLRK1, NAP1L4, PARP8, KLRC3, CYTIP, CD99, IKZF2, HCST, TRGV4, HNRNPL, TRBC2, ARHGAP9, AOAH, TMSB4X, TRGC2, ACTG1, ITGAE, MAP4, PIK3R1, MYH9, TRAC, TSPYL2, CD247, NEDD9, IQGAP1",CELLxGENE Census 2025-11-08,1b350d0a-4535-4879-beb6-1142f3f94947,cite_seq_protein,orthogonal_molecular,CITE-seq multimodal classifier used RNA plus ADT protein labels across tissues; strong but not pure protein gating.,Wells et al. 2025 Nat Immunol DOI:10.1038/s41590-025-02241-4,2025-06-18,,True,2026-06-17,low,subtype,data/raw/wells_small_intestine.h5ad,scanpy.rank_genes_groups[wilcoxon]+autozyme,1500,immune,112,T cell,rare_or_state,
wells_small_intestine__CD4_positive_alpha_beta_memory_T_cell,wells_small_intestine,small_intestine,human,Memory CD4 T cell,CD4 T cell,medium,subtype_resolution,memory;CD4/CD4-positive/helper,2,"IL7R, KLRB1, ANXA1, CD2, CD3D, RORA, TNFAIP3, SARAF, CD3E, JUND, CD3G, TPT1, PDE4D, CRIP1, BTG1, SRSF7, CD6, MYADM, SPOCK2, CD40LG, NFKBIA, IL32, EIF1, CALM1, KLF6, ODF2L, FYN, B2M, S100A4, STAT4, CD96, OXNAD1, H1-10, S100A10, ZFP36L2, ITM2A, MGAT4A, PTGER4, PNRC1, SAMSN1, RNF19A, CD69, LEPROTL1, ERN1, CCL20, TRAT1, VIM, GPR183, LINC01871, PBX4",CELLxGENE Census 2025-11-08,1b350d0a-4535-4879-beb6-1142f3f94947,cite_seq_protein,orthogonal_molecular,CITE-seq multimodal classifier used RNA plus ADT protein labels across tissues; strong but not pure protein gating.,Wells et al. 2025 Nat Immunol DOI:10.1038/s41590-025-02241-4,2025-06-18,,True,2026-06-17,low,subtype,data/raw/wells_small_intestine.h5ad,scanpy.rank_genes_groups[wilcoxon]+autozyme,1500,immune,113,CD4 T cell,subtype_resolution,
wells_small_intestine__mast_cell,wells_small_intestine,small_intestine,human,Mast cell,Mast cell,easy,canonical_lineage,mast cell/mastocyte,1,"TPSAB1, TPSB2, CPA3, GATA2, VIM, HPGDS, LAPTM4A, IL1RL1, CLU, GLUL, KIT, ALOX5AP, CD9, SRGN, RHEX, LTC4S, S100A6, LMNA, CD44, MS4A2, PNMT, VWA5A, ANXA1, RGS2, CST3, CAPG, RNF130, SLC18A2, TIMP3, AREG, ALOX5, TUBA1A, MAOB, FOSB, PTGS1, RGS1, TSC22D1, AHNAK, ASAH1, TPSD1, DAD1, AKAP13, SLC24A3, PSAP, SIGLEC6, CTNNBL1, CD69, CAVIN2, ARHGAP18, NFKBIZ",CELLxGENE Census 2025-11-08,1b350d0a-4535-4879-beb6-1142f3f94947,cite_seq_protein,orthogonal_molecular,CITE-seq multimodal classifier used RNA plus ADT protein labels across tissues; strong but not pure protein gating.,Wells et al. 2025 Nat Immunol DOI:10.1038/s41590-025-02241-4,2025-06-18,,True,2026-06-17,low,subtype,data/raw/wells_small_intestine.h5ad,scanpy.rank_genes_groups[wilcoxon]+autozyme,1500,immune,114,Mast cell,canonical_lineage,
wells_small_intestine__conventional_dendritic_cell,wells_small_intestine,small_intestine,human,Conventional dendritic cell,Dendritic cell,medium,subtype_resolution,conventional/myeloid/cDC;dendritic/DC,2,"HLA-DRA, HLA-DPB1, HLA-DPA1, HLA-DRB1, HLA-DQB1, HLA-DRB5, CD74, SPI1, AIF1, LST1, HLA-DQA1, CST3, CALHM6, IFI30, LYZ, HLA-DMA, HLA-DMB, MS4A6A, JAML, GRN, IGSF6, MACROH2A1, NPC2, CTSH, NME2, CPVL, ETS2, LGALS9, CTSB, FGL2, COTL1, PLD4, CD68, FCGRT, TBXAS1, CTSZ, PYCARD, RAB31, GPR183, TMSB10, SPINT2, CLEC7A, CD86, SAT1, RNASE6, HCK, CXCL16, PPA1, CEBPD, PAK1",CELLxGENE Census 2025-11-08,1b350d0a-4535-4879-beb6-1142f3f94947,cite_seq_protein,orthogonal_molecular,CITE-seq multimodal classifier used RNA plus ADT protein labels across tissues; strong but not pure protein gating.,Wells et al. 2025 Nat Immunol DOI:10.1038/s41590-025-02241-4,2025-06-18,,True,2026-06-17,low,subtype,data/raw/wells_small_intestine.h5ad,scanpy.rank_genes_groups[wilcoxon]+autozyme,382,immune,115,Dendritic cell,subtype_resolution,
wells_small_intestine__CD4_positive_CD25_positive_alpha_beta_regulatory_T_cell,wells_small_intestine,small_intestine,human,Regulatory T cell,CD4 T cell,hard,rare_or_state,regulatory/Treg/FOXP3/CD25;CD4,2,"FOXP3, IKZF2, SPOCK2, IL32, CD3D, ETS1, IL7R, CD2, CTLA4, LTB, RORA, PBXIP1, S100A4, CD3E, CD28, HLA-A, ARHGDIB, ICOS, B2M, SARAF, LCK, CD3G, CYTIP, C12orf57, BATF, ITK, TPT1, RNF19A, FAS, CD5, BCL11B, CCR6, EVL, GBP2, SYNE2, FYB1, GAPDH, HLA-B, NDUFV2, CORO1A, STK17B, PHACTR2, ACTB, LEPROTL1, TLE5, SLAMF1, ANKRD12, PHTF2, CALM1, AQP3",CELLxGENE Census 2025-11-08,1b350d0a-4535-4879-beb6-1142f3f94947,cite_seq_protein,orthogonal_molecular,CITE-seq multimodal classifier used RNA plus ADT protein labels across tissues; strong but not pure protein gating.,Wells et al. 2025 Nat Immunol DOI:10.1038/s41590-025-02241-4,2025-06-18,,True,2026-06-17,low,subtype,data/raw/wells_small_intestine.h5ad,scanpy.rank_genes_groups[wilcoxon]+autozyme,834,immune,116,CD4 T cell,rare_or_state,
wells_small_intestine__naive_B_cell,wells_small_intestine,small_intestine,human,Naive B cell,B cell,medium,subtype_resolution,naive;B cell/B-cell/B lymphocyte,2,"CD37, CD79A, CD74, MS4A1, HLA-DRA, LAPTM5, HLA-DRB1, HLA-DPA1, HLA-DPB1, CD79B, TCL1A, IGHM, LINC00926, YBX3, HLA-DQA1, CD52, HLA-DQB1, FAU, AFF3, BANK1, BACH2, NIBAN3, KLF2, P2RX5, RACK1, FCMR, CD83, RALGPS2, CXCR4, TXNIP, FCER2, IRF8, IGHD, FCRL1, BTG1, NCF1, ARHGAP24, STAG3, HLA-DMA, SMAP2, LIMD2, MEF2C, HLA-DRB5, LTB, TNFRSF13C, CD19, RCSD1, BLK, VPREB3, NOP53",CELLxGENE Census 2025-11-08,1b350d0a-4535-4879-beb6-1142f3f94947,cite_seq_protein,orthogonal_molecular,CITE-seq multimodal classifier used RNA plus ADT protein labels across tissues; strong but not pure protein gating.,Wells et al. 2025 Nat Immunol DOI:10.1038/s41590-025-02241-4,2025-06-18,,True,2026-06-17,low,subtype,data/raw/wells_small_intestine.h5ad,scanpy.rank_genes_groups[wilcoxon]+autozyme,474,immune,117,B cell,subtype_resolution,
wells_small_intestine__memory_B_cell,wells_small_intestine,small_intestine,human,Memory B cell,B cell,medium,subtype_resolution,memory;B cell/B-cell,2,"CD79A, MS4A1, CD74, HLA-DRA, BANK1, CD83, HLA-DRB1, CD37, KLF2, TNFRSF13C, VPREB3, EZR, BLK, HLA-DPA1, HLA-DQB1, HLA-DQA1, RALGPS2, HLA-DPB1, EEF1B2, EEF1G, LAPTM5, IRF8, FAU, CD19, ARHGAP24, HLA-DRB5, TNFRSF13B, LY9, MARCKS, EEF2, IGHA1, MEF2C, LINC00926, SMAP2, SWAP70, EEF1A1, ADAM28, SYNGR2, BASP1, CD55, POU2AF1, CD24, LINC01781, HLA-DMA, LY86, CD79B, TCF4, SMARCB1, ARID5B, FCMR",CELLxGENE Census 2025-11-08,1b350d0a-4535-4879-beb6-1142f3f94947,cite_seq_protein,orthogonal_molecular,CITE-seq multimodal classifier used RNA plus ADT protein labels across tissues; strong but not pure protein gating.,Wells et al. 2025 Nat Immunol DOI:10.1038/s41590-025-02241-4,2025-06-18,,True,2026-06-17,low,subtype,data/raw/wells_small_intestine.h5ad,scanpy.rank_genes_groups[wilcoxon]+autozyme,1284,immune,118,B cell,subtype_resolution,
wells_small_intestine__CD16_positive_CD56_dim_natural_killer_cell_human,wells_small_intestine,small_intestine,human,CD56-dim NK cell,NK cell,hard,subtype_resolution,CD56-dim/CD56dim/CD16-positive/cytotoxic NK;NK/natural killer,2,"NKG7, PRF1, GNLY, GZMB, CST7, FCGR3A, CTSW, FGFBP2, ITGB2, HLA-C, B2M, IFITM1, IFITM2, EFHD2, PFN1, KLRD1, SPON2, GZMH, TYROBP, CD247, HOPX, HCST, CYBA, ABHD17A, S1PR5, HLA-A, GZMA, ADGRG1, S100A4, KLRF1, SH3BGRL3, ARL4C, PLEK, IL2RG, FLNA, TMSB10, TBX21, CCL4, CX3CR1, TLE5, MYL12A, KLF2, SYNE1, PLAC8, C12orf75, LITAF, RAC2, PTPRC, TRBC1, CLIC3",CELLxGENE Census 2025-11-08,1b350d0a-4535-4879-beb6-1142f3f94947,cite_seq_protein,orthogonal_molecular,CITE-seq multimodal classifier used RNA plus ADT protein labels across tissues; strong but not pure protein gating.,Wells et al. 2025 Nat Immunol DOI:10.1038/s41590-025-02241-4,2025-06-18,,True,2026-06-17,low,subtype,data/raw/wells_small_intestine.h5ad,scanpy.rank_genes_groups[wilcoxon]+autozyme,597,immune,119,NK cell,subtype_resolution,
wells_small_intestine__group_3_innate_lymphoid_cell,wells_small_intestine,small_intestine,human,Group 3 ILC,Innate lymphoid cell,hard,rare_or_state,ILC3/group 3 innate/innate lymphoid,1,"AREG, TNFRSF25, PRR5, FXYD5, IL4I1, IL7R, KIT, ZFP36L1, LINC00299, NFKBIA, AFF3, TLE1, ZFAND5, ZFP36, TNFRSF18, TNFAIP3, NFKB1, CD81, RUNX2, TRBC1, EEF1A1, LST1, TSC22D3, CITED2, NRIP1, ID2, FOSB, HNRNPA0, TIPARP, IL1R1, SOX4, JMY, EIF1, MACROH2A1, GSN, RORC, SMARCA2, AQP3, IL23R, LTB, MPV17L, CAT, FKBP5, KLRB1, SVIL, AHR, TAGLN2, NCOA7, TMIGD2, CDKN1A",CELLxGENE Census 2025-11-08,1b350d0a-4535-4879-beb6-1142f3f94947,cite_seq_protein,orthogonal_molecular,CITE-seq multimodal classifier used RNA plus ADT protein labels across tissues; strong but not pure protein gating.,Wells et al. 2025 Nat Immunol DOI:10.1038/s41590-025-02241-4,2025-06-18,,True,2026-06-17,low,subtype,data/raw/wells_small_intestine.h5ad,scanpy.rank_genes_groups[wilcoxon]+autozyme,616,immune,120,Innate lymphoid cell,rare_or_state,
wells_small_intestine__effector_memory_CD4_positive_alpha_beta_T_cell,wells_small_intestine,small_intestine,human,Effector memory CD4 T cell,CD4 T cell,hard,rare_or_state,effector memory/Tem/EM;CD4,2,"IL32, S100A4, LTB, CD2, TMSB10, CD3D, PFN1, SPOCK2, IFITM1, GIMAP4, PCED1B-AS1, B2M, SH3BGRL3, LIME1, GIMAP7, IL2RG, HINT1, S100A10, CD52, CD6, DNAJB1, CORO1A, GMFG, CD5, TLE5, LCK, ETS1, S100A6, CNN2, FXYD5, CD3E, FYB1, TC2N, LDHB, SIT1, PPIA, HLA-C, MYL12A, HSPA8, RAC2, IL7R, CD28, CD40LG, GZMK, EMP3, INPP4B, LAT, BCL11B, COX7C, TMSB4X",CELLxGENE Census 2025-11-08,1b350d0a-4535-4879-beb6-1142f3f94947,cite_seq_protein,orthogonal_molecular,CITE-seq multimodal classifier used RNA plus ADT protein labels across tissues; strong but not pure protein gating.,Wells et al. 2025 Nat Immunol DOI:10.1038/s41590-025-02241-4,2025-06-18,,True,2026-06-17,low,subtype,data/raw/wells_small_intestine.h5ad,scanpy.rank_genes_groups[wilcoxon]+autozyme,631,immune,121,CD4 T cell,rare_or_state,
wells_small_intestine__naive_thymus_derived_CD8_positive_alpha_beta_T_cell,wells_small_intestine,small_intestine,human,Naive CD8 T cell,CD8 T cell,medium,subtype_resolution,naive;CD8/CD8-positive/cytotoxic,2,"CD8B, CD8A, IL7R, EEF1A1, SARAF, EEF2, TCF7, PABPC1, EEF1B2, GAS5, LEF1, CD3D, NOP53, LINC02446, NACA, CD55, LEPROTL1, TPT1, LDHB, SELL, GYPC, RACK1, IFITM1, TOB1, EEF1D, EEF1G, KLRK1, UBA52, CCR7, LIME1, MCUB, FAU, CAMK4, NDFIP1, CD3G, SPOCK2, PDE3B, BTF3, NPM1, NOSIP, PFDN5, RBM3, BCL11B, ZFP36L2, SNHG6, CD248, RGS10, CXCR4, BTG1, ITK",CELLxGENE Census 2025-11-08,1b350d0a-4535-4879-beb6-1142f3f94947,cite_seq_protein,orthogonal_molecular,CITE-seq multimodal classifier used RNA plus ADT protein labels across tissues; strong but not pure protein gating.,Wells et al. 2025 Nat Immunol DOI:10.1038/s41590-025-02241-4,2025-06-18,,True,2026-06-17,low,subtype,data/raw/wells_small_intestine.h5ad,scanpy.rank_genes_groups[wilcoxon]+autozyme,239,immune,122,CD8 T cell,subtype_resolution,
wells_small_intestine__effector_memory_CD8_positive_alpha_beta_T_cell,wells_small_intestine,small_intestine,human,Effector memory CD8 T cell,CD8 T cell,hard,rare_or_state,effector memory/Tem/EM/effector;CD8,2,"NKG7, B2M, HLA-C, CD8A, CST7, GZMH, PRF1, IL32, SH3BGRL3, S100A4, CD8B, FGFBP2, ITGB2, TMSB10, SAA1, CD52, PFN1, CTSW, PLEK, IFITM1, HCST, TLE5, HP, IL2RG, GZMB, HSPA1B, SAMD3, S100A6, PCED1B-AS1, KLF2, GZMA, DNAJB1, FLNA, HSPA8, HSPA1A, GIMAP4, PTPRC, GNLY, CX3CR1, EMP3, FABP1, KLRK1, C12orf75, TBX21, HSPA6, HLA-A, IFITM2, HSP90AA1, SAA2, GIMAP7",CELLxGENE Census 2025-11-08,1b350d0a-4535-4879-beb6-1142f3f94947,cite_seq_protein,orthogonal_molecular,CITE-seq multimodal classifier used RNA plus ADT protein labels across tissues; strong but not pure protein gating.,Wells et al. 2025 Nat Immunol DOI:10.1038/s41590-025-02241-4,2025-06-18,,True,2026-06-17,low,subtype,data/raw/wells_small_intestine.h5ad,scanpy.rank_genes_groups[wilcoxon]+autozyme,678,immune,123,CD8 T cell,rare_or_state,
wells_small_intestine__central_memory_CD4_positive_alpha_beta_T_cell,wells_small_intestine,small_intestine,human,Central memory CD4 T cell,CD4 T cell,hard,rare_or_state,central memory/Tcm/CM;CD4,2,"TPT1, IL7R, EEF1A1, LDHB, LTB, SARAF, TCF7, EEF1B2, FXYD5, NACA, SPOCK2, EEF1G, SELL, RACK1, LEF1, GAS5, FYB1, PABPC1, NOP53, EEF1D, CCR7, FAU, CD3D, IFITM1, CD28, EEF2, BTF3, CD5, CD6, TC2N, NOSIP, LEPROTL1, MAL, ENSG00000273149, MCUB, ETS1, ICOS, SLC2A3, TMSB10, UBA52, BCL11B, CD3G, ITK, CD3E, C12orf57, PASK, TLE5, CAMK4, FLT3LG, NPM1",CELLxGENE Census 2025-11-08,1b350d0a-4535-4879-beb6-1142f3f94947,cite_seq_protein,orthogonal_molecular,CITE-seq multimodal classifier used RNA plus ADT protein labels across tissues; strong but not pure protein gating.,Wells et al. 2025 Nat Immunol DOI:10.1038/s41590-025-02241-4,2025-06-18,,True,2026-06-17,low,subtype,data/raw/wells_small_intestine.h5ad,scanpy.rank_genes_groups[wilcoxon]+autozyme,1093,immune,124,CD4 T cell,rare_or_state,
wells_small_intestine__naive_thymus_derived_CD4_positive_alpha_beta_T_cell,wells_small_intestine,small_intestine,human,Naive CD4 T cell,CD4 T cell,medium,subtype_resolution,naive;CD4/CD4-positive/T helper/helper,2,"EEF1A1, NACA, NOSIP, GAS5, LEF1, RACK1, EEF1G, LDHB, EEF1B2, TCF7, TPT1, SELL, FAU, CCR7, TMSB10, SNHG29, NOP53, EEF1D, SARAF, UBA52, BTF3, PABPC1, FXYD5, EEF2, NDFIP1, NPM1, EIF3E, LTB, GYPC, LEPROTL1, C12orf57, IFITM1, MAL, MCUB, ENSG00000273149, TRABD2A, COX4I1, PFDN5, PCED1B-AS1, TOMM7, TLE5, LIMD2, COX7C, RASGRP2, FOXP1, EIF4B, SPOCK2, SATB1, SMDT1, RIPOR2",CELLxGENE Census 2025-11-08,1b350d0a-4535-4879-beb6-1142f3f94947,cite_seq_protein,orthogonal_molecular,CITE-seq multimodal classifier used RNA plus ADT protein labels across tissues; strong but not pure protein gating.,Wells et al. 2025 Nat Immunol DOI:10.1038/s41590-025-02241-4,2025-06-18,,True,2026-06-17,low,subtype,data/raw/wells_small_intestine.h5ad,scanpy.rank_genes_groups[wilcoxon]+autozyme,319,immune,125,CD4 T cell,subtype_resolution,
wells_small_intestine__immature_innate_lymphoid_cell,wells_small_intestine,small_intestine,human,Immature ILC,Innate lymphoid cell,hard,rare_or_state,innate lymphoid/ILC;immature/precursor,2,"GNLY, CTSW, NKG7, IFITM2, IFITM1, PRF1, KLRD1, GZMB, ITGB2, PFN1, TYROBP, XCL2, KLRF1, CMC1, SELL, CD7, CST7, HCST, IFITM3, DUSP2, PLAC8, HOPX, FCER1G, IL2RB, MATK, XCL1, B2M, HLA-A, SH2D1B, SAMD3, ETS1, KLRC1, FXYD5, TRDC, KLRK1, HMGB1, LIMD2, CLIC3, LY6E, PTGDR, ITGAX, RIPOR2, LITAF, AREG, EMP3, IL2RG, ARL4C, TMSB10, TPST2, HSH2D",CELLxGENE Census 2025-11-08,1b350d0a-4535-4879-beb6-1142f3f94947,cite_seq_protein,orthogonal_molecular,CITE-seq multimodal classifier used RNA plus ADT protein labels across tissues; strong but not pure protein gating.,Wells et al. 2025 Nat Immunol DOI:10.1038/s41590-025-02241-4,2025-06-18,,True,2026-06-17,low,subtype,data/raw/wells_small_intestine.h5ad,scanpy.rank_genes_groups[wilcoxon]+autozyme,201,immune,126,Innate lymphoid cell,rare_or_state,
wells_lymph_node__naive_thymus_derived_CD4_positive_alpha_beta_T_cell,wells_lymph_node,lymph_node,human,Naive CD4 T cell,CD4 T cell,medium,subtype_resolution,naive;CD4/CD4-positive/T helper/helper,2,"NOSIP, LEF1, TCF7, EEF1A1, TPT1, EEF1G, NACA, EEF1B2, SARAF, LDHB, NDFIP1, RACK1, CCR7, EEF1D, NOP53, GAS5, FAU, PABPC1, SNHG29, SELL, LEPROTL1, CD3E, TOMM7, GYPC, PFDN5, CD3D, RGS10, CAMK4, UBA52, EIF3E, PRKCQ-AS1, BCL11B, C12orf57, CD3G, MAL, IL7R, KLF2, PIK3IP1, ABLIM1, SATB1, NPM1, BTF3, TRABD2A, TLE5, SOCS3, IFITM1, COX4I1, MCUB, ACTN1, IL6ST",CELLxGENE Census 2025-11-08,1b350d0a-4535-4879-beb6-1142f3f94947,cite_seq_protein,orthogonal_molecular,CITE-seq multimodal classifier used RNA plus ADT protein labels across tissues; strong but not pure protein gating.,Wells et al. 2025 Nat Immunol DOI:10.1038/s41590-025-02241-4,2025-06-18,,True,2026-06-17,low,subtype,data/raw/wells_lymph_node.h5ad,scanpy.rank_genes_groups[wilcoxon]+autozyme,1500,immune,127,CD4 T cell,subtype_resolution,
wells_lymph_node__CD4_positive_CD25_positive_alpha_beta_regulatory_T_cell,wells_lymph_node,lymph_node,human,Regulatory T cell,CD4 T cell,hard,rare_or_state,regulatory/Treg/FOXP3/CD25;CD4,2,"IKZF2, FOXP3, CTLA4, IL32, CD3D, FYB1, CD3E, LEF1, TIGIT, LTB, SOD1, SPOCK2, FXYD5, RGS1, BATF, LCK, CD27, SARAF, LDHB, C12orf57, ARID5B, FCMR, ETS1, IL6ST, SELL, SKAP1, SESN3, PBXIP1, HSPA8, SAMHD1, RTKN2, EVL, CD5, CD2, DGKA, PTPRC, TBC1D4, ICOS, IL2RA, BCL11B, ITK, CD3G, RCAN3, S100A4, CD28, LBH, CD247, MAL, FOXP1, CHRM3-AS2",CELLxGENE Census 2025-11-08,1b350d0a-4535-4879-beb6-1142f3f94947,cite_seq_protein,orthogonal_molecular,CITE-seq multimodal classifier used RNA plus ADT protein labels across tissues; strong but not pure protein gating.,Wells et al. 2025 Nat Immunol DOI:10.1038/s41590-025-02241-4,2025-06-18,,True,2026-06-17,low,subtype,data/raw/wells_lymph_node.h5ad,scanpy.rank_genes_groups[wilcoxon]+autozyme,1500,immune,128,CD4 T cell,rare_or_state,
wells_lymph_node__plasmablast,wells_lymph_node,lymph_node,human,Plasmablast,B cell,medium,subtype_resolution,plasmablast/plasma cell/antibody-secreting,1,"TXNDC5, PPIB, SUB1, HSP90B1, MZB1, SEC11C, MYBL2, SDF2L1, TNFRSF17, MYDGF, SEC61B, POU2AF1, UBE2J1, GAPDH, NME1, PDIA6, JCHAIN, SRM, SSR3, CLPTM1L, SEC61G, MTDH, PDIA4, MIF, P4HB, MKI67, ATP5MC3, LMAN1, PCLAF, MANF, DERL3, SPCS2, PSME2, ARID3A, TYMS, GGH, PRDX4, NME2, KDELR2, RRM2, EAF2, PTTG1, FKBP11, UQCRH, DANCR, TK1, SYNE3-AS1, COX5A, SHCBP1, RRBP1",CELLxGENE Census 2025-11-08,1b350d0a-4535-4879-beb6-1142f3f94947,cite_seq_protein,orthogonal_molecular,CITE-seq multimodal classifier used RNA plus ADT protein labels across tissues; strong but not pure protein gating.,Wells et al. 2025 Nat Immunol DOI:10.1038/s41590-025-02241-4,2025-06-18,,True,2026-06-17,low,subtype,data/raw/wells_lymph_node.h5ad,scanpy.rank_genes_groups[wilcoxon]+autozyme,1500,immune,129,B cell,subtype_resolution,
wells_lymph_node__immature_innate_lymphoid_cell,wells_lymph_node,lymph_node,human,Immature ILC,Innate lymphoid cell,hard,rare_or_state,innate lymphoid/ILC;immature/precursor,2,"GNLY, CTSW, KLRD1, IFITM2, XCL1, NKG7, XCL2, CD7, CMC1, BHLHE40, TYROBP, HOPX, PRF1, SELL, FCER1G, KLRC1, MATK, AREG, DUSP2, IL2RB, JAK1, KLRF1, NFKBIA, IFITM1, TNFRSF18, ITGAX, RIN3, TRDC, CD300A, GZMB, HCST, PLAC8, HSH2D, IFITM3, MAP3K8, CD44, EFHD2, KLRK1, TPST2, MAFF, MCTP2, HLA-A, IRF1, KLRC2, LY6E, IER2, CDC42SE1, TXK, NCAM1, GZMK",CELLxGENE Census 2025-11-08,1b350d0a-4535-4879-beb6-1142f3f94947,cite_seq_protein,orthogonal_molecular,CITE-seq multimodal classifier used RNA plus ADT protein labels across tissues; strong but not pure protein gating.,Wells et al. 2025 Nat Immunol DOI:10.1038/s41590-025-02241-4,2025-06-18,,True,2026-06-17,low,subtype,data/raw/wells_lymph_node.h5ad,scanpy.rank_genes_groups[wilcoxon]+autozyme,951,immune,130,Innate lymphoid cell,rare_or_state,
wells_lymph_node__macrophage,wells_lymph_node,lymph_node,human,Macrophage,Macrophage,medium,canonical_lineage,macrophage,1,"CST3, C1QA, C1QC, C1QB, CTSB, AIF1, TYROBP, CD68, FCER1G, NPC2, PSAP, MS4A6A, IFI30, CD74, FCGRT, SAT1, SELENOP, HLA-DRA, S100A11, APOE, HMOX1, CD163, GLUL, BLVRB, HLA-DRB1, TMSB4X, CTSZ, MS4A7, TMSB10, CTSD, CD63, OAZ1, HLA-DPA1, MS4A4A, APOC1, CTSC, LIPA, SPI1, GABARAP, CTSS, ANXA5, HLA-DPB1, SLC40A1, BRI3, GRN, IFITM3, S100A9, IGSF6, LST1, CREG1",CELLxGENE Census 2025-11-08,1b350d0a-4535-4879-beb6-1142f3f94947,cite_seq_protein,orthogonal_molecular,CITE-seq multimodal classifier used RNA plus ADT protein labels across tissues; strong but not pure protein gating.,Wells et al. 2025 Nat Immunol DOI:10.1038/s41590-025-02241-4,2025-06-18,,True,2026-06-17,low,subtype,data/raw/wells_lymph_node.h5ad,scanpy.rank_genes_groups[wilcoxon]+autozyme,1500,immune,131,Macrophage,canonical_lineage,
wells_lymph_node__CD4_positive_alpha_beta_memory_T_cell,wells_lymph_node,lymph_node,human,Memory CD4 T cell,CD4 T cell,medium,subtype_resolution,memory;CD4/CD4-positive/helper,2,"FYB1, SARAF, IL7R, KLF6, EIF1, JUNB, IL6ST, JUND, PNRC1, ZFP36L2, BTG1, SRGN, CD3E, ICOS, SRSF7, ITK, CD69, PTGER4, JUN, UBC, H3-3B, ELF1, CCNH, SF1, GPR183, FOS, TSC22D3, CD3D, ZFP36, CYCS, GLIPR1, TNFAIP3, DDX24, SOCS3, TSPYL2, RESF1, FYN, DUSP1, FXYD5, SRSF5, TOMM7, DDX5, PPP1R15A, LEPROTL1, PIK3IP1, H1-10, CD2, BCL11B, INPP4B, DDIT4",CELLxGENE Census 2025-11-08,1b350d0a-4535-4879-beb6-1142f3f94947,cite_seq_protein,orthogonal_molecular,CITE-seq multimodal classifier used RNA plus ADT protein labels across tissues; strong but not pure protein gating.,Wells et al. 2025 Nat Immunol DOI:10.1038/s41590-025-02241-4,2025-06-18,,True,2026-06-17,low,subtype,data/raw/wells_lymph_node.h5ad,scanpy.rank_genes_groups[wilcoxon]+autozyme,1500,immune,132,CD4 T cell,subtype_resolution,
wells_lymph_node__CD8_positive_alpha_beta_memory_T_cell,wells_lymph_node,lymph_node,human,Memory CD8 T cell,CD8 T cell,medium,subtype_resolution,memory;CD8/CD8-positive,2,"CCL5, CD8A, CD8B, CD3E, SRSF7, KLRK1, PARP8, TNFAIP3, ZFP36L2, JUND, IL7R, FYN, KLF6, CD3D, BTG1, IL32, SARAF, B2M, EIF1, TSPYL2, DUSP2, FOSB, ZFP36, JUN, MYADM, JUNB, PNRC1, CD2, CD69, PPP1R15A, CXCR4, UBC, PTGER4, IDS, LEPROTL1, ANXA1, CST7, HLA-A, CCNH, CD96, SYTL3, DDX24, SRGN, CBLB, H3-3B, NR4A2, MCL1, DNAJB1, ADGRE5, DUSP1",CELLxGENE Census 2025-11-08,1b350d0a-4535-4879-beb6-1142f3f94947,cite_seq_protein,orthogonal_molecular,CITE-seq multimodal classifier used RNA plus ADT protein labels across tissues; strong but not pure protein gating.,Wells et al. 2025 Nat Immunol DOI:10.1038/s41590-025-02241-4,2025-06-18,,True,2026-06-17,low,subtype,data/raw/wells_lymph_node.h5ad,scanpy.rank_genes_groups[wilcoxon]+autozyme,1500,immune,133,CD8 T cell,subtype_resolution,
wells_lymph_node__CD16_negative_CD56_bright_natural_killer_cell_human,wells_lymph_node,lymph_node,human,CD56-bright NK cell,NK cell,hard,subtype_resolution,CD56-bright/CD56bright/immature NK/regulatory NK;NK/natural killer,2,"CMC1, CD7, NKG7, KLRD1, TYROBP, KLRB1, IL2RB, FCER1G, CCL3, IFITM2, CD247, IFITM1, KLRF1, CEBPD, XCL2, GZMA, XCL1, GSTP1, CTSW, CST7, MATK, CCL4, KLRK1, ARHGAP9, AOAH, CD160, NFKBIA, IER2, CLIC3, PRF1, IRF1, HCST, EOMES, CD81, H3-3B, MAPK1, GZMM, ZFP36, ALOX5AP, PIK3R1, MCTP2, STK17A, SPRY2, UBB, SRGN, PFN1, APMAP, RHOC, FYN, ADGRE5",CELLxGENE Census 2025-11-08,1b350d0a-4535-4879-beb6-1142f3f94947,cite_seq_protein,orthogonal_molecular,CITE-seq multimodal classifier used RNA plus ADT protein labels across tissues; strong but not pure protein gating.,Wells et al. 2025 Nat Immunol DOI:10.1038/s41590-025-02241-4,2025-06-18,,True,2026-06-17,low,subtype,data/raw/wells_lymph_node.h5ad,scanpy.rank_genes_groups[wilcoxon]+autozyme,1500,immune,134,NK cell,subtype_resolution,
wells_lymph_node__effector_memory_CD4_positive_alpha_beta_T_cell,wells_lymph_node,lymph_node,human,Effector memory CD4 T cell,CD4 T cell,hard,rare_or_state,effector memory/Tem/EM;CD4,2,"IL32, CD3D, CD3E, LTB, FYB1, GIMAP7, CD3G, B2M, CD2, S100A4, TMSB4X, CD6, LCK, DNAJB1, CD52, GIMAP4, GSTK1, LAT, FXYD5, CD5, EVL, SPOCK2, LDHB, HSPA1B, CD40LG, ITM2A, HSPA8, GMFG, IFITM1, TRAC, IL7R, MYL12A, SH3BGRL3, INPP4B, HLA-A, PLAAT4, CD48, TOMM7, HSPB1, BCL11B, GIMAP5, TRAT1, JUNB, TPT1, HNRNPLL, CD4, PTPRC, ACAP1, TCF7, ITM2B",CELLxGENE Census 2025-11-08,1b350d0a-4535-4879-beb6-1142f3f94947,cite_seq_protein,orthogonal_molecular,CITE-seq multimodal classifier used RNA plus ADT protein labels across tissues; strong but not pure protein gating.,Wells et al. 2025 Nat Immunol DOI:10.1038/s41590-025-02241-4,2025-06-18,,True,2026-06-17,low,subtype,data/raw/wells_lymph_node.h5ad,scanpy.rank_genes_groups[wilcoxon]+autozyme,1500,immune,135,CD4 T cell,rare_or_state,
wells_lymph_node__central_memory_CD8_positive_alpha_beta_T_cell,wells_lymph_node,lymph_node,human,Central memory CD8 T cell,CD8 T cell,hard,rare_or_state,central memory/Tcm/CM;CD8,2,"CD8B, CD8A, ANXA1, TPT1, EEF1A1, RGCC, IL7R, SELL, CD3D, IL32, TOB1, CD3E, GATA3, SARAF, LDHB, LEPROTL1, NOSIP, NDFIP1, ARL4C, LIME1, CD3G, ZFP36L2, ITK, LEF1, SPOCK2, TNFAIP3, FAM107B, LMNA, KLF2, GPR171, RACK1, UBA52, KLRK1, BCL11B, YBX3, S100A10, NOP53, VIM, GAS5, NELL2, CD2, S100A4, LTB, S100A6, PPP2R5C, CD5, CCR7, EEF1G, SORL1, EZR",CELLxGENE Census 2025-11-08,1b350d0a-4535-4879-beb6-1142f3f94947,cite_seq_protein,orthogonal_molecular,CITE-seq multimodal classifier used RNA plus ADT protein labels across tissues; strong but not pure protein gating.,Wells et al. 2025 Nat Immunol DOI:10.1038/s41590-025-02241-4,2025-06-18,,True,2026-06-17,low,subtype,data/raw/wells_lymph_node.h5ad,scanpy.rank_genes_groups[wilcoxon]+autozyme,1500,immune,136,CD8 T cell,rare_or_state,
wells_lymph_node__memory_B_cell,wells_lymph_node,lymph_node,human,Memory B cell,B cell,medium,subtype_resolution,memory;B cell/B-cell,2,"CD79A, MS4A1, HLA-DRA, CD37, BANK1, CD74, HLA-DPA1, HLA-DPB1, CD83, HLA-DRB1, HLA-DQA1, HLA-DQB1, IRF8, TNFRSF13C, RALGPS2, BLK, HLA-DRB5, LAPTM5, ADAM28, CD52, CD19, LY9, KLF2, ARHGAP24, SWAP70, MARCKS, LINC00926, VPREB3, CD79B, EZR, MEF2C, LY86, CD24, EEF1B2, HLA-DMA, P2RX5, TNFRSF13B, LINC01781, SMIM14, SYNGR2, FAU, NCF1, EEF1G, SEL1L3, MARCHF1, FCRLA, LYN, HLA-DMB, SPIB, RHOB",CELLxGENE Census 2025-11-08,1b350d0a-4535-4879-beb6-1142f3f94947,cite_seq_protein,orthogonal_molecular,CITE-seq multimodal classifier used RNA plus ADT protein labels across tissues; strong but not pure protein gating.,Wells et al. 2025 Nat Immunol DOI:10.1038/s41590-025-02241-4,2025-06-18,,True,2026-06-17,low,subtype,data/raw/wells_lymph_node.h5ad,scanpy.rank_genes_groups[wilcoxon]+autozyme,1500,immune,137,B cell,subtype_resolution,
wells_lymph_node__CD16_positive_CD56_dim_natural_killer_cell_human,wells_lymph_node,lymph_node,human,CD56-dim NK cell,NK cell,hard,subtype_resolution,CD56-dim/CD56dim/CD16-positive/cytotoxic NK;NK/natural killer,2,"NKG7, PRF1, GNLY, GZMB, CST7, FCGR3A, CTSW, FGFBP2, SPON2, KLRD1, EFHD2, CD247, ITGB2, CCL4, TYROBP, GZMA, HLA-C, CD7, CCL5, IFITM2, ARL4C, IFITM1, HLA-A, CYBA, HOPX, GNG2, B2M, S1PR5, ABHD17A, CLIC3, FCER1G, PFN1, FLNA, CCL3, ZEB2, GZMH, LITAF, HLA-E, ADGRG1, KLRF1, HLA-B, GZMM, S100A4, TGFB1, HCST, IL2RB, SH3BGRL3, TBX21, PTPRC, KLRK1",CELLxGENE Census 2025-11-08,1b350d0a-4535-4879-beb6-1142f3f94947,cite_seq_protein,orthogonal_molecular,CITE-seq multimodal classifier used RNA plus ADT protein labels across tissues; strong but not pure protein gating.,Wells et al. 2025 Nat Immunol DOI:10.1038/s41590-025-02241-4,2025-06-18,,True,2026-06-17,low,subtype,data/raw/wells_lymph_node.h5ad,scanpy.rank_genes_groups[wilcoxon]+autozyme,1030,immune,138,NK cell,subtype_resolution,
wells_lymph_node__effector_memory_CD8_positive_alpha_beta_T_cell_terminally_differentiated,wells_lymph_node,lymph_node,human,Terminally differentiated EM CD8 T cell (TEMRA),CD8 T cell,hard,rare_or_state,terminally differentiated/TEMRA/CD45RA.*effector;CD8,2,"CCL5, CST7, GZMK, NKG7, CD8A, DUSP2, HLA-B, HLA-A, HLA-C, CCL4, HCST, IL32, CD3E, B2M, GZMA, CTSW, FYN, GZMM, TUBA4A, KLRD1, KLRK1, CD8B, CD3D, ZFP36L2, HLA-E, PTPRC, CALM1, CD99, CXCR4, PIK3R1, SRSF7, CMC1, LYAR, ZFP36, KLRG1, ZEB2, PPP2R5C, EIF1, NR4A2, PARP8, SRGN, ADGRE5, SYTL3, CRTAM, CD3G, PTP4A2, AOAH, LCK, CBLB, BTG1",CELLxGENE Census 2025-11-08,1b350d0a-4535-4879-beb6-1142f3f94947,cite_seq_protein,orthogonal_molecular,CITE-seq multimodal classifier used RNA plus ADT protein labels across tissues; strong but not pure protein gating.,Wells et al. 2025 Nat Immunol DOI:10.1038/s41590-025-02241-4,2025-06-18,,True,2026-06-17,low,subtype,data/raw/wells_lymph_node.h5ad,scanpy.rank_genes_groups[wilcoxon]+autozyme,1500,immune,139,CD8 T cell,rare_or_state,
wells_lymph_node__naive_B_cell,wells_lymph_node,lymph_node,human,Naive B cell,B cell,medium,subtype_resolution,naive;B cell/B-cell/B lymphocyte,2,"CD37, CD79A, CD74, HLA-DRA, MS4A1, HLA-DRB1, HLA-DPA1, IGHM, LAPTM5, HLA-DPB1, CD83, LINC00926, HLA-DQB1, CD52, YBX3, HLA-DQA1, TCL1A, BANK1, IRF8, AFF3, NIBAN3, FCER2, NCF1, FCRL1, CD79B, HLA-DRB5, FCMR, HLA-DMA, IGHD, TNFRSF13C, P2RX5, RALGPS2, BACH2, FAU, CD19, KLF2, TXNIP, BLK, ARHGAP24, STAG3, CD55, RCSD1, CD22, MEF2C, ADAM28, HLA-DMB, LY9, SNX2, LYN, BTG1",CELLxGENE Census 2025-11-08,1b350d0a-4535-4879-beb6-1142f3f94947,cite_seq_protein,orthogonal_molecular,CITE-seq multimodal classifier used RNA plus ADT protein labels across tissues; strong but not pure protein gating.,Wells et al. 2025 Nat Immunol DOI:10.1038/s41590-025-02241-4,2025-06-18,,True,2026-06-17,low,subtype,data/raw/wells_lymph_node.h5ad,scanpy.rank_genes_groups[wilcoxon]+autozyme,1500,immune,140,B cell,subtype_resolution,
wells_lymph_node__group_3_innate_lymphoid_cell,wells_lymph_node,lymph_node,human,Group 3 ILC,Innate lymphoid cell,hard,rare_or_state,ILC3/group 3 innate/innate lymphoid,1,"IL7R, AREG, FXYD5, NFKBIA, FOSB, DUSP1, TLE1, ZFP36, FOS, TNFAIP3, TSC22D3, PNRC1, KIT, PRR5, KLRB1, CITED2, TNFRSF25, ZFP36L1, CIRBP, RUNX2, JUND, TMIGD2, ZFAND5, ID2, IL1R1, MIR23AHG, SCN1B, SOX4, SEC11A, PCDH9, H1-10, ZFP36L2, AFF3, FKBP5, SMARCA2, SPRY1, TYROBP, CAT, LINC00299, NR4A1, FOXN3, CELF2, AHR, NRIP1, TMX4, TOB1, ADAM10, IER2, HNRNPA0, SSBP2",CELLxGENE Census 2025-11-08,1b350d0a-4535-4879-beb6-1142f3f94947,cite_seq_protein,orthogonal_molecular,CITE-seq multimodal classifier used RNA plus ADT protein labels across tissues; strong but not pure protein gating.,Wells et al. 2025 Nat Immunol DOI:10.1038/s41590-025-02241-4,2025-06-18,,True,2026-06-17,low,subtype,data/raw/wells_lymph_node.h5ad,scanpy.rank_genes_groups[wilcoxon]+autozyme,1500,immune,141,Innate lymphoid cell,rare_or_state,
wells_lymph_node__naive_thymus_derived_CD8_positive_alpha_beta_T_cell,wells_lymph_node,lymph_node,human,Naive CD8 T cell,CD8 T cell,medium,subtype_resolution,naive;CD8/CD8-positive/cytotoxic,2,"CD8B, LEF1, CD8A, EEF1A1, LINC02446, NDFIP1, SELL, TCF7, EEF1B2, NOSIP, CCR7, CD3D, CD3E, TPT1, NACA, SARAF, EEF1G, TOB1, LDHB, PDE3B, GAS5, RACK1, PABPC1, NELL2, LEPROTL1, RGS10, GYPC, IL7R, ACTN1, OXNAD1, EEF1D, CD55, ABLIM1, PIK3IP1, TRABD2A, BTF3, FAU, NOP53, CD3G, PRKCQ-AS1, KLRK1, NPM1, SNHG29, CD248, CAMK4, SATB1, BCL11B, NUCB2, YBX3, EIF3E",CELLxGENE Census 2025-11-08,1b350d0a-4535-4879-beb6-1142f3f94947,cite_seq_protein,orthogonal_molecular,CITE-seq multimodal classifier used RNA plus ADT protein labels across tissues; strong but not pure protein gating.,Wells et al. 2025 Nat Immunol DOI:10.1038/s41590-025-02241-4,2025-06-18,,True,2026-06-17,low,subtype,data/raw/wells_lymph_node.h5ad,scanpy.rank_genes_groups[wilcoxon]+autozyme,1500,immune,142,CD8 T cell,subtype_resolution,
wells_lymph_node__gamma_delta_T_cell,wells_lymph_node,lymph_node,human,Gamma-delta T cell,T cell,hard,rare_or_state,gamma-delta/gamma delta/gd T/γδ,1,"CCL5, NKG7, CST7, KLRD1, CTSW, IL32, HLA-C, HLA-A, TRDC, HLA-B, HCST, GZMA, CCL4, GZMK, DUSP2, CD3E, CD7, PRF1, PTPRC, FYN, PIK3R1, KLRK1, CD3D, KLRG1, B2M, SYTL3, TRBC1, GZMM, GNG2, KLRB1, CALM1, CD99, CXCR4, AOAH, LYAR, TGFB1, HLA-E, SRSF7, PPP2R5C, CBLB, XCL2, MCL1, PARP8, TRDV2, RUNX3, GABARAPL1, ADGRE5, HOPX, TRGV9, ZFP36",CELLxGENE Census 2025-11-08,1b350d0a-4535-4879-beb6-1142f3f94947,cite_seq_protein,orthogonal_molecular,CITE-seq multimodal classifier used RNA plus ADT protein labels across tissues; strong but not pure protein gating.,Wells et al. 2025 Nat Immunol DOI:10.1038/s41590-025-02241-4,2025-06-18,,True,2026-06-17,low,subtype,data/raw/wells_lymph_node.h5ad,scanpy.rank_genes_groups[wilcoxon]+autozyme,615,immune,143,T cell,rare_or_state,
wells_lymph_node__plasma_cell,wells_lymph_node,lymph_node,human,Plasma cell,B cell,easy,canonical_lineage,plasma cell/plasmablast/antibody-secreting,1,"MZB1, SSR4, TXNDC5, DERL3, JCHAIN, XBP1, FKBP11, PRDX4, SEC11C, HSP90B1, FCRL5, IGKC, ITM2C, SPAG4, POU2AF1, HERPUD1, MYDGF, SSR3, IGHG1, RRBP1, HDLBP, SDF2L1, SPCS2, PDIA4, SDC1, TNFRSF17, HM13, IGLC1, FKBP2, ERLEC1, CD79A, PLPP5, CD38, LMAN1, CRELD2, PPIB, CHPF, LINC03034, PDIA6, UBE2J1, SEL1L3, IGHG3, SLAMF7, TRIB1, SPCS3, SELENOS, CLPTM1L, FNDC3B, MANF, SIL1",CELLxGENE Census 2025-11-08,1b350d0a-4535-4879-beb6-1142f3f94947,cite_seq_protein,orthogonal_molecular,CITE-seq multimodal classifier used RNA plus ADT protein labels across tissues; strong but not pure protein gating.,Wells et al. 2025 Nat Immunol DOI:10.1038/s41590-025-02241-4,2025-06-18,,True,2026-06-17,low,subtype,data/raw/wells_lymph_node.h5ad,scanpy.rank_genes_groups[wilcoxon]+autozyme,1500,immune,144,B cell,canonical_lineage,
wells_lymph_node__central_memory_CD4_positive_alpha_beta_T_cell,wells_lymph_node,lymph_node,human,Central memory CD4 T cell,CD4 T cell,hard,rare_or_state,central memory/Tcm/CM;CD4,2,"FYB1, TPT1, LDHB, SARAF, CD3E, LEF1, TCF7, CD3D, EEF1A1, IL7R, EEF1B2, FXYD5, SELL, NACA, CD3G, IL6ST, MAL, GAS5, ITK, TOMM7, LTB, CD6, LEPROTL1, BCL11B, NOP53, UBA52, FAU, NOSIP, JUNB, PABPC1, RACK1, ICOS, EEF1D, CCR7, CD40LG, GIMAP7, CAMK4, INPP4B, IFITM1, SPOCK2, C12orf57, DNAJB1, EEF1G, SOCS3, FOXP1, SLC2A3, CD28, RGCC, GPR183, SOD1",CELLxGENE Census 2025-11-08,1b350d0a-4535-4879-beb6-1142f3f94947,cite_seq_protein,orthogonal_molecular,CITE-seq multimodal classifier used RNA plus ADT protein labels across tissues; strong but not pure protein gating.,Wells et al. 2025 Nat Immunol DOI:10.1038/s41590-025-02241-4,2025-06-18,,True,2026-06-17,low,subtype,data/raw/wells_lymph_node.h5ad,scanpy.rank_genes_groups[wilcoxon]+autozyme,1500,immune,145,CD4 T cell,rare_or_state,
wells_lymph_node__germinal_center_B_cell,wells_lymph_node,lymph_node,human,Germinal center B cell,B cell,hard,rare_or_state,germinal center/GC B;B cell/B-cell,2,"ACTG1, ACTB, MS4A1, HLA-DRA, BASP1, CD74, GAPDH, CORO1A, CD79A, ARPC2, HLA-DQA1, HMGA1, HLA-DPA1, PARP1, HLA-DRB1, PFN1, HLA-DPB1, ARPC3, HMGN1, IRAG2, CD79B, CFL1, CD22, MARCKSL1, H3-3A, SWAP70, HLA-DMA, PRDX1, VPREB3, NCF1, HLA-DRB5, POU2AF1, ACTR3, HLA-DMB, CD19, MEF2C, HLA-DQB1, POLD4, SERF2, PPIA, ARPC1B, CD40, UBE2J1, TCL1A, LIMD2, OAZ1, FCRLA, SLC25A5, HMGB1, MEF2B",CELLxGENE Census 2025-11-08,1b350d0a-4535-4879-beb6-1142f3f94947,cite_seq_protein,orthogonal_molecular,CITE-seq multimodal classifier used RNA plus ADT protein labels across tissues; strong but not pure protein gating.,Wells et al. 2025 Nat Immunol DOI:10.1038/s41590-025-02241-4,2025-06-18,,True,2026-06-17,low,subtype,data/raw/wells_lymph_node.h5ad,scanpy.rank_genes_groups[wilcoxon]+autozyme,651,immune,146,B cell,rare_or_state,
wells_lymph_node__conventional_dendritic_cell,wells_lymph_node,lymph_node,human,Conventional dendritic cell,Dendritic cell,medium,subtype_resolution,conventional/myeloid/cDC;dendritic/DC,2,"CD74, HLA-DPB1, HLA-DRA, HLA-DPA1, HLA-DQA1, HLA-DRB1, TMSB10, CST3, GSTP1, SPI1, CTSH, GSN, HLA-DQB1, LSP1, HLA-DRB5, CTSZ, IFI30, COTL1, BASP1, SYNGR2, TMSB4X, HCK, ACTB, PTMS, TNFAIP2, RASSF4, DAPP1, TXN, GNG5, KLF4, TYMP, FLT3, GRN, ALDH2, TSPAN33, CSF2RA, CCDC88A, GABARAP, CFP, CLIC2, FSCN1, HLA-DMA, CD83, LGALS9, LYZ, SPINT2, TMEM14C, PPA1, RAC1, MARCKSL1",CELLxGENE Census 2025-11-08,1b350d0a-4535-4879-beb6-1142f3f94947,cite_seq_protein,orthogonal_molecular,CITE-seq multimodal classifier used RNA plus ADT protein labels across tissues; strong but not pure protein gating.,Wells et al. 2025 Nat Immunol DOI:10.1038/s41590-025-02241-4,2025-06-18,,True,2026-06-17,low,subtype,data/raw/wells_lymph_node.h5ad,scanpy.rank_genes_groups[wilcoxon]+autozyme,889,immune,147,Dendritic cell,subtype_resolution,
wells_lymph_node__effector_memory_CD8_positive_alpha_beta_T_cell,wells_lymph_node,lymph_node,human,Effector memory CD8 T cell,CD8 T cell,hard,rare_or_state,effector memory/Tem/EM/effector;CD8,2,"CCL5, CD8A, GZMK, IL32, CD8B, NKG7, CST7, B2M, HLA-C, HLA-A, CD3D, HLA-B, CD3E, GZMA, HCST, CTSW, DUSP2, GZMM, LYAR, SH3BGRL3, CCL4, CD3G, PTPRC, HLA-E, KLRK1, CD99, LCK, CD2, PCED1B-AS1, KLRG1, CALM1, LIME1, AHNAK, PLAAT4, FYN, SH2D1A, SRSF7, S100A4, CRTAM, PPP2R5C, SAMD3, DNAJB1, HLA-F, CMC1, PIK3R1, LAT, TMSB4X, ARL4C, S100A6, FLNA",CELLxGENE Census 2025-11-08,1b350d0a-4535-4879-beb6-1142f3f94947,cite_seq_protein,orthogonal_molecular,CITE-seq multimodal classifier used RNA plus ADT protein labels across tissues; strong but not pure protein gating.,Wells et al. 2025 Nat Immunol DOI:10.1038/s41590-025-02241-4,2025-06-18,,True,2026-06-17,low,subtype,data/raw/wells_lymph_node.h5ad,scanpy.rank_genes_groups[wilcoxon]+autozyme,1500,immune,148,CD8 T cell,rare_or_state,
wells_lymph_node__mucosal_invariant_T_cell,wells_lymph_node,lymph_node,human,MAIT cell,T cell,hard,rare_or_state,MAIT/mucosal-associated invariant/mucosal invariant,1,"KLRB1, IL7R, CEBPD, TNFAIP3, NFKBIA, RORA, CD8A, CD69, S100A4, GZMK, DUSP2, SPOCK2, CCL5, IL32, KLRG1, NFKBIZ, NCR3, CST7, PARP8, PRF1, TRAV1-2, ZFP36, SLC4A10, ERN1, DUSP1, HLA-B, HLA-C, MYBL1, MCL1, ANXA1, CD3E, HLA-A, S100A6, GZMA, IFNGR1, SLC7A5, PPP1R15A, ARL4C, LINC01871, BTG1, FYN, CCL4, CXCR4, SRSF7, STAT4, SRGN, CD96, GPR65, JUND, PRR5",CELLxGENE Census 2025-11-08,1b350d0a-4535-4879-beb6-1142f3f94947,cite_seq_protein,orthogonal_molecular,CITE-seq multimodal classifier used RNA plus ADT protein labels across tissues; strong but not pure protein gating.,Wells et al. 2025 Nat Immunol DOI:10.1038/s41590-025-02241-4,2025-06-18,,True,2026-06-17,low,subtype,data/raw/wells_lymph_node.h5ad,scanpy.rank_genes_groups[wilcoxon]+autozyme,425,immune,149,T cell,rare_or_state,
wells_lymph_node__plasmacytoid_dendritic_cell,wells_lymph_node,lymph_node,human,Plasmacytoid dendritic cell,Dendritic cell,medium,subtype_resolution,plasmacytoid/pDC;dendritic/DC,2,"PLD4, IRF7, TCF4, CCDC50, UGCG, IRF8, PPP1R14B, IL3RA, LILRA4, SERPINF1, SEC61B, PLAC8, ITM2C, APP, SPIB, GZMB, BCL11A, SMPD3, TSPAN13, LILRB4, RNASE6, SOX4, JCHAIN, CST3, NIBAN3, PTCRA, SLC15A4, CD74, CLEC4C, PTPRE, C12orf75, GPR183, PLP2, CYB561A3, GAS6, CYBB, ALOX5AP, IGKC, LDLRAD4, NPC2, SCT, GRN, CTSB, MPEG1, PLEK, CTSZ, CD68, IDH3A, SPCS1, VAMP8",CELLxGENE Census 2025-11-08,1b350d0a-4535-4879-beb6-1142f3f94947,cite_seq_protein,orthogonal_molecular,CITE-seq multimodal classifier used RNA plus ADT protein labels across tissues; strong but not pure protein gating.,Wells et al. 2025 Nat Immunol DOI:10.1038/s41590-025-02241-4,2025-06-18,,True,2026-06-17,low,subtype,data/raw/wells_lymph_node.h5ad,scanpy.rank_genes_groups[wilcoxon]+autozyme,159,immune,150,Dendritic cell,subtype_resolution,
wells_lymph_node__mast_cell,wells_lymph_node,lymph_node,human,Mast cell,Mast cell,easy,canonical_lineage,mast cell/mastocyte,1,"TPSAB1, CPA3, TPSB2, HPGDS, S100A6, GATA2, SRGN, IL1RL1, LAPTM4A, HPGD, ANXA1, FCER1G, TPSD1, VIM, KIT, AREG, CD63, ALOX5AP, GLUL, RHEX, MS4A2, S100A4, MIR23AHG, FOSB, CD9, H3-3B, CLIC1, VWA5A, CTSG, CD69, CAPG, RGS1, LGALS3, NFKBIZ, LTC4S, TIMP1, HDC, SLC18A2, RGS2, CST3, TYROBP, ARHGAP18, TNFAIP3, ITM2B, PLIN2, BACE2, ADCYAP1, EMP3, CLU, ANKRD28",CELLxGENE Census 2025-11-08,1b350d0a-4535-4879-beb6-1142f3f94947,cite_seq_protein,orthogonal_molecular,CITE-seq multimodal classifier used RNA plus ADT protein labels across tissues; strong but not pure protein gating.,Wells et al. 2025 Nat Immunol DOI:10.1038/s41590-025-02241-4,2025-06-18,,True,2026-06-17,low,subtype,data/raw/wells_lymph_node.h5ad,scanpy.rank_genes_groups[wilcoxon]+autozyme,600,immune,151,Mast cell,canonical_lineage,
wells_lymph_node__progenitor_cell,wells_lymph_node,lymph_node,human,Progenitor cell,Progenitor,hard,rare_or_state,progenitor/precursor/CD34/stem,1,"SOX4, MED13L, IGFBP7, GSTP1, GSN, MACROH2A1, RUNX2, H3-3A, FLT3, SNHG29, BHLHE40, SPINK2, ZMIZ1, GLUL, MEF2C, AIF1, ACY3, ARMH1, AREG, LST1, DDIT4, H2AC6, PAK1, CAT, CAPG, MAP3K8, NFIL3, CDK6, ETV6, CDK2AP1, HLA-DRA, CALM2, GNAS, STMN1, RNF130, GTF2I, CELF2, CD74, ITM2C, MAML3, PABPN1, TSC22D1, APEX1, SMARCC1, SMIM24, PNISR, AFF3, LUC7L3, DDAH2, SEPTIN6",CELLxGENE Census 2025-11-08,1b350d0a-4535-4879-beb6-1142f3f94947,cite_seq_protein,orthogonal_molecular,CITE-seq multimodal classifier used RNA plus ADT protein labels across tissues; strong but not pure protein gating.,Wells et al. 2025 Nat Immunol DOI:10.1038/s41590-025-02241-4,2025-06-18,,True,2026-06-17,low,subtype,data/raw/wells_lymph_node.h5ad,scanpy.rank_genes_groups[wilcoxon]+autozyme,220,immune,152,Progenitor,rare_or_state,
wells_lymph_node__effector_memory_CD4_positive_alpha_beta_T_cell_terminally_differentiated,wells_lymph_node,lymph_node,human,Terminally differentiated EM CD4 T cell (TEMRA),CD4 T cell,hard,rare_or_state,terminally differentiated/TEMRA;CD4,2,"NKG7, GNLY, PRF1, FGFBP2, GZMB, CST7, CCL4, CD247, CCL5, GZMA, GZMH, SPON2, S100A4, ITGB2, HLA-C, EFHD2, ADGRG1, CTSW, FLNA, TBX21, HOPX, IFITM1, FCGR3A, B2M, ABHD17A, ZEB2, IL2RG, SH3BGRL3, S1PR5, ARL4C, GZMM, PFN1, HLA-E, SYNE2, KLRD1, HSPA1B, HSPA1A, PXN, CX3CR1, SYNE1, SPN, GNG2, IL32, SELPLG, GIMAP7, PTPRC, HCST, HLA-B, HLA-A, IFITM2",CELLxGENE Census 2025-11-08,1b350d0a-4535-4879-beb6-1142f3f94947,cite_seq_protein,orthogonal_molecular,CITE-seq multimodal classifier used RNA plus ADT protein labels across tissues; strong but not pure protein gating.,Wells et al. 2025 Nat Immunol DOI:10.1038/s41590-025-02241-4,2025-06-18,,True,2026-06-17,low,subtype,data/raw/wells_lymph_node.h5ad,scanpy.rank_genes_groups[wilcoxon]+autozyme,219,immune,153,CD4 T cell,rare_or_state,
kidney_mbdrc_multiome__parietal_epithelial_cell,kidney_mbdrc_multiome,kidney,human,Parietal epithelial cell,Kidney epithelial,medium,subtype_resolution,parietal epithelial/Bowman/parietal,1,"ALDH1A2, LINC01435, FRMD4A, CFH, ZFPM2, OSBPL10, RERG, TSHZ2, BNC2, PDE1A, KCNT2, RHEX, BICD1, SLIT3, NRG3, TENM3, DCDC2, KCNMB2, SYNE1, ARHGAP10, BICC1, RBFOX1, ITGB3, ENTREP2, TSPAN5, CTTNBP2, AUTS2, UGT2B7, ITGB8, PAWR, FBXL7, MYO9A, TMEM163, DUSP1, KIRREL3, LINC03017, CCDC198, NEDD9, CASC15, CPM, CYP3A5, CCN2, PAG1, MSC-AS1, COL4A5, GALNT14, MGAT4C, PALLD, AKAP12, LETR1","CELLxGENE Census 2025-11-08 (mBDRC kidney multiome, Genome Biol 2026)",10.1101/2025.03.06.637075,multiome_atac,orthogonal_molecular,same-nucleus 10x multiome (RNA+ATAC); ATAC backs nephron-segment calls; human counterpart of mouse multiome,Genome Biol 2026 mBDRC (Acera-Mateos),2026,2025,True,2026-06-17,low,type,data/raw/kidney_mbdrc_multiome.h5ad,scanpy.rank_genes_groups[wilcoxon]+autozyme,120,human_nonimmune,154,Kidney epithelial,subtype_resolution,
kidney_mbdrc_multiome__glomerular_capillary_endothelial_cell,kidney_mbdrc_multiome,kidney,human,Glomerular endothelial cell,Endothelial,medium,subtype_resolution,glomerular endothelial/glomerular capillary/fenestrated;endothelial,1,"LDB2, PLPP1, SYNE1, EMCN, PTPRB, EPAS1, FLT1, RASAL2, HECW2, PLAT, MEIS2, PTPRM, SLCO2A1, DOCK4, SEC14L1, IGFBP5, APP, ANKS1A, PLPP3, CHRM3, SPTBN1, ARHGAP31, TBC1D8, RAPGEF4, RBMS3, FKBP5, ADGRF5, BTNL9, CMTM8, TIMP3, ZEB1, NOSTRIN, ITGA8, PIK3C2A, SH3RF3, GNA14, ASAP1, SHANK3, GFOD1, PBX1, RBMS1, CACNA1C, PIP4K2A, DYSF, CDH13, PTPRG, TEK, NRG3, TGFBR2, ADGRL2","CELLxGENE Census 2025-11-08 (mBDRC kidney multiome, Genome Biol 2026)",10.1101/2025.03.06.637075,multiome_atac,orthogonal_molecular,same-nucleus 10x multiome (RNA+ATAC); ATAC backs nephron-segment calls; human counterpart of mouse multiome,Genome Biol 2026 mBDRC (Acera-Mateos),2026,2025,True,2026-06-17,low,type,data/raw/kidney_mbdrc_multiome.h5ad,scanpy.rank_genes_groups[wilcoxon]+autozyme,120,human_nonimmune,155,Endothelial,subtype_resolution,
kidney_mbdrc_multiome__kidney_connecting_tubule_epithelial_cell,kidney_mbdrc_multiome,kidney,human,Connecting tubule cell,Kidney epithelial,hard,rare_or_state,connecting tubule/CNT,1,"SLC8A1, ENSG00000236283, PDE4D, LINC01099, PIK3C2G, HSD11B2, COBLL1, CADPS2, SCN2A, ARL15, TEX41, WSB1, ATP1B1, KCNIP4, PRKG1, TOX3, NAALADL2, WNK1, CCSER1, TMTC2, MECOM, GLIS3, ABTB2, AGBL4, BICC1, SPIRE1, SOX5, FRAS1, FHOD3, GRIP1, NFE2L2, CALB1, MPPED2, SGPP1, FAM110B, KAZN, KITLG, APCDD1L-DT, CACNB4, LINC01098, BMPR1B, ADAMTS16, B4GALNT3, SETBP1, SLC8A1-AS1, LINC02694, ASAP2, PCDH7, PWRN1, LRP1B","CELLxGENE Census 2025-11-08 (mBDRC kidney multiome, Genome Biol 2026)",10.1101/2025.03.06.637075,multiome_atac,orthogonal_molecular,same-nucleus 10x multiome (RNA+ATAC); ATAC backs nephron-segment calls; human counterpart of mouse multiome,Genome Biol 2026 mBDRC (Acera-Mateos),2026,2025,True,2026-06-17,low,type,data/raw/kidney_mbdrc_multiome.h5ad,scanpy.rank_genes_groups[wilcoxon]+autozyme,120,human_nonimmune,156,Kidney epithelial,rare_or_state,
kidney_mbdrc_multiome__epithelial_cell_of_proximal_tubule,kidney_mbdrc_multiome,kidney,human,Proximal tubule cell,Kidney epithelial,medium,subtype_resolution,proximal tubule/proximal convoluted/PT cell/PCT,1,"ACSM2A, PTH2R, RHEX, PKHD1, SLC2A9, PRUNE2, UGT2B7, BNC2, ACSM2B, LRP2, SEMA5A, SDK1, BICC1, LINC01320, COL27A1, PTPRD, GLYAT, CCDC198, CREB5, DLGAP1, SLC17A1, SLC16A12, TMEM178B, ADAMTS9-AS1, ENSG00000248373, LRMDA, CDH6, ANPEP, ENSG00000284377, ENSG00000232451, LINC02532, DCC, NFIB, PAPLN, ZNF385B, ANK3, SLC22A2, RHOBTB1, L3MBTL4, NHS, ENSG00000226994, RASSF4, ENSG00000285695, CUBN, UGT2A3, FOXP2, TPM1, LINC01622, BCL2, VMP1","CELLxGENE Census 2025-11-08 (mBDRC kidney multiome, Genome Biol 2026)",10.1101/2025.03.06.637075,multiome_atac,orthogonal_molecular,same-nucleus 10x multiome (RNA+ATAC); ATAC backs nephron-segment calls; human counterpart of mouse multiome,Genome Biol 2026 mBDRC (Acera-Mateos),2026,2025,True,2026-06-17,low,type,data/raw/kidney_mbdrc_multiome.h5ad,scanpy.rank_genes_groups[wilcoxon]+autozyme,120,human_nonimmune,157,Kidney epithelial,subtype_resolution,
kidney_mbdrc_multiome__macula_densa_epithelial_cell,kidney_mbdrc_multiome,kidney,human,Macula densa cell,Kidney epithelial,hard,rare_or_state,macula densa/NOS1/juxtaglomerular apparatus,1,"SLC12A1, ERBB4, CCSER1, ENOX1, CASR, PLCB1, DEPTOR, KLHL13, CA10, PPFIA2, NOS1, ENSG00000250781, ROBO2, BBOX1, COL4A3, LINC01606, CALCR, CACNA2D3, KCNMB2, CLCN5, PKP4, PDK4, ACSL4, KCNIP4, LRP1B, MGLL, ADAMTS9-AS2, PCDH9, EFHD1, PAPPA2, RBFOX1, ITPRID2, CLDN10-AS1, ENSG00000287292, ESRRG, ACP3, TBC1D4, CCDC148, LINC01182, ATP1A1, PRKD1, RHOBTB3, ABLIM1, STK32B, RANBP3L, MFHAS1, THSD4, UGT8, TMPRSS4, USP53","CELLxGENE Census 2025-11-08 (mBDRC kidney multiome, Genome Biol 2026)",10.1101/2025.03.06.637075,multiome_atac,orthogonal_molecular,same-nucleus 10x multiome (RNA+ATAC); ATAC backs nephron-segment calls; human counterpart of mouse multiome,Genome Biol 2026 mBDRC (Acera-Mateos),2026,2025,True,2026-06-17,low,type,data/raw/kidney_mbdrc_multiome.h5ad,scanpy.rank_genes_groups[wilcoxon]+autozyme,120,human_nonimmune,158,Kidney epithelial,rare_or_state,
kidney_mbdrc_multiome__epithelial_cell_of_early_distal_convoluted_tubule,kidney_mbdrc_multiome,kidney,human,Distal convoluted tubule cell,Kidney epithelial,medium,subtype_resolution,distal convoluted tubule/DCT/early DCT/DCT1;SLC12A3,1,"SLC12A3, ENSG00000271945, ENSG00000236283, EGF, ESRRG, CACNB4, TMEM52B, WNK1, TRPM7, ARHGAP6, CNNM2, LINC01762, KNG1, FMN1, ENSG00000242029, COBLL1, KLHL3, TBC1D9, CACNA2D3, TRPM6, LINC00472, CADM1, CLASP1, MAML2, ERBB4, CCSER1, ATP1B1, FHOD3, KCNJ16, TEX41, ADAMTS17, LRBA, MITF, KANK1, MECOM, GRB14, TSC22D2, ENSG00000260658, WDFY2, APBB2, SCN2A, EFNA5, USP24, CPEB4, PIK3C2G, CACNA1D, FGF13, ABCA5, DACH1, AK3","CELLxGENE Census 2025-11-08 (mBDRC kidney multiome, Genome Biol 2026)",10.1101/2025.03.06.637075,multiome_atac,orthogonal_molecular,same-nucleus 10x multiome (RNA+ATAC); ATAC backs nephron-segment calls; human counterpart of mouse multiome,Genome Biol 2026 mBDRC (Acera-Mateos),2026,2025,True,2026-06-17,low,type,data/raw/kidney_mbdrc_multiome.h5ad,scanpy.rank_genes_groups[wilcoxon]+autozyme,120,human_nonimmune,159,Kidney epithelial,subtype_resolution,
kidney_mbdrc_multiome__renal_principal_cell,kidney_mbdrc_multiome,kidney,human,Collecting duct principal cell,Kidney epithelial,medium,subtype_resolution,principal/collecting duct principal/CD principal;AQP2,1,"PDE10A, GATA3, PWRN1, PRKAG2, ABTB2, SLC25A29, TOX, SLC45A4, KSR2, ATP1B3, PDE4D, PAPPA, LRRFIP1, SCNN1G, AQP2, GLIS3, ST6GAL1, CADPS2, PIK3C2G, MECOM, MYO10, FRAS1, WSB1, NDRG1, AAK1, SLC38A1, EML6, EYA4, TRPM3, TOP6BL, ROR2, HSD11B2, SHB, MOB1B, PFKFB3, BMPR1B, SCNN1B, TCF7L1, SGPP1, FXYD4, COL4A5, PKIA, ENSG00000285876, HUNK, LINC01482, HDAC4, SMIM5, PLEKHA2, RALYL, SCIN","CELLxGENE Census 2025-11-08 (mBDRC kidney multiome, Genome Biol 2026)",10.1101/2025.03.06.637075,multiome_atac,orthogonal_molecular,same-nucleus 10x multiome (RNA+ATAC); ATAC backs nephron-segment calls; human counterpart of mouse multiome,Genome Biol 2026 mBDRC (Acera-Mateos),2026,2025,True,2026-06-17,low,type,data/raw/kidney_mbdrc_multiome.h5ad,scanpy.rank_genes_groups[wilcoxon]+autozyme,120,human_nonimmune,160,Kidney epithelial,subtype_resolution,
kidney_mbdrc_multiome__renal_beta_intercalated_cell,kidney_mbdrc_multiome,kidney,human,Type B intercalated cell,Kidney epithelial,hard,rare_or_state,intercalated/type B intercalated/beta-intercalated/B-IC;collecting duct;SLC26A4,1,"SLC4A9, CA12, WDR72, CA8, MAGI1, SLC26A4, CLNK, PDE1C, ATP6V0D2, ATP6V0A4, MAGI3, LINC01187, NEDD4L, CELF2, BMPR1B, ATP6V1C2, SLC35F3, PACRG, RCAN2, IQGAP2, ENSG00000286481, ADAMTSL3, EPS8, PDZD2, FOXP1, SNTB1, FOXN3, RNF152, TFCP2L1, DGKI, GPHN, TMEM117, ITGA6, PLCG2, TBL1X, TRPC1, PICALM, PPP3CA, SEMA3C, NEBL, MVB12B, IGFBP5, PPM1E, RORA, FHIT, ZBTB20, ASXL1, TMEM213, ENSG00000287989, ADAMTSL1","CELLxGENE Census 2025-11-08 (mBDRC kidney multiome, Genome Biol 2026)",10.1101/2025.03.06.637075,multiome_atac,orthogonal_molecular,same-nucleus 10x multiome (RNA+ATAC); ATAC backs nephron-segment calls; human counterpart of mouse multiome,Genome Biol 2026 mBDRC (Acera-Mateos),2026,2025,True,2026-06-17,low,type,data/raw/kidney_mbdrc_multiome.h5ad,scanpy.rank_genes_groups[wilcoxon]+autozyme,120,human_nonimmune,161,Kidney epithelial,rare_or_state,
kidney_mbdrc_multiome__kidney_loop_of_Henle_thick_ascending_limb_epithelial_cell,kidney_mbdrc_multiome,kidney,human,Thick ascending limb cell,Kidney epithelial,medium,subtype_resolution,thick ascending limb/TAL/loop of Henle,1,"SLC12A1, CACNA2D3, UMOD, GPC5, CASR, PLCB1, ESRRG, ERBB4, CCSER1, EGF, RP1, ESRRB, HIP1, PDE1A, LINC01606, ARHGAP6, PRKD1, SIM2, CLCN5, ENOX1, PCDH9, SGIP1, DEPTOR, PKP4, LINC01762, OSBPL3, ATP1B1, KAZN, GP2, HS6ST2, KNG1, KLHL13, USP53, ENSG00000288015, EFNA5, CGNL1, ARHGEF38, CYFIP2, PLCL1, EFHD1, STK32B, SLC16A12, CCDC148, PTGER3, INPP4B, UGT8, ATP1A1, NR2F2-AS1, LMO7, FKBP5","CELLxGENE Census 2025-11-08 (mBDRC kidney multiome, Genome Biol 2026)",10.1101/2025.03.06.637075,multiome_atac,orthogonal_molecular,same-nucleus 10x multiome (RNA+ATAC); ATAC backs nephron-segment calls; human counterpart of mouse multiome,Genome Biol 2026 mBDRC (Acera-Mateos),2026,2025,True,2026-06-17,low,type,data/raw/kidney_mbdrc_multiome.h5ad,scanpy.rank_genes_groups[wilcoxon]+autozyme,120,human_nonimmune,162,Kidney epithelial,subtype_resolution,
kidney_mbdrc_multiome__peritubular_capillary_endothelial_cell,kidney_mbdrc_multiome,kidney,human,Peritubular capillary endothelial cell,Endothelial,medium,subtype_resolution,peritubular capillary/peritubular endothelial;endothelial,1,"MEIS2, LDB2, PTPRB, PTPRM, PLPP1, SHANK3, FLT1, PITPNC1, GNA14, XAF1, EMCN, TACC1, SNED1, ZEB1, HSPG2, ST6GALNAC3, SH3RF3, ADGRF5, EPAS1, EGFL7, CEACAM1, TCF4, PECAM1, NAV3, NOTCH4, DOCK4, UTRN, RBMS3, SLCO2A1, ASAP1, RASAL2, GRB10, PLEKHG1, RAPGEF4, PRKCH, NOSTRIN, SEC14L1, SPTBN1, ADGRL4, ADGRB3, KALRN, PREX2, MEF2C, TEK, FLI1, ARHGAP26, FBXL7, TMEM233, EBF1, ERG","CELLxGENE Census 2025-11-08 (mBDRC kidney multiome, Genome Biol 2026)",10.1101/2025.03.06.637075,multiome_atac,orthogonal_molecular,same-nucleus 10x multiome (RNA+ATAC); ATAC backs nephron-segment calls; human counterpart of mouse multiome,Genome Biol 2026 mBDRC (Acera-Mateos),2026,2025,True,2026-06-17,low,type,data/raw/kidney_mbdrc_multiome.h5ad,scanpy.rank_genes_groups[wilcoxon]+autozyme,120,human_nonimmune,163,Endothelial,subtype_resolution,
kidney_mbdrc_multiome__mesangial_cell,kidney_mbdrc_multiome,kidney,human,Mesangial cell,Vascular,hard,rare_or_state,mesangial/glomerular mesangial/intraglomerular,1,"RBMS3, PRKG1, EBF1, ROBO1, CALD1, PIP5K1B, PDE3A, PDGFRB, TMTC1, MEIS1, SLCO3A1, COL25A1, PRKCA, ITGA8, PIEZO2, LINC00882, NBEA, PLCL1, UNC5C, CACNA1C, ADCY3, AKAP12, TACC1, DAAM2, PHTF2, PDE7B, PPARG, DLC1, ELL2, MECOM, PCDH9, ZFPM2-AS1, TIMP3, CDC42BPA, ZBTB46, A2M, TCF4, CPM, LAMA2, KALRN, EPB41L2, RAPGEF5, SOX5, RNF144A, STARD13, DLEU2, ZBTB16, MICAL2, DAPK2, DGKG","CELLxGENE Census 2025-11-08 (mBDRC kidney multiome, Genome Biol 2026)",10.1101/2025.03.06.637075,multiome_atac,orthogonal_molecular,same-nucleus 10x multiome (RNA+ATAC); ATAC backs nephron-segment calls; human counterpart of mouse multiome,Genome Biol 2026 mBDRC (Acera-Mateos),2026,2025,True,2026-06-17,low,type,data/raw/kidney_mbdrc_multiome.h5ad,scanpy.rank_genes_groups[wilcoxon]+autozyme,120,human_nonimmune,164,Vascular,rare_or_state,
kidney_mbdrc_multiome__podocyte,kidney_mbdrc_multiome,kidney,human,Podocyte,Kidney epithelial,easy,canonical_lineage,podocyte/glomerular epithelial/visceral epithelial,1,"PLA2R1, NPHS1, PTPRO, MAGI2, ST6GALNAC3, PTPRQ, NPHS2, CLIC5, NPAS3, ATP10A, PLCE1, NTNG1, DPP6, FGF1, MAGI2-AS3, VEGFA, NFASC, FMN2, ALS2CL, COL4A3, ADAMTS19, DOCK5, NPNT, PODXL, DACH1, NEBL, ARHGEF26, ARMH4, SRGAP2, TGFBR3, TARID, MME, FRY, CDC14A, ZDHHC6, ST3GAL6, TJP1, CCDC91, PTPRD, CCBE1, ENPEP, PARD3B, SEMA5A, KLHL29, SPOCK1, CR1, ABLIM2, TYRO3, DST, SPATA13","CELLxGENE Census 2025-11-08 (mBDRC kidney multiome, Genome Biol 2026)",10.1101/2025.03.06.637075,multiome_atac,orthogonal_molecular,same-nucleus 10x multiome (RNA+ATAC); ATAC backs nephron-segment calls; human counterpart of mouse multiome,Genome Biol 2026 mBDRC (Acera-Mateos),2026,2025,True,2026-06-17,low,type,data/raw/kidney_mbdrc_multiome.h5ad,scanpy.rank_genes_groups[wilcoxon]+autozyme,120,human_nonimmune,165,Kidney epithelial,canonical_lineage,
kidney_mbdrc_multiome__kidney_collecting_duct_alpha_intercalated_cell,kidney_mbdrc_multiome,kidney,human,Type A intercalated cell,Kidney epithelial,hard,rare_or_state,intercalated/type A intercalated/alpha-intercalated/A-IC;collecting duct;SLC4A1,1,"CLNK, SLC26A7, ADGRF5, MAGI1, GALNT17, SLIT2, ITGA6, PDE1C, ABCC4, PTGER3, LINC01187, PACRG, ARHGAP18, TMEM101, NRXN3, ATP6V1C2, RCAN2, DMRT2, TMEM117, ITPR2, TBC1D14, HS6ST3, ATP6V0D2, MPPED2, ABCA5, GRB14, SHOC1, CA12, AHCYL2, SEMA3C, SNTB1, TMEM213, NEDD4L, MOB1B, CA8, ADGRF1, CACNB2, THRB-AS1, GPAT3, ADAMTSL1, UAP1, SHROOM3, NXPH2, KIT, LY86-AS1, FYB2, PSD3, RHBG, C12orf75, EPS8","CELLxGENE Census 2025-11-08 (mBDRC kidney multiome, Genome Biol 2026)",10.1101/2025.03.06.637075,multiome_atac,orthogonal_molecular,same-nucleus 10x multiome (RNA+ATAC); ATAC backs nephron-segment calls; human counterpart of mouse multiome,Genome Biol 2026 mBDRC (Acera-Mateos),2026,2025,True,2026-06-17,low,type,data/raw/kidney_mbdrc_multiome.h5ad,scanpy.rank_genes_groups[wilcoxon]+autozyme,120,human_nonimmune,166,Kidney epithelial,rare_or_state,
kidney_mbdrc_multiome__kidney_proximal_convoluted_tubule_epithelial_cell,kidney_mbdrc_multiome,kidney,human,Proximal tubule cell,Kidney epithelial,medium,canonical_lineage,proximal tubule/PCT/PT/proximal convoluted;SLC34A1/LRP2,1,"ACSM2A, ACSM2B, CUBN, SLC13A3, LRP2, SLC4A4, PTH2R, ENSG00000248373, SYNE2, SLC17A1, PAH, RAB11FIP3, GRAMD1B, PDZD2, KCNJ15, MME, ALDOB, TINAG, SLC5A12, SLC2A9, SLC16A9, PLG, LINC00871, ENSG00000284418, GOLGA4, SMIM2-AS1, ENSG00000231772, SLC13A1, AFM, EBNA1BP2, ENSG00000285783, SLC22A6, FGGY, SUGCT, PLEKHA5, ENPEP, TRPM3, AGXT2, DLG2, LINC01060, ASS1, PTH1R, KCNQ1OT1, BHMT, NCKAP5, SORCS1, L3MBTL4, GOLGB1, BHMT2, DPYS","CELLxGENE Census 2025-11-08 (mBDRC kidney multiome, Genome Biol 2026)",10.1101/2025.03.06.637075,multiome_atac,orthogonal_molecular,same-nucleus 10x multiome (RNA+ATAC); ATAC backs nephron-segment calls; human counterpart of mouse multiome,Genome Biol 2026 mBDRC (Acera-Mateos),2026,2025,True,2026-06-17,low,type,data/raw/kidney_mbdrc_multiome.h5ad,scanpy.rank_genes_groups[wilcoxon]+autozyme,120,human_nonimmune,167,Kidney epithelial,canonical_lineage,
kidney_mbdrc_multiome__epithelial_cell_of_proximal_tubule_segment_3,kidney_mbdrc_multiome,kidney,human,Proximal tubule cell (S3),Kidney epithelial,medium,subtype_resolution,proximal tubule/proximal convoluted/PT cell/PCT,1,"CUBN, SYNE2, LRP2, FGGY, ANKS1B, ACSM2B, ACSM2A, SLC16A9, RMST, CLDN10, LINC00671, SLC27A2, FARP1, PKHD1, EBNA1BP2, GLYAT, TRPM3, SLC13A1, ENSG00000284377, FRMD4B, CRYL1, SUGCT, CYP4A11, TINAG, ACMSD, NLGN1, SLC28A1, GRAMD1B, ENSG00000285783, RAB11FIP3, PRUNE2, ADAMTS9-AS1, CDH9, MMADHC-DT, DPYS, ENSG00000226994, BHMT2, AGXT2, SMIM2-AS1, PDZD2, MSRA, EHHADH, SLC6A13, C1QTNF7-AS1, SNX29, ACSF2, PLG, SPEF2, MAST4, C5orf67","CELLxGENE Census 2025-11-08 (mBDRC kidney multiome, Genome Biol 2026)",10.1101/2025.03.06.637075,multiome_atac,orthogonal_molecular,same-nucleus 10x multiome (RNA+ATAC); ATAC backs nephron-segment calls; human counterpart of mouse multiome,Genome Biol 2026 mBDRC (Acera-Mateos),2026,2025,True,2026-06-17,low,type,data/raw/kidney_mbdrc_multiome.h5ad,scanpy.rank_genes_groups[wilcoxon]+autozyme,120,human_nonimmune,168,Kidney epithelial,subtype_resolution,
lung_madissoon_spatial__club_cell,lung_madissoon_spatial,lung,human,Club cell,Lung epithelial,medium,subtype_resolution,club cell/Clara cell/club,1,"SFTPB, NEDD4L, SFTA3, DAPK1, CYB5A, SCGB3A2, MAGI3, MET, ACOXL, PLCL1, MBNL1, MGST1, MECOM, RNF145, ADK, GPRC5A, CDK14, ATP13A4, ITGA9, PTPN13, NCKAP5, LINC02889, HOPX, CD55, MAST4, SHROOM3, NPNT, ARHGAP42, ERBB4, SCNN1B, OCLN, MBIP, MACROD2, ZNF608, SLC22A3, DAPK2, ZFP36L1, SMYD3, ALCAM, PTPRD, NKX2-1, LMO3, GLCCI1, RBPMS, ABCC5, KIAA1328, BTBD9, ADGRF5, PRKCZ, LIMCH1","CELLxGENE Census 2025-11-08 (Madissoon lung spatial atlas, Nat Genet 2022)",10.1038/s41588-022-01243-4,spatial_visium,spatial_anatomical,Visium spatial atlas (5 proximal-distal locations) backs airway/alveolar epithelial identity,Nat Genet 2022 Madissoon lung spatial,2022,2022,False,2026-06-17,low,type,data/raw/lung_madissoon_spatial.h5ad,scanpy.rank_genes_groups[wilcoxon]+autozyme,120,human_nonimmune,169,Lung epithelial,subtype_resolution,
lung_madissoon_spatial__pulmonary_alveolar_type_2_cell,lung_madissoon_spatial,lung,human,Alveolar type 2 cell (AT2),Lung epithelial,easy,canonical_lineage,alveolar type 2/AT2/type II pneumocyte/AT-II,1,"SFTPB, SFTPC, ABCA3, LRRK2, SFTPA1, SFTPA2, CTSH, SLC34A2, LAMP3, NAPSA, TTN, ZNF385B, ATP11A, ACOXL, PEBP4, DRAM1, SFTA3, TMEM163, ELAPOR2, CSF3R, CACNA2D2, SNX25, AKAP13, P3H2, TOX, SNX30, LPCAT1, SLC39A8, TANC2, AGBL1, MICAL2, CCDC141, ADGRF5, ENSG00000227307, ITGB6, ETV1, MFSD2A, SCN1A, AFF3, ALPL, PID1, PHACTR1, ATP8A1, DLC1, LMO3, CYB5A, TMEM243, UNC13B, SLC22A3, CPM","CELLxGENE Census 2025-11-08 (Madissoon lung spatial atlas, Nat Genet 2022)",10.1038/s41588-022-01243-4,spatial_visium,spatial_anatomical,Visium spatial atlas (5 proximal-distal locations) backs airway/alveolar epithelial identity,Nat Genet 2022 Madissoon lung spatial,2022,2022,False,2026-06-17,low,type,data/raw/lung_madissoon_spatial.h5ad,scanpy.rank_genes_groups[wilcoxon]+autozyme,120,human_nonimmune,170,Lung epithelial,canonical_lineage,
lung_madissoon_spatial__adventitial_cell,lung_madissoon_spatial,lung,human,Adventitial fibroblast,Stromal,medium,subtype_resolution,adventitial fibroblast/adventitial/peribronchial;fibroblast,1,"DCN, FBLN1, COL1A2, LAMA2, C1S, ADH1B, FBN1, C7, C3, MGP, PODN, NNMT, PTGIS, IGFBP7, LRP1, C1R, SERPING1, CCDC80, ABCA6, COL3A1, RARRES1, VIM, TNXB, BNC2, EMP1, COL6A2, TIMP1, GSN, SLIT2, ZFP36L2, FSTL1, ABI3BP, IGF1, COL6A3, EBF1, COL5A2, CALD1, CFD, CRISPLD2, MMP2, ABCA9, IGFBP4, IGFBP6, COL1A1, TFPI, COL6A1, SCARA5, SPARCL1, CFH, ABCA8","CELLxGENE Census 2025-11-08 (Madissoon lung spatial atlas, Nat Genet 2022)",10.1038/s41588-022-01243-4,spatial_visium,spatial_anatomical,Visium spatial atlas (5 proximal-distal locations) backs airway/alveolar epithelial identity,Nat Genet 2022 Madissoon lung spatial,2022,2022,False,2026-06-17,low,type,data/raw/lung_madissoon_spatial.h5ad,scanpy.rank_genes_groups[wilcoxon]+autozyme,120,human_nonimmune,171,Stromal,subtype_resolution,
lung_madissoon_spatial__fibroblast_of_lung,lung_madissoon_spatial,lung,human,Lung fibroblast,Stromal,medium,canonical_lineage,fibroblast/lung fibroblast/alveolar fibroblast/stromal,1,"A2M, SLIT2, ADH1B, FN1, SCN7A, DST, ADARB1, FHL1, LMCD1, MACF1, CCBE1, ANGPT1, LSAMP, MYH10, PLEKHH2, RGCC, SVEP1, CACNA1C, ARHGAP6, ROBO2, CDH11, FMO2, ELMO1, PLXDC2, TIMP3, USP53, ITGA8, CCDC102B, PRKG1, MYLK, FBLN1, GPC3, DCN, SLIT3, ELN, LAMA4, ABI3BP, PIEZO2, LAMA2, RYR2, LAMB1, PALLD, HMCN1, DOCK4, COL1A2, CELF2, NEGR1, COL6A2, CDH13, LINC03051","CELLxGENE Census 2025-11-08 (Madissoon lung spatial atlas, Nat Genet 2022)",10.1038/s41588-022-01243-4,spatial_visium,spatial_anatomical,Visium spatial atlas (5 proximal-distal locations) backs airway/alveolar epithelial identity,Nat Genet 2022 Madissoon lung spatial,2022,2022,False,2026-06-17,low,type,data/raw/lung_madissoon_spatial.h5ad,scanpy.rank_genes_groups[wilcoxon]+autozyme,120,human_nonimmune,172,Stromal,canonical_lineage,
lung_madissoon_spatial__pulmonary_alveolar_type_1_cell,lung_madissoon_spatial,lung,human,Alveolar type 1 cell (AT1),Lung epithelial,medium,subtype_resolution,alveolar type 1/AT1/type I pneumocyte/AT-I,1,"EMP2, LMO7, SCEL, RTKN2, RAB11FIP1, CD55, NCKAP5, ARHGEF26, ANKRD29, LAMA3, DAPK2, GPRC5A, SLC39A8, WWC2, COL4A3, ENSG00000257894, PHACTR1, LIMCH1, ROR1, KHDRBS2, LINC01290, CADM1, COL4A4, COL8A1, EPB41L5, CAV1, CLIC5, UTRN, ATP13A4, HPCAL1, ATP11A, GPC5, NEBL, DENND3, CELF2, MAGI3, LINC02997, CCDC85A, GPM6A, SPTBN1, MAP2, MAGI1, NTM, SFTA3, MYO1B, RANBP17, PTPRE, GPRC5D-AS1, NPNT, ARHGAP44","CELLxGENE Census 2025-11-08 (Madissoon lung spatial atlas, Nat Genet 2022)",10.1038/s41588-022-01243-4,spatial_visium,spatial_anatomical,Visium spatial atlas (5 proximal-distal locations) backs airway/alveolar epithelial identity,Nat Genet 2022 Madissoon lung spatial,2022,2022,False,2026-06-17,low,type,data/raw/lung_madissoon_spatial.h5ad,scanpy.rank_genes_groups[wilcoxon]+autozyme,120,human_nonimmune,173,Lung epithelial,subtype_resolution,
lung_madissoon_spatial__lung_pericyte,lung_madissoon_spatial,lung,human,Pericyte,Stromal,medium,subtype_resolution,pericyte/mural cell,1,"CALD1, COL4A2, IGFBP7, SPARC, PDGFRB, CST3, COX4I2, BGN, B2M, ACTB, MT2A, MYL6, IFITM3, NDUFA4L2, TPM2, LGALS1, MYL9, GPX3, COL4A1, VIM, PPP1R14A, SPARCL1, HIGD1B, A2M, APOE, TIMP1, PTMA, TMSB4X, GAPDH, TAGLN, SERF2, COL6A2, NOTCH3, CEBPD, LHFPL6, FAU, EIF1, TPT1, COL1A2, EEF1A1, PFN1, IFITM2, COL18A1, TMSB10, MAP1B, LAMC3, PTN, SERPING1, EGFL6, PLAC9","CELLxGENE Census 2025-11-08 (Madissoon lung spatial atlas, Nat Genet 2022)",10.1038/s41588-022-01243-4,spatial_visium,spatial_anatomical,Visium spatial atlas (5 proximal-distal locations) backs airway/alveolar epithelial identity,Nat Genet 2022 Madissoon lung spatial,2022,2022,False,2026-06-17,low,type,data/raw/lung_madissoon_spatial.h5ad,scanpy.rank_genes_groups[wilcoxon]+autozyme,120,human_nonimmune,174,Stromal,subtype_resolution,
lung_madissoon_spatial__basal_cell,lung_madissoon_spatial,lung,human,Airway basal cell,Lung epithelial,medium,subtype_resolution,basal/airway basal/KRT5/TP63,1,"KRT15, TP63, ETS2, COL4A5, PTPRZ1, EYA2, CACHD1, CLDN1, NRG1, MCC, KAZN, RASSF6, IL33, THOC3, TSHZ2, KIAA1217, XPR1, VAV3, SPOCK3, CSMD1, EGFR, PLEKHA5, KRT17, ANOS1, TENM4, SEMA5A, MRTFB, SLC9A9, SRGAP3, ENSG00000259345, SLC6A6, KLF5, PSD3, AQP3, ITGB4, USP31, WWOX, VWA8, DGKH, ANK3, KRT5, TNS4, MAST4, SSBP2, CEMIP, FAT2, EVA1C, LINC00511, BCAM, CD9","CELLxGENE Census 2025-11-08 (Madissoon lung spatial atlas, Nat Genet 2022)",10.1038/s41588-022-01243-4,spatial_visium,spatial_anatomical,Visium spatial atlas (5 proximal-distal locations) backs airway/alveolar epithelial identity,Nat Genet 2022 Madissoon lung spatial,2022,2022,False,2026-06-17,low,type,data/raw/lung_madissoon_spatial.h5ad,scanpy.rank_genes_groups[wilcoxon]+autozyme,120,human_nonimmune,175,Lung epithelial,subtype_resolution,
lung_madissoon_spatial__airway_submucosal_gland_duct_basal_cell,lung_madissoon_spatial,lung,human,Submucosal gland duct basal cell,Lung epithelial,hard,rare_or_state,submucosal gland duct basal/gland duct/duct basal;airway basal,1,"RUNX1, SCGB3A1, INSR, CP, ETV6, MET, TMC5, MAML2, FGFR2, TRIM2, CAMK1D, EFNA5, BMPR1B, KIAA1217, RAD51B, SCGB1A1, CHKA, KRT19, SLC4A4, B4GALT5, NEDD4L, PROM1, RERE, NTN1, EHF, WNT5B, TMEM45A, BPIFB1, FHIT, MTUS1, PPP1R9A, PLEKHS1, JMJD1C, ST6GAL1, SAMD12, PDE7A, SHANK2, ATP8B1, SORBS2, ALCAM, DTX2, KIF13B, DTNB, NRXN3, RUNX2, WNK2, CAPN8, NHS, FOXN3, TENT5C","CELLxGENE Census 2025-11-08 (Madissoon lung spatial atlas, Nat Genet 2022)",10.1038/s41588-022-01243-4,spatial_visium,spatial_anatomical,Visium spatial atlas (5 proximal-distal locations) backs airway/alveolar epithelial identity,Nat Genet 2022 Madissoon lung spatial,2022,2022,False,2026-06-17,low,type,data/raw/lung_madissoon_spatial.h5ad,scanpy.rank_genes_groups[wilcoxon]+autozyme,120,human_nonimmune,176,Lung epithelial,rare_or_state,
lung_madissoon_spatial__ciliated_cell,lung_madissoon_spatial,lung,human,Ciliated cell,Lung epithelial,easy,canonical_lineage,ciliated/multiciliated/FOXJ1,1,"DNAAF1, CAPS, DNAH12, CFAP157, RSPH1, LRRIQ1, CDHR3, RP1, HYDIN, ARMC3, SPAG17, DRC3, DNAH11, CCDC170, SPAG6, ERICH3, DTHD1, DNAH5, DYNLRB2, CFAP43, MS4A8, DNAH9, STK33, SNTN, TEKT1, DNAH7, CFAP299, SAXO2, CFAP53, CFAP73, SPEF2, DNAH3, CFAP54, DNAH10, CIMIP1, TPPP3, CFAP221, CEP126, ZBBX, FHAD1, CCDC78, ROPN1L, DNAH6, DNAI1, CIBAR2, EFHC1, SPAG16, DNAI2, NEK10, CCDC146","CELLxGENE Census 2025-11-08 (Madissoon lung spatial atlas, Nat Genet 2022)",10.1038/s41588-022-01243-4,spatial_visium,spatial_anatomical,Visium spatial atlas (5 proximal-distal locations) backs airway/alveolar epithelial identity,Nat Genet 2022 Madissoon lung spatial,2022,2022,False,2026-06-17,low,type,data/raw/lung_madissoon_spatial.h5ad,scanpy.rank_genes_groups[wilcoxon]+autozyme,120,human_nonimmune,177,Lung epithelial,canonical_lineage,
lung_madissoon_spatial__goblet_cell,lung_madissoon_spatial,lung,human,Goblet cell,Lung epithelial,medium,canonical_lineage,goblet/mucus-secreting/MUC5AC/MUC5B,1,"MUC16, PRSS23, BPIFB1, SERPINB11, ELF3, KRT19, TMPRSS4, CHST9, MSMB, RIMS1, MUC5AC, F3, CXCL1, RDH10, DHRS9, WFDC2, ADAM28, LCN2, HS3ST1, CYP2F1, ERN2, MUC4, PLEKHS1, TSPAN1, SYTL2, SLC4A4, AGR2, ABCA13, CTSC, SERPINB3, SDK1, LYPD6B, BMPR1B, KLF5, CHL1, CAMK1D, XBP1, EPAS1, DDIT4, FER1L6, ALCAM, FAM3D, CXCL17, TGM2, TNFSF10, SAT1, BHLHE40, STIM2, ST6GAL1, ST6GALNAC1","CELLxGENE Census 2025-11-08 (Madissoon lung spatial atlas, Nat Genet 2022)",10.1038/s41588-022-01243-4,spatial_visium,spatial_anatomical,Visium spatial atlas (5 proximal-distal locations) backs airway/alveolar epithelial identity,Nat Genet 2022 Madissoon lung spatial,2022,2022,False,2026-06-17,low,type,data/raw/lung_madissoon_spatial.h5ad,scanpy.rank_genes_groups[wilcoxon]+autozyme,120,human_nonimmune,178,Lung epithelial,canonical_lineage,
lung_madissoon_spatial__respiratory_tract_suprabasal_cell,lung_madissoon_spatial,lung,human,Suprabasal cell,Lung epithelial,hard,rare_or_state,suprabasal/airway suprabasal/parabasal;basal,1,"ABCA13, LINC00511, EYA2, SDK1, KRT19, PTPRZ1, MTSS1, ADAM28, TMPRSS4, TSHZ2, NFE2L2, SRGAP3, PLEKHA5, MRTFB, MUC4, NTN1, CHST9, AQP3, BHLHE40, AQP4-AS1, PRSS23, SEMA4B, LINC02955, PVT1, ELF3, THOC3, SERPINB3, KLF5, DGKH, EYA4, CAMK1D, PCDH7, PTPRT, ITGA2, LYN, SUSD4, EGFR, EPAS1, RUNX1, FOXN3, ECE1, ARHGEF3, NHS, ETS2, ABCC1, SERPINB13, TCF4, STIM2, CCDC144NL-AS1, FOXP2","CELLxGENE Census 2025-11-08 (Madissoon lung spatial atlas, Nat Genet 2022)",10.1038/s41588-022-01243-4,spatial_visium,spatial_anatomical,Visium spatial atlas (5 proximal-distal locations) backs airway/alveolar epithelial identity,Nat Genet 2022 Madissoon lung spatial,2022,2022,False,2026-06-17,low,type,data/raw/lung_madissoon_spatial.h5ad,scanpy.rank_genes_groups[wilcoxon]+autozyme,120,human_nonimmune,179,Lung epithelial,rare_or_state,
lung_madissoon_spatial__myoepithelial_cell,lung_madissoon_spatial,lung,human,Myoepithelial cell,Lung epithelial,medium,subtype_resolution,myoepithelial/submucosal gland myoepithelial/contractile epithelial;ACTA2,1,"FHOD3, MYH11, CARMN, DST, SORBS1, ACTA2, SYNPO2, KCNQ5, DMD, ATP2A2, TPM1, JAM3, CASC15, CALD1, LPP, PPP1R12B, GPC6, MSRB3, RBPMS, ACTG2, RBBP8, MYLK, PPP1R12A, PLCB1, ENSG00000271758, LMOD1, PRKG1, CNTNAP3B, BICC1, NFIB, SVIL, ACTN1, ITPR1, NAV3, LIFR, FRMD4B, MEG8, LAMA1, AOPEP, DTNA, PDLIM5, KRT17, GRAMD2B, PLD5, BOC, USP31, NTRK3, CHRM3, KLHL29, IQCJ-SCHIP1","CELLxGENE Census 2025-11-08 (Madissoon lung spatial atlas, Nat Genet 2022)",10.1038/s41588-022-01243-4,spatial_visium,spatial_anatomical,Visium spatial atlas (5 proximal-distal locations) backs airway/alveolar epithelial identity,Nat Genet 2022 Madissoon lung spatial,2022,2022,False,2026-06-17,low,type,data/raw/lung_madissoon_spatial.h5ad,scanpy.rank_genes_groups[wilcoxon]+autozyme,120,human_nonimmune,180,Lung epithelial,subtype_resolution,
lung_madissoon_spatial__lung_secretory_cell,lung_madissoon_spatial,lung,human,Airway secretory cell,Lung epithelial,medium,subtype_resolution,secretory/club/Clara/secretory airway;SCGB1A1,1,"BPIFB2, PDE4D, PTPRN2, MUC5B, MUC5B-AS1, AFF3, ADARB2, ACSL3, GMDS, GOLM1, GALNT7, PLCB4, FOXP1, GFPT1, TM9SF3, PCCA, KCNMA1, PPM1H, CCSER1, TOX3, TTC3, PACS1, SLC39A11, SLC12A2, BCAS1, ARHGAP26, THSD4, CDH12, AQP4-AS1, PHACTR2, ERN2, ARL15, CHST9, FGF13, STK39, EHF, ARHGEF28, CRACR2A, GALNT12, MIA3, ARFGEF3, CHRM3, ATP2C2, MLPH, NIBAN1, PPP1R9A, MCTP2, COBL, ELAPOR1, OSBPL10","CELLxGENE Census 2025-11-08 (Madissoon lung spatial atlas, Nat Genet 2022)",10.1038/s41588-022-01243-4,spatial_visium,spatial_anatomical,Visium spatial atlas (5 proximal-distal locations) backs airway/alveolar epithelial identity,Nat Genet 2022 Madissoon lung spatial,2022,2022,False,2026-06-17,low,type,data/raw/lung_madissoon_spatial.h5ad,scanpy.rank_genes_groups[wilcoxon]+autozyme,120,human_nonimmune,181,Lung epithelial,subtype_resolution,
lung_madissoon_spatial__serous_secreting_cell_of_bronchus_submucosal_gland,lung_madissoon_spatial,lung,human,Serous gland cell,Lung epithelial,hard,rare_or_state,serous/submucosal gland serous/serous secreting;gland,1,"ENSG00000258077, NRG3, ITPRID1, SLC12A2, ESRRG, PLCB1, STK39, ST3GAL6, PDE4D, EHF, NCALD, TNFRSF19, LTF, CHRM3, LYZ, PTPRJ, GRIP1, C4orf19, PCAT1, ENSG00000230490, KANK1, FMNL2, PKN2-AS1, DTNB, CLDN10-AS1, GPCPD1, WNK2, ITPR2, RBM47, STOX2, ADGRB3, FNDC3A, PLA2R1, ITGA6, HOMER2, PDE4B, LINC01482, CEP85L, CCSER1, SORBS2, IGF2BP2, SLC5A1, FRMD5, STARD13, TPD52L1, ELL2, BARX2, RANBP17, FGFR2, ELAPOR1","CELLxGENE Census 2025-11-08 (Madissoon lung spatial atlas, Nat Genet 2022)",10.1038/s41588-022-01243-4,spatial_visium,spatial_anatomical,Visium spatial atlas (5 proximal-distal locations) backs airway/alveolar epithelial identity,Nat Genet 2022 Madissoon lung spatial,2022,2022,False,2026-06-17,low,type,data/raw/lung_madissoon_spatial.h5ad,scanpy.rank_genes_groups[wilcoxon]+autozyme,120,human_nonimmune,182,Lung epithelial,rare_or_state,
neocortex_2025_multiome__GABAergic_neuron,neocortex_2025_multiome,brain,human,GABAergic neuron,Neural,medium,subtype_resolution,GABAergic/inhibitory neuron/inhibitory,1,"DLX6-AS1, SOX2-OT, NRXN3, NAV3, ZNF704, CRACD, CCSER1, ENSG00000239381, DCLK2, CASC15, PDZRN3, PBX3, ENSG00000241231, ARID1B, ERBB4, CDH2, PDE4D, AUTS2, CCDC88A, DCLK1, SOX4, SLAIN1, KALRN, TCF4, DCX, RUNX1T1, NEDD4L, ENOX1, FRY, CTNNA2, KIRREL3, MAML3, AFDN, MIR9-2HG, GNAQ, ENSG00000258637, PBX1, PRKCA, FNBP1L, LINC01619, TUBA1A, TMEM131L, TOX3, RERE, PLCG2, SOX11, ADARB2, SHTN1, GAS2L3, IGF1R",CELLxGENE Census 2025-11-08,aa369999-a034-4ad9-b459-8a93c86ea77b,multiome_atac_spatial_lineage,orthogonal_molecular,"Paired snRNA plus snATAC across 38 neocortical samples; spatial transcriptomics supports organization, and progenitor purification plus lineage tracing validates Tri-IPC lineage relationships.",Wang et al. 2025 Nature DOI:10.1038/s41586-024-08351-7,2025-01-08,,True,2026-06-17,low,lineage_or_subtype,data/raw/neocortex_2025_multiome.h5ad,scanpy.rank_genes_groups[wilcoxon]+autozyme,100,human_nonimmune,183,Neural,subtype_resolution,
neocortex_2025_multiome__glutamatergic_neuron,neocortex_2025_multiome,brain,human,Glutamatergic neuron,Neural,medium,subtype_resolution,glutamatergic/excitatory neuron/excitatory,1,"PTPRD, AFF3, NELL2, RBFOX1, MYT1L, LRRC7, MLLT3, EPHA5, SLA, LINC01122, SATB2, NFIB, ARPP21, AUTS2, SOX5, SRGAP1, PDE4D, SLC44A5, SOX11, PBX1, DOK6, PLXNA2, CBLB, CACNA1E, TTC28, CACNA2D1, NBEA, FNBP1L, TIAM2, CELF2, UNC5D, SORBS2, NRG1, PTPRO, SOX4, DAB1, EPHA3, FGF13, CTTNBP2, SEMA3C, CASC15, CLMP, MEIS2, EPHA7, SPIRE1, MCTP1, ZBTB18, AFDN, TMEM108, RUNX1T1",CELLxGENE Census 2025-11-08,aa369999-a034-4ad9-b459-8a93c86ea77b,multiome_atac_spatial_lineage,orthogonal_molecular,"Paired snRNA plus snATAC across 38 neocortical samples; spatial transcriptomics supports organization, and progenitor purification plus lineage tracing validates Tri-IPC lineage relationships.",Wang et al. 2025 Nature DOI:10.1038/s41586-024-08351-7,2025-01-08,,True,2026-06-17,low,lineage_or_subtype,data/raw/neocortex_2025_multiome.h5ad,scanpy.rank_genes_groups[wilcoxon]+autozyme,100,human_nonimmune,184,Neural,subtype_resolution,
neocortex_2025_multiome__neural_progenitor_cell,neocortex_2025_multiome,brain,human,Neural progenitor cell,Neural progenitor,medium,canonical_lineage,neural progenitor/neuroprogenitor/progenitor,1,"NFIA, NFIB, CASC15, GPC6, AKT3, SYNE2, CHD7, ZEB1, MIR9-2HG, SOX11, FYN, DLEU2, SOX4, ENSG00000231252, PLXNA2, NFIA-AS2, NKAIN3, ZNF292, TENM4, NEDD4L, SPIRE1, EZH2, CCND2, SLCO5A1, CACNA2D1, ADGRV1, KCNQ3, TEAD1, ARID2, PGAP1, CNTLN, ARHGAP21, TCF4, MPPED2, MEIS2, SOX5, EEF1A1, PTPRS, PUM2, CDKAL1, DACH1, BICD1, CECR2, AFDN, SLC4A7, SETBP1, SVIL, USP3, NHSL1, CORO1C",CELLxGENE Census 2025-11-08,aa369999-a034-4ad9-b459-8a93c86ea77b,multiome_atac_spatial_lineage,orthogonal_molecular,"Paired snRNA plus snATAC across 38 neocortical samples; spatial transcriptomics supports organization, and progenitor purification plus lineage tracing validates Tri-IPC lineage relationships.",Wang et al. 2025 Nature DOI:10.1038/s41586-024-08351-7,2025-01-08,,True,2026-06-17,low,lineage_or_subtype,data/raw/neocortex_2025_multiome.h5ad,scanpy.rank_genes_groups[wilcoxon]+autozyme,100,human_nonimmune,185,Neural progenitor,canonical_lineage,
neocortex_2025_multiome__Cajal_Retzius_cell,neocortex_2025_multiome,brain,human,Cajal-Retzius cell,Neural,hard,rare_or_state,Cajal-Retzius/Cajal Retzius,1,"RMST, CACNA2D1, TUBA1A, NNAT, LINGO2, MAML3, NALF1, GAP43, DCC, AUTS2, TBR1, CEP112, SOX4, TUBB3, SORBS2, CPNE4, CCSER1, PTPRO, TMSB10, DCLK1, LINC01122, BCL11A, KALRN, FAT3, PBX3, EPHA6, RALYL, MAP6, RSPO3, CDH18, FNBP1L, SEZ6L, CACNA1C, EMX2, TUBB, FBXL2, HDAC2, ACVR2A, FNDC3B, CLSTN2, ACTG1, SEMA3A, NRG1, CDK17, EBF3, DACH1, EFNA5, SLC26A5-AS1, MAPK8, CTNNB1",CELLxGENE Census 2025-11-08,aa369999-a034-4ad9-b459-8a93c86ea77b,multiome_atac_spatial_lineage,orthogonal_molecular,"Paired snRNA plus snATAC across 38 neocortical samples; spatial transcriptomics supports organization, and progenitor purification plus lineage tracing validates Tri-IPC lineage relationships.",Wang et al. 2025 Nature DOI:10.1038/s41586-024-08351-7,2025-01-08,,True,2026-06-17,low,lineage_or_subtype,data/raw/neocortex_2025_multiome.h5ad,scanpy.rank_genes_groups[wilcoxon]+autozyme,100,human_nonimmune,186,Neural,rare_or_state,
neocortex_2025_multiome__sst_GABAergic_cortical_interneuron,neocortex_2025_multiome,brain,human,SST GABAergic cortical interneuron,Neural,hard,rare_or_state,SST/somatostatin;GABAergic/inhibitory/interneuron,2,"KIAA1217, SATB1-AS1, GRIK2, GRIK1, TENM2, RBFOX1, XKR4, NRXN3, NETO1, NXPH1, RBMS3, CACNA2D3, PCLO, RIMS2, FGF14, GRIK3, SYT1, SNHG14, SHISA6, CNTNAP2, NBEA, STXBP6, SYNPR, DLGAP1, SLC8A1, RAB3C, GRM1, MTUS2, GRIN2B, ROBO2, RUNX1T1, GRM5, GRIN3A, CDH9, SST, GRIA1, MAF, MAN1A1, KCNC2, GRIN2A, CDH8, SPOCK3, PTPRR, DLGAP2, HCN1, CADPS, TENM1, DMD, CHRM3, RYR2",CELLxGENE Census 2025-11-08,aa369999-a034-4ad9-b459-8a93c86ea77b,multiome_atac_spatial_lineage,orthogonal_molecular,"Paired snRNA plus snATAC across 38 neocortical samples; spatial transcriptomics supports organization, and progenitor purification plus lineage tracing validates Tri-IPC lineage relationships.",Wang et al. 2025 Nature DOI:10.1038/s41586-024-08351-7,2025-01-08,,True,2026-06-17,low,lineage_or_subtype,data/raw/neocortex_2025_multiome.h5ad,scanpy.rank_genes_groups[wilcoxon]+autozyme,100,human_nonimmune,187,Neural,rare_or_state,
neocortex_2025_multiome__forebrain_radial_glial_cell,neocortex_2025_multiome,brain,human,Forebrain radial glial cell,Neural progenitor,hard,rare_or_state,radial glia/radial glial;forebrain,1,"GLI3, SHROOM3, CREB5, DACH1, CDON, LINC01965, SYNE2, VIM, MPPED2, MEIS2, ADGRV1, HMGA2, NKAIN3, ENSG00000271860, GULP1, SFRP1, FBXL7, ZFHX4, MIR99AHG, PARD3B, MIR9-2HG, DOK5, COL4A5, FOXP1, PDGFD, NFIA, TBC1D1, FHOD3, GPC6, INTU, SOX5, FABP7, CNTLN, IGF2BP2, IGF2BP3, SETBP1, NEDD4L, PHIP, CCND2, LTBP1, PANTR1, ID4, LINC01551, NCKAP5, BOC, ZEB1, EFNB2, CELSR1, VCAN, COL11A1",CELLxGENE Census 2025-11-08,aa369999-a034-4ad9-b459-8a93c86ea77b,multiome_atac_spatial_lineage,orthogonal_molecular,"Paired snRNA plus snATAC across 38 neocortical samples; spatial transcriptomics supports organization, and progenitor purification plus lineage tracing validates Tri-IPC lineage relationships.",Wang et al. 2025 Nature DOI:10.1038/s41586-024-08351-7,2025-01-08,,True,2026-06-17,low,lineage_or_subtype,data/raw/neocortex_2025_multiome.h5ad,scanpy.rank_genes_groups[wilcoxon]+autozyme,100,human_nonimmune,188,Neural progenitor,rare_or_state,
neocortex_2025_multiome__VIP_GABAergic_cortical_interneuron,neocortex_2025_multiome,brain,human,VIP GABAergic cortical interneuron,Neural,hard,rare_or_state,VIP;GABAergic/inhibitory/interneuron,2,"ADARB2, GALNTL6, PROX1, SYNPR, THSD7A, KCNT2, FRMPD4, GALNT17, GRM7, NR3C2, MEG3, OLFM3, SNHG14, CIT, CSMD1, INPP4B, CHRM3, CACNA1D, FRMD4A, RGS12, LRFN2, FGF14, VWC2L, SCG2, SNTG1, CNTN4, VIP, CALB2, MTUS2, PCSK2, GABRB2, THRB, ATP2B1, KCNJ3, CDH10, SORCS3, PTPRE, DLX6-AS1, ERBB4, LARGE1, PWRN1, SCN2A, IGF1, PLD5, GRIN2B, AP1S2, DSCAM, MYRIP, NRG3, PLXNA4",CELLxGENE Census 2025-11-08,aa369999-a034-4ad9-b459-8a93c86ea77b,multiome_atac_spatial_lineage,orthogonal_molecular,"Paired snRNA plus snATAC across 38 neocortical samples; spatial transcriptomics supports organization, and progenitor purification plus lineage tracing validates Tri-IPC lineage relationships.",Wang et al. 2025 Nature DOI:10.1038/s41586-024-08351-7,2025-01-08,,True,2026-06-17,low,lineage_or_subtype,data/raw/neocortex_2025_multiome.h5ad,scanpy.rank_genes_groups[wilcoxon]+autozyme,100,human_nonimmune,189,Neural,rare_or_state,
neocortex_2025_multiome__pvalb_GABAergic_cortical_interneuron,neocortex_2025_multiome,brain,human,PVALB GABAergic cortical interneuron,Neural,hard,rare_or_state,PVALB/parvalbumin;GABAergic/inhibitory/interneuron,2,"KCNC2, NXPH1, MEF2C, ERBB4, DLGAP2, DPP10, CNTNAP2, SLIT2, FGF12, TAFA2, RASGRF2, ZNF385D, GABRG3, SNHG14, TENM2, HCN1, PTCHD4, GRIA4, GAD2, GABRB2, KIAA1217, SCN1A, DLGAP1, GRIP1, MYO16, ATRNL1, XKR4, GRM5, FMN1, ATP1B1, GRIN2B, OXR1, SERPINI1, SLC4A10, TIAM1, SYT1, VWC2, GAD1, SAMD5, CNTN5, SH3RF3, GABBR2, SYN2, GRK3, MYO5B, SCN1A-AS1, KAZN, CACNB4, NTRK2, VSNL1",CELLxGENE Census 2025-11-08,aa369999-a034-4ad9-b459-8a93c86ea77b,multiome_atac_spatial_lineage,orthogonal_molecular,"Paired snRNA plus snATAC across 38 neocortical samples; spatial transcriptomics supports organization, and progenitor purification plus lineage tracing validates Tri-IPC lineage relationships.",Wang et al. 2025 Nature DOI:10.1038/s41586-024-08351-7,2025-01-08,,True,2026-06-17,low,lineage_or_subtype,data/raw/neocortex_2025_multiome.h5ad,scanpy.rank_genes_groups[wilcoxon]+autozyme,100,human_nonimmune,190,Neural,rare_or_state,
neocortex_2025_multiome__oligodendrocyte_precursor_cell,neocortex_2025_multiome,brain,human,Oligodendrocyte precursor cell,Glial,medium,subtype_resolution,oligodendrocyte precursor/OPC,1,"LHFPL3, PCDH15, TNR, LRRC4C, DSCAM, OPCML, PTPRZ1, LUZP2, CA10, SEMA5A, PDGFRA, DPP6, CSMD3, SLC35F1, LRP1B, MMP16, KCND2, EPN2, MDGA2, XYLT1, GRID2, LRRTM4, BRINP3, AGAP1, NOVA1, CHST11, MAML2, LRRN1, SOX6, NLGN1, CSMD1, PEAK1, KHDRBS3, LSAMP, NTNG1, ADGRL3, SGCD, KIF13A, DISC1, GALNT13, KCNIP4, APBB2, NTM, KCNMB2, SEZ6L, SH3D19, NXPH1, VCAN, CNTN1, SORCS3",CELLxGENE Census 2025-11-08,aa369999-a034-4ad9-b459-8a93c86ea77b,multiome_atac_spatial_lineage,orthogonal_molecular,"Paired snRNA plus snATAC across 38 neocortical samples; spatial transcriptomics supports organization, and progenitor purification plus lineage tracing validates Tri-IPC lineage relationships.",Wang et al. 2025 Nature DOI:10.1038/s41586-024-08351-7,2025-01-08,,True,2026-06-17,low,lineage_or_subtype,data/raw/neocortex_2025_multiome.h5ad,scanpy.rank_genes_groups[wilcoxon]+autozyme,100,human_nonimmune,191,Glial,subtype_resolution,
neocortex_2025_multiome__astrocyte,neocortex_2025_multiome,brain,human,Astrocyte,Glial,easy,canonical_lineage,astrocyte/astroglia,1,"SLC1A2, GPC5, SLC1A3, CST3, RORA, GLIS3, GPM6A, SPARCL1, OBI1-AS1, CLU, SLC4A4, DTNA, ADGRV1, APOE, NTM, AHCYL2, ATP1A2, MT3, CARMIL1, ITPR2, LSAMP, LINC00299, SORBS1, ATP13A4, RFX4, MIR9-1HG, SLC7A11, PITPNC1, LINC03051, AQP4, SASH1, GRAMD2B, SPON1, MSI2, CTNNA2, BMPR1B, FMN2, TRPS1, GLUL, PREX2, SFXN5, GABRB1, GLUD1, PARD3B, SLCO1C1, PON2, CPE, MACF1, PPP1R9A-AS1, CTNND2",CELLxGENE Census 2025-11-08,aa369999-a034-4ad9-b459-8a93c86ea77b,multiome_atac_spatial_lineage,orthogonal_molecular,"Paired snRNA plus snATAC across 38 neocortical samples; spatial transcriptomics supports organization, and progenitor purification plus lineage tracing validates Tri-IPC lineage relationships.",Wang et al. 2025 Nature DOI:10.1038/s41586-024-08351-7,2025-01-08,,True,2026-06-17,low,lineage_or_subtype,data/raw/neocortex_2025_multiome.h5ad,scanpy.rank_genes_groups[wilcoxon]+autozyme,100,human_nonimmune,192,Glial,canonical_lineage,
neocortex_2025_multiome__oligodendrocyte,neocortex_2025_multiome,brain,human,Oligodendrocyte,Glial,easy,canonical_lineage,oligodendrocyte,1,"MBP, PLP1, CTNNA3, SLC44A1, ST18, SLC24A2, PCDH9, RNF220, MOBP, DOCK10, TTLL7, IL1RAPL1, EDIL3, PIP4K2A, QKI, MAP7, TF, DPYD, PDE4B, TMEM144, ENPP2, ELMO1, UNC5C, MAN2A1, SIK3, PEX5L, PDE8A, PLCL1, MAGI2, SEPTIN7, PTGDS, C10orf90, PHLPP1, TMEM165, FMNL2, UGT8, FRYL, ERBIN, FRMD5, PLEKHH1, GAB1, DOCK5, CRYAB, DNM3, DNAJC6, PRUNE2, PPP2R2B, ATP8A1, LPAR1, DLG1",CELLxGENE Census 2025-11-08,aa369999-a034-4ad9-b459-8a93c86ea77b,multiome_atac_spatial_lineage,orthogonal_molecular,"Paired snRNA plus snATAC across 38 neocortical samples; spatial transcriptomics supports organization, and progenitor purification plus lineage tracing validates Tri-IPC lineage relationships.",Wang et al. 2025 Nature DOI:10.1038/s41586-024-08351-7,2025-01-08,,True,2026-06-17,low,lineage_or_subtype,data/raw/neocortex_2025_multiome.h5ad,scanpy.rank_genes_groups[wilcoxon]+autozyme,100,human_nonimmune,193,Glial,canonical_lineage,
postnatal_brain_multiome_2025__pericyte,postnatal_brain_multiome_2025,brain,human,Pericyte,Vascular,medium,subtype_resolution,pericyte/mural cell,1,"DLC1, EPS8, SLC38A11, PDGFRB, CALD1, EBF1, MYO1B, NOTCH3, ATP1A2, PRKG1, CARMN, RGS5, SLC19A1, PTPRK, NR2F2-AS1, RNF152, RBPMS, PDE8B, CACNA1C, IGFBP7, PDE7B, COBLL1, ARHGAP42, INPP4B, PTEN, SGIP1, SLC30A10, CDH6, SLC6A1, PLXDC1, ITIH5, ENSG00000275443, GRM3, GJC1, ARHGAP10, DCN, UTRN, ARHGAP29, PLCE1, BLTP1, RBMS3, LHFPL6, ZFHX3, SLC20A2, TRPC3, ARHGAP6, FRMD3, GRM8, ITGA1, SNRK",CELLxGENE Census 2025-11-08,56a4bc14-9407-45fd-8786-f7f6fc87c9dd,multiome_atac,orthogonal_molecular,"Simultaneous single-nucleus gene expression and chromatin accessibility in 101,924 nuclei across four brain regions and five postnatal stages; same-nucleus ATAC supports broad neural/glial/vascular identities.",Clarence et al. 2025 Nat Genet DOI:10.1038/s41588-025-02083-8,2025-02-17,2025,True,2026-06-17,low,lineage_or_subtype,data/raw/postnatal_brain_multiome_2025.h5ad,scanpy.rank_genes_groups[wilcoxon]+autozyme,120,human_nonimmune,194,Vascular,subtype_resolution,
postnatal_brain_multiome_2025__vascular_leptomeningeal_cell,postnatal_brain_multiome_2025,brain,human,Vascular leptomeningeal cell,Vascular,medium,subtype_resolution,leptomeningeal/vascular leptomeningeal/VLMC,1,"CEMIP, LAMA2, BICC1, ENSG00000243620, RORA, ABCA9, SVIL, COLEC12, LINC01088, SLC7A11, FLRT2, UACA, TPM1, RBMS3, MIR99AHG, ARHGAP29, SASH1, SLC7A14-AS1, KCNK2, LAMA4, FBLN1, MIR100HG, NTRK3, TGFBR3, PPFIBP1, TBX18, TMEM132C, COL1A2, PRKAG2, NR2F1, KAZN, ZIC1, COL6A3, NID1, PARD3, ITIH5, WDR86, SLC6A20, NR2F2-AS1, PTGDS, COL15A1, ADAMTS9-AS2, FRMD6, PTN, ATP1A2, SLC16A12, PCCA, PDZRN3, ABCA8, ZBTB20",CELLxGENE Census 2025-11-08,56a4bc14-9407-45fd-8786-f7f6fc87c9dd,multiome_atac,orthogonal_molecular,"Simultaneous single-nucleus gene expression and chromatin accessibility in 101,924 nuclei across four brain regions and five postnatal stages; same-nucleus ATAC supports broad neural/glial/vascular identities.",Clarence et al. 2025 Nat Genet DOI:10.1038/s41588-025-02083-8,2025-02-17,2025,True,2026-06-17,low,lineage_or_subtype,data/raw/postnatal_brain_multiome_2025.h5ad,scanpy.rank_genes_groups[wilcoxon]+autozyme,120,human_nonimmune,195,Vascular,subtype_resolution,
postnatal_brain_multiome_2025__glutamatergic_neuron,postnatal_brain_multiome_2025,brain,human,Glutamatergic neuron,Neural,medium,subtype_resolution,glutamatergic/excitatory neuron/excitatory,1,"MEG3, KCNIP4, RBFOX1, ARPP21, RALYL, DLGAP2, KHDRBS2, KCNQ5, SNHG14, CACNA1B, STXBP5L, KALRN, SYT1, PHACTR1, RIMS2, CSMD1, RYR2, GABRB3, IQCJ-SCHIP1, MIAT, MIR137HG, MYT1L, CELF4, ASIC2, NEGR1, SPTBN4, CDH18, DGCR5, PPP2R2C, RGS7, PTPRN2, FRMPD4, PTPRD, CAMK2A, LDB2, LINGO2, NRGN, RBFOX3, PAK3, PCLO, DLGAP1, TENM2, MTUS2, CELF5, KIAA1549L, CCSER1, NELL2, LINC01250, CRACDL, SRRM3",CELLxGENE Census 2025-11-08,56a4bc14-9407-45fd-8786-f7f6fc87c9dd,multiome_atac,orthogonal_molecular,"Simultaneous single-nucleus gene expression and chromatin accessibility in 101,924 nuclei across four brain regions and five postnatal stages; same-nucleus ATAC supports broad neural/glial/vascular identities.",Clarence et al. 2025 Nat Genet DOI:10.1038/s41588-025-02083-8,2025-02-17,2025,True,2026-06-17,low,lineage_or_subtype,data/raw/postnatal_brain_multiome_2025.h5ad,scanpy.rank_genes_groups[wilcoxon]+autozyme,120,human_nonimmune,196,Neural,subtype_resolution,
postnatal_brain_multiome_2025__GABAergic_neuron,postnatal_brain_multiome_2025,brain,human,GABAergic neuron,Neural,medium,subtype_resolution,GABAergic/inhibitory neuron/inhibitory,1,"CNTNAP2, GRIP1, SNHG14, KCNC2, NRXN3, MYT1L, SNRPN, DLGAP1, ATP8A2, GRIK2, GRIA1, RBFOX1, CNTN5, SYT1, GAD1, FGF14, PTPRN2, PCLO, CCSER1, XKR4, GRIN2B, CADPS, GABRG3, MTUS2, SYN2, RIMS2, CELF4, FRMPD4, GABBR2, GABRB2, CACNA1B, RAB3C, MEG3, SLC4A10, HCN1, ZNF385D, GRM5, RGS7, CNTN4, ROBO2, DAB1, SNAP25, FGF12, DLX6-AS1, TENM2, KAZN, SRRM4, ELAVL2, CACNA1D, GRIK1",CELLxGENE Census 2025-11-08,56a4bc14-9407-45fd-8786-f7f6fc87c9dd,multiome_atac,orthogonal_molecular,"Simultaneous single-nucleus gene expression and chromatin accessibility in 101,924 nuclei across four brain regions and five postnatal stages; same-nucleus ATAC supports broad neural/glial/vascular identities.",Clarence et al. 2025 Nat Genet DOI:10.1038/s41588-025-02083-8,2025-02-17,2025,True,2026-06-17,low,lineage_or_subtype,data/raw/postnatal_brain_multiome_2025.h5ad,scanpy.rank_genes_groups[wilcoxon]+autozyme,120,human_nonimmune,197,Neural,subtype_resolution,
postnatal_brain_multiome_2025__astrocyte,postnatal_brain_multiome_2025,brain,human,Astrocyte,Glial,easy,canonical_lineage,astrocyte/astroglia,1,"SLC1A2, GPM6A, CTNND2, NPAS3, OBI1-AS1, ADGRV1, LSAMP, DTNA, PITPNC1, GPC5, MSI2, NRG3, NTM, CTNNA2, TNIK, SLC4A4, NKAIN3, AQP4, LINC00299, BMPR1B, RFX4, GABRB1, FMN2, NRXN1, LINC03051, ATP13A4, CLU, SFXN5, ABLIM1, SORBS1, CARMIL1, GLIS3, STON2, PPP1R9A-AS1, RYR3, MACF1, RGS20, SOX5, CPE, FUT9, NAV3, MGAT4C, CDH20, KCNN3, SLC1A3, NTRK2, FBXL7, ZNRF3, APC, SPARCL1",CELLxGENE Census 2025-11-08,56a4bc14-9407-45fd-8786-f7f6fc87c9dd,multiome_atac,orthogonal_molecular,"Simultaneous single-nucleus gene expression and chromatin accessibility in 101,924 nuclei across four brain regions and five postnatal stages; same-nucleus ATAC supports broad neural/glial/vascular identities.",Clarence et al. 2025 Nat Genet DOI:10.1038/s41588-025-02083-8,2025-02-17,2025,True,2026-06-17,low,lineage_or_subtype,data/raw/postnatal_brain_multiome_2025.h5ad,scanpy.rank_genes_groups[wilcoxon]+autozyme,120,human_nonimmune,198,Glial,canonical_lineage,
postnatal_brain_multiome_2025__perivascular_cell,postnatal_brain_multiome_2025,brain,human,Perivascular cell,Vascular,medium,subtype_resolution,perivascular/pericyte/mural,1,"PLXDC2, LRMDA, ARHGAP24, TBXAS1, FYB1, DOCK4, RUNX1, ELMO1, DOCK2, FRMD4A, LNCAROD, DOCK8, CELF2, APBB1IP, INPP5D, ENSG00000285534, MEF2A, ABR, CYRIB, ARHGAP15, RIN3, FKBP5, SORL1, LDLRAD4, SSH2, C3, FGD4, SRGAP2, SFMBT2, ITPR2, SLCO2B1, DLEU1, RHBDF2, ARHGAP26, SYK, PTPRC, PREX1, BNC2, CSF1R, AKAP13, RNASET2, RBM47, AOAH, CD74, ADAM28, CYFIP1, CHST11, MYO1F, MEF2C, ATP8B4",CELLxGENE Census 2025-11-08,56a4bc14-9407-45fd-8786-f7f6fc87c9dd,multiome_atac,orthogonal_molecular,"Simultaneous single-nucleus gene expression and chromatin accessibility in 101,924 nuclei across four brain regions and five postnatal stages; same-nucleus ATAC supports broad neural/glial/vascular identities.",Clarence et al. 2025 Nat Genet DOI:10.1038/s41588-025-02083-8,2025-02-17,2025,True,2026-06-17,low,lineage_or_subtype,data/raw/postnatal_brain_multiome_2025.h5ad,scanpy.rank_genes_groups[wilcoxon]+autozyme,120,human_nonimmune,199,Vascular,subtype_resolution,
postnatal_brain_multiome_2025__endothelial_cell,postnatal_brain_multiome_2025,brain,human,Endothelial cell,Endothelial,easy,canonical_lineage,endothelial/endothelium,1,"FLT1, ABCB1, ATP10A, ABCG2, EPAS1, MECOM, SLC7A5, PTPRB, PTPRG, COBLL1, SLC7A1, GPCPD1, CLDN5, SLC2A1, CEMIP2, FLI1, ST6GALNAC3, ST8SIA6, A2M, LEF1, SLC39A10, ESYT2, ELOVL7, PRKCH, ERG, TBC1D4, ADGRL4, EMCN, ADGRF5, THSD4, ITGA6, CGNL1, PODXL, DOCK9, HEG1, MYRIP, IGF1R, VWF, B2M, HLA-E, PALMD, ITM2A, GALNT18, CPNE8, RUNDC3B, MRTFB, DUSP1, UTRN, NAMPT, BMPR2",CELLxGENE Census 2025-11-08,56a4bc14-9407-45fd-8786-f7f6fc87c9dd,multiome_atac,orthogonal_molecular,"Simultaneous single-nucleus gene expression and chromatin accessibility in 101,924 nuclei across four brain regions and five postnatal stages; same-nucleus ATAC supports broad neural/glial/vascular identities.",Clarence et al. 2025 Nat Genet DOI:10.1038/s41588-025-02083-8,2025-02-17,2025,True,2026-06-17,low,lineage_or_subtype,data/raw/postnatal_brain_multiome_2025.h5ad,scanpy.rank_genes_groups[wilcoxon]+autozyme,120,human_nonimmune,200,Endothelial,canonical_lineage,
postnatal_brain_multiome_2025__oligodendrocyte_precursor_cell,postnatal_brain_multiome_2025,brain,human,Oligodendrocyte precursor cell,Glial,medium,subtype_resolution,oligodendrocyte precursor/OPC,1,"DSCAM, LHFPL3, TNR, MMP16, PTPRZ1, PCDH15, OPCML, CA10, LUZP2, NLGN1, LRRC4C, XYLT1, DCC, MDGA2, NOVA1, SLC35F1, GALNT13, VCAN, LINC00511, SOX6, KCNMB2, BRINP3, CSMD1, SMOC1, GRID2, CSMD3, LRP1B, LRRTM4, KCND2, ADGRL3, SEMA5A, NLGN4X, COL11A1, GRIA2, NXPH1, PLPPR1, MEGF11, FGF12, DPP6, PDGFRA, SOX2-OT, LRRN1, SCD5, SNTG1, EPN2, KAT2B, NRXN1, GRIK2, KCNIP4, MAP2",CELLxGENE Census 2025-11-08,56a4bc14-9407-45fd-8786-f7f6fc87c9dd,multiome_atac,orthogonal_molecular,"Simultaneous single-nucleus gene expression and chromatin accessibility in 101,924 nuclei across four brain regions and five postnatal stages; same-nucleus ATAC supports broad neural/glial/vascular identities.",Clarence et al. 2025 Nat Genet DOI:10.1038/s41588-025-02083-8,2025-02-17,2025,True,2026-06-17,low,lineage_or_subtype,data/raw/postnatal_brain_multiome_2025.h5ad,scanpy.rank_genes_groups[wilcoxon]+autozyme,120,human_nonimmune,201,Glial,subtype_resolution,
postnatal_brain_multiome_2025__ependymal_cell,postnatal_brain_multiome_2025,brain,human,Ependymal cell,Glial,medium,subtype_resolution,ependymal/ependymocyte,1,"CFAP54, ARMC3, LRRIQ1, AGBL4, CFAP43, DNAH9, DNAH7, SPAG17, DNAH11, TMEM232, LRRC9, CFAP44, DNAH6, HYDIN, WDR49, CFAP47, ZBBX, C8orf34, CFAP299, PACRG, VWA3A, NEK11, DCDC1, ADGB, DNAH12, DYNC2H1, SPATA17, STK33, CCDC30, LMNTD1, LINC00609, RMST, FRMPD2, GLIS3, SPEF2, CFAP70, TEX9, CFAP61, DPP10, NEK5, TOGARAM2, ANKFN1, TEKT1, SYNE1, CCDC170, RFX2, RFX3, LINC01088, CFAP91, ENSG00000287704",CELLxGENE Census 2025-11-08,56a4bc14-9407-45fd-8786-f7f6fc87c9dd,multiome_atac,orthogonal_molecular,"Simultaneous single-nucleus gene expression and chromatin accessibility in 101,924 nuclei across four brain regions and five postnatal stages; same-nucleus ATAC supports broad neural/glial/vascular identities.",Clarence et al. 2025 Nat Genet DOI:10.1038/s41588-025-02083-8,2025-02-17,2025,True,2026-06-17,low,lineage_or_subtype,data/raw/postnatal_brain_multiome_2025.h5ad,scanpy.rank_genes_groups[wilcoxon]+autozyme,120,human_nonimmune,202,Glial,subtype_resolution,
postnatal_brain_multiome_2025__oligodendrocyte,postnatal_brain_multiome_2025,brain,human,Oligodendrocyte,Glial,easy,canonical_lineage,oligodendrocyte,1,"ST18, CTNNA3, SLC44A1, TTLL7, IL1RAPL1, MBP, MAP7, DOCK10, RNF220, SLC24A2, PCDH9, MOBP, PLP1, SHTN1, PIP4K2A, TMEM144, TMTC2, FRMD5, EDIL3, KCNH8, C10orf90, PDE4B, TF, QKI, PHLPP1, MOG, DLG1, UNC5C, TRIM2, PRUNE2, PLEKHH1, FRMD4B, DNAJC6, SLAIN1, ENPP2, SH3GL3, ATP8A1, CLASP2, PEX5L, SIK3, DOCK5, PLCL1, ZNF536, MAN2A1, PPP2R2B, ANK3, TMEM165, NKAIN2, DNM3, SPOCK3",CELLxGENE Census 2025-11-08,56a4bc14-9407-45fd-8786-f7f6fc87c9dd,multiome_atac,orthogonal_molecular,"Simultaneous single-nucleus gene expression and chromatin accessibility in 101,924 nuclei across four brain regions and five postnatal stages; same-nucleus ATAC supports broad neural/glial/vascular identities.",Clarence et al. 2025 Nat Genet DOI:10.1038/s41588-025-02083-8,2025-02-17,2025,True,2026-06-17,low,lineage_or_subtype,data/raw/postnatal_brain_multiome_2025.h5ad,scanpy.rank_genes_groups[wilcoxon]+autozyme,120,human_nonimmune,203,Glial,canonical_lineage,
fallopian_tube_2025__stromal_cell,fallopian_tube_2025,fallopian tube,human,Stromal cell,Stromal,easy,canonical_lineage,stromal/mesenchymal/fibroblast,1,"DCN, FBLN1, SERPINF1, SFRP4, IGFBP6, LGALS1, OGN, SFRP1, IGFBP5, PTGDS, COL3A1, COL1A1, C1S, LUM, C1R, RARRES2, ALDH1A1, COL6A2, OSR2, PDGFRA, COL1A2, COL6A3, NBL1, SPARCL1, LAPTM4A, TGM2, IGF1, MEG3, PRRX1, F3, MDK, FXYD1, TMSB4X, OLFML3, CTSK, COL6A1, LRP1, ABCA8, PCOLCE, HSPB6, H19, S100A4, TMEM176B, MIR100HG, EMP3, SELENOP, S100A6, LTBP4, RAMP1, BST2",CELLxGENE Census 2025-11-08,0436a180-cb44-47ba-8ffa-807b7a468469,rna_atac_histology,orthogonal_molecular,"scRNA-seq labels are supported by matched scATAC label transfer and H&E-defined epithelial, stromal, and smooth muscle compartments.",Weigert et al. 2025 Nat Commun DOI:10.1038/s41467-024-55440-2,2025-01-03,,True,2026-06-17,low,lineage_or_subtype,data/raw/fallopian_tube_2025.h5ad,scanpy.rank_genes_groups[wilcoxon]+autozyme,150,human_nonimmune,204,Stromal,canonical_lineage,
fallopian_tube_2025__endothelial_cell_of_lymphatic_vessel,fallopian_tube_2025,fallopian tube,human,Lymphatic endothelial cell,Endothelial,medium,subtype_resolution,lymphatic endothelial/lymphatic endothelium,1,"CCL21, MMRN1, TFPI, CAVIN2, GNG11, PPFIBP1, TFF3, TMSB10, S100A10, NRP2, ARL4A, CLDN5, ECSCR, B2M, PROX1, HLA-E, HLA-A, LMO2, FABP5, CD59, IGFBP7, ATP5F1E, HLA-B, ANXA2, MARCKS, LYVE1, RAB11A, RAMP2, TM4SF1, ADD3, ARL6IP1, KANK3, GIMAP7, EGFL7, SPTBN1, ADIRF, SH3BGRL3, PRSS23, HLA-C, GYPC, MAF, VIM, TGFBR2, SNCG, PPP1R2, PARD6G, SMAD1, FAM107B, STMN1, TM4SF18",CELLxGENE Census 2025-11-08,0436a180-cb44-47ba-8ffa-807b7a468469,rna_atac_histology,orthogonal_molecular,"scRNA-seq labels are supported by matched scATAC label transfer and H&E-defined epithelial, stromal, and smooth muscle compartments.",Weigert et al. 2025 Nat Commun DOI:10.1038/s41467-024-55440-2,2025-01-03,,True,2026-06-17,low,lineage_or_subtype,data/raw/fallopian_tube_2025.h5ad,scanpy.rank_genes_groups[wilcoxon]+autozyme,150,human_nonimmune,205,Endothelial,subtype_resolution,
fallopian_tube_2025__perivascular_cell,fallopian_tube_2025,fallopian tube,human,Perivascular cell,Vascular,medium,subtype_resolution,perivascular/pericyte/mural,1,"MUSTN1, ADIRF, CRIP1, S100A4, TAGLN, MYL9, PPP1R14A, RERGL, CALD1, TPM2, DSTN, ACTA2, MYH11, C11orf96, PLN, CAVIN3, MCAM, ECRG4, CSRP2, CPE, TIMP3, MT2A, SELENOM, MT1E, VIM, LBH, PLAC9, MT1M, GADD45B, TPM1, NOTCH3, CAV1, HES4, SORBS2, SOD3, IGFBP7, RCAN2, BGN, ARPC1A, FRZB, PPP1R12A, PPP1R12B, PTN, FLNA, NET1, SEPTIN7, TINAGL1, MYL6, MGST3, FXYD1",CELLxGENE Census 2025-11-08,0436a180-cb44-47ba-8ffa-807b7a468469,rna_atac_histology,orthogonal_molecular,"scRNA-seq labels are supported by matched scATAC label transfer and H&E-defined epithelial, stromal, and smooth muscle compartments.",Weigert et al. 2025 Nat Commun DOI:10.1038/s41467-024-55440-2,2025-01-03,,True,2026-06-17,low,lineage_or_subtype,data/raw/fallopian_tube_2025.h5ad,scanpy.rank_genes_groups[wilcoxon]+autozyme,150,human_nonimmune,206,Vascular,subtype_resolution,
fallopian_tube_2025__fallopian_tube_secretory_epithelial_cell,fallopian_tube_2025,fallopian tube,human,Fallopian tube secretory epithelial cell,Fallopian epithelial,medium,subtype_resolution,secretory;fallopian/tubal/epithelial,2,"RNASET2, CLU, MSLN, DAPL1, LYPD1, KRT7, KRT18, FBXO21, MUC1, CRISP3, C19orf33, WFDC2, RESF1, CLDN7, S100A1, CLDN3, HLA-DRA, BCAM, CLDN4, SNHG29, CD74, CMTM6, SPINT2, KRT8, GAS6, EPCAM, SLPI, SLC40A1, C2orf88, ID4, FGGY, TTYH1, FOLR1, ERP27, EHF, SORL1, NPR1, PAX8, PDZK1IP1, UGT2B7, SCGB1D2, HLA-DRB1, KRTCAP3, SCGB2A1, LCN2, CLDN10, SLC34A2, SCGB3A1, PART1, C3",CELLxGENE Census 2025-11-08,0436a180-cb44-47ba-8ffa-807b7a468469,rna_atac_histology,orthogonal_molecular,"scRNA-seq labels are supported by matched scATAC label transfer and H&E-defined epithelial, stromal, and smooth muscle compartments.",Weigert et al. 2025 Nat Commun DOI:10.1038/s41467-024-55440-2,2025-01-03,,True,2026-06-17,low,lineage_or_subtype,data/raw/fallopian_tube_2025.h5ad,scanpy.rank_genes_groups[wilcoxon]+autozyme,150,human_nonimmune,207,Fallopian epithelial,subtype_resolution,
fallopian_tube_2025__smooth_muscle_cell,fallopian_tube_2025,fallopian tube,human,Smooth muscle cell,Stromal,medium,subtype_resolution,smooth muscle/myocyte/SMC,1,"MYLK, DES, TPM1, RAMP1, TPM2, ACTA2, MYL6, CNN1, TAGLN, MYH11, SELENOM, ACTB, MYL9, PTGDS, ZCCHC12, C11orf96, CALD1, ACTG2, PGRMC1, MZT2B, SYNPO2, CSRP1, FLNA, MGP, COX6C, TCEAL4, LMOD1, SMOC2, TGFB1I1, MZT2A, DSTN, LGALS1, PPP1R12A, SFRP4, NEXN, PBX1, RARRES2, SPARCL1, SERPINF1, LPP, DMD, PALLD, CD81, POSTN, LDHB, SLMAP, OSR2, PDE5A, MRGPRF, SMTN",CELLxGENE Census 2025-11-08,0436a180-cb44-47ba-8ffa-807b7a468469,rna_atac_histology,orthogonal_molecular,"scRNA-seq labels are supported by matched scATAC label transfer and H&E-defined epithelial, stromal, and smooth muscle compartments.",Weigert et al. 2025 Nat Commun DOI:10.1038/s41467-024-55440-2,2025-01-03,,True,2026-06-17,low,lineage_or_subtype,data/raw/fallopian_tube_2025.h5ad,scanpy.rank_genes_groups[wilcoxon]+autozyme,150,human_nonimmune,208,Stromal,subtype_resolution,
fallopian_tube_2025__ciliated_epithelial_cell,fallopian_tube_2025,fallopian tube,human,Ciliated epithelial cell,Fallopian epithelial,easy,canonical_lineage,ciliated;epithelial,2,"CAPS, CIMIP1, TPPP3, DYNLL1, HSP90AA1, CFAP276, RSPH1, TUBB4B, CFAP144, SPMIP6, TMEM190, ENSG00000258752, ATP5IF1, AGR2, SNTN, CIMAP3, TXN, AGR3, HOATZ, CAPSL, S100A11, PRDX5, CFAP90, HMGN3, CALM1, DYNLRB2, CETN2, LRRIQ1, MORN5, METRN, PIERCE1, MORN2, ZMYND10, CIMAP1B, CFAP126, TEKT1, CFAP53, UFC1, ERICH3, CCDC170, ENKUR, LDLRAD1, MNS1, RBP1, SPA17, DNAH12, DYNLT2B, STK33, CCDC146, LRRC23",CELLxGENE Census 2025-11-08,0436a180-cb44-47ba-8ffa-807b7a468469,rna_atac_histology,orthogonal_molecular,"scRNA-seq labels are supported by matched scATAC label transfer and H&E-defined epithelial, stromal, and smooth muscle compartments.",Weigert et al. 2025 Nat Commun DOI:10.1038/s41467-024-55440-2,2025-01-03,,True,2026-06-17,low,lineage_or_subtype,data/raw/fallopian_tube_2025.h5ad,scanpy.rank_genes_groups[wilcoxon]+autozyme,150,human_nonimmune,209,Fallopian epithelial,canonical_lineage,
fallopian_tube_2025__endothelial_cell,fallopian_tube_2025,fallopian tube,human,Endothelial cell,Endothelial,easy,canonical_lineage,endothelial/endothelium,1,"LIFR, A2M, HLA-B, B2M, HLA-E, VWF, HLA-A, CLEC14A, ID3, SRGN, IFI27, FLT1, HLA-C, AQP1, EMCN, EGFL7, ID1, ENPP2, LEPR, KLF2, ITM2A, CD74, CCL14, RAMP2, SPTBN1, NPDC1, SPARCL1, ADGRL4, CD93, CCDC85B, SOX18, PECAM1, CAVIN2, TXNIP, CAV1, PTPRB, ABCG2, GIMAP4, EPAS1, PIK3R3, HLA-DRA, NOSTRIN, RNASE1, CYYR1, GIMAP7, TSPAN7, PLVAP, TCF4, HLA-DPB1, STOM",CELLxGENE Census 2025-11-08,0436a180-cb44-47ba-8ffa-807b7a468469,rna_atac_histology,orthogonal_molecular,"scRNA-seq labels are supported by matched scATAC label transfer and H&E-defined epithelial, stromal, and smooth muscle compartments.",Weigert et al. 2025 Nat Commun DOI:10.1038/s41467-024-55440-2,2025-01-03,,True,2026-06-17,low,lineage_or_subtype,data/raw/fallopian_tube_2025.h5ad,scanpy.rank_genes_groups[wilcoxon]+autozyme,150,human_nonimmune,210,Endothelial,canonical_lineage,
fallopian_tube_2025__peg_cell,fallopian_tube_2025,fallopian tube,human,Peg cell,Fallopian epithelial,medium,subtype_resolution,peg cell/secretory epithelial/fallopian secretory,1,"OVGP1, CRISP3, WFDC2, SLPI, ASRGL1, CPM, KRT18, CLDN10, USP53, CLU, TTYH1, CYBA, SORL1, RNASET2, GSTP1, GCLC, FBXO21, MSLN, CMTM6, KRT19, SPINT2, KCNK15, CD24, AGR2, TPT1, EHF, DMKN, MGST1, C19orf33, MUC1, WDR77, NHERF1, EPCAM, PKHD1L1, C2orf88, EPB41L2, KRT8, PART1, SCGB3A1, SAT1, SNHG29, KLK11, SLC40A1, PDIA4, AIFM1, CLDN3, MIF, GAPDH, ID4, HSP90B1",CELLxGENE Census 2025-11-08,0436a180-cb44-47ba-8ffa-807b7a468469,rna_atac_histology,orthogonal_molecular,"scRNA-seq labels are supported by matched scATAC label transfer and H&E-defined epithelial, stromal, and smooth muscle compartments.",Weigert et al. 2025 Nat Commun DOI:10.1038/s41467-024-55440-2,2025-01-03,,True,2026-06-17,low,lineage_or_subtype,data/raw/fallopian_tube_2025.h5ad,scanpy.rank_genes_groups[wilcoxon]+autozyme,150,human_nonimmune,211,Fallopian epithelial,subtype_resolution,
heart_multiome_2023__endothelial_cell,heart_multiome_2023,heart,human,Endothelial cell,Endothelial,easy,canonical_lineage,endothelial/endothelium,1,"ST6GALNAC3, VWF, FLT1, LDB2, ANO2, PITPNC1, ADGRF5, FLI1, PECAM1, ADGRL4, SHANK3, ENG, PRKCH, PTPRB, MECOM, EMCN, DOCK9, PTPRM, NEDD9, EPAS1, TCF4, F8, B2M, SEC14L1, CADPS2, ID1, DOCK4, ADAMTS9, EGFL7, ELMO1, BMPR2, ERG, RASGRF2, ST8SIA6, TACC1, GALNT18, MCF2L, ITGA1, PLXDC2, PLXNA2, SPARCL1, AFDN, PREX2, GRB10, ARHGAP26, ARHGAP29, CMIP, STOM, HLA-B, SPTBN1","CELLxGENE Census 2025-11-08 (Cardiac niches, Nature 2023)",10.1038/s41586-023-06311-1,multiome_atac_spatial,orthogonal_molecular,same-nucleus 10x multiome (RNA+ATAC) + Visium spatial; atrial/ventricular CM split,Nature 2023 cardiac niches,2023-07,2023,False,2026-06-17,low,type (chamber bonus),data/raw/heart_multiome_2023.h5ad,scanpy.rank_genes_groups[wilcoxon]+autozyme,120,human_nonimmune,212,Endothelial,canonical_lineage,
heart_multiome_2023__regular_ventricular_cardiac_myocyte,heart_multiome_2023,heart,human,Ventricular cardiomyocyte,Cardiomyocyte,medium,subtype_resolution,cardiomyocyte/cardiac myocyte/cardiac muscle/CM;ventricular,1,"MYL3, MYBPC3, TTN, MYH7, CTNNA3, TRDN-AS1, MYL2, FHOD3, RBM20, FHL2, ABLIM1, RYR2, MLIP, SLC8A1, MYOM2, LDB3, TNNT2, CDIN1, AKAP6, NEXN, TTN-AS1, CACNA1C, SORBS2, MYOM1, PKP2, PDE3A, MYOZ2, TNNI3K, NEBL, DPF3, PLN, SGCD, PDE4DIP, TECRL, GALNT17, CKMT2, CDH2, NRAP, TENM2, PALLD, LMO7, CMYA5, LRRC2, PLCL1, DPY19L2, ACTN2, PDLIM5, TACC2, RCAN2, RNF150","CELLxGENE Census 2025-11-08 (Cardiac niches, Nature 2023)",10.1038/s41586-023-06311-1,multiome_atac_spatial,orthogonal_molecular,same-nucleus 10x multiome (RNA+ATAC) + Visium spatial; atrial/ventricular CM split,Nature 2023 cardiac niches,2023-07,2023,False,2026-06-17,low,type (chamber bonus),data/raw/heart_multiome_2023.h5ad,scanpy.rank_genes_groups[wilcoxon]+autozyme,120,human_nonimmune,213,Cardiomyocyte,subtype_resolution,
heart_multiome_2023__fibroblast,heart_multiome_2023,heart,human,Fibroblast,Stromal,easy,canonical_lineage,fibroblast/stromal/mesenchymal,1,"DCN, COL6A3, C7, FBN1, BICC1, LAMA2, GSN, PDGFRA, PID1, NEGR1, COL6A2, VCAN, FBLN1, MGP, C1S, C3, C1R, KAZN, COL1A2, CFD, SNED1, COL15A1, ABI3BP, CCDC80, ABCA6, LAMC1, CFH, MRC2, CDH19, LRP1, GAS7, FN1, FBLN5, GLIS3, LUM, MMP2, COL4A4, LPAR1, TNXB, CLMP, MEG3, FBLN2, TRPS1, COL6A1, ABCA9, KCNT2, TSHZ2, IGFBP7, PRELP, MGST1","CELLxGENE Census 2025-11-08 (Cardiac niches, Nature 2023)",10.1038/s41586-023-06311-1,multiome_atac_spatial,orthogonal_molecular,same-nucleus 10x multiome (RNA+ATAC) + Visium spatial; atrial/ventricular CM split,Nature 2023 cardiac niches,2023-07,2023,False,2026-06-17,low,type (chamber bonus),data/raw/heart_multiome_2023.h5ad,scanpy.rank_genes_groups[wilcoxon]+autozyme,120,human_nonimmune,214,Stromal,canonical_lineage,
heart_multiome_2023__mural_cell,heart_multiome_2023,heart,human,Mural cell,Vascular,medium,subtype_resolution,mural cell/pericyte/vascular smooth muscle,1,"DLC1, PLA2G5, RGS5, EPS8, PRKG1, FRMD3, IGFBP7, PDGFRB, GUCY1A2, EBF2, LHFPL6, ABCC9, CALD1, NOTCH3, CARMN, RBMS3, SPARCL1, EGFLAM, NR2F2-AS1, CLMN, MYO1B, ARHGAP6, CPE, ADGRB3, GUCY1A1, EBF1, DACH1, PARD3, MSC-AS1, SH3RF1, SPARC, NGF, PTEN, AGT, RNF152, GUCY1B1, ADAMTS12, RIPOR3, GRK5, PDZD2, LPP, NDUFA4L2, NR2F2, SOX5, STEAP4, ARHGAP10, CD36, BMP5, TCF4, ARHGAP15","CELLxGENE Census 2025-11-08 (Cardiac niches, Nature 2023)",10.1038/s41586-023-06311-1,multiome_atac_spatial,orthogonal_molecular,same-nucleus 10x multiome (RNA+ATAC) + Visium spatial; atrial/ventricular CM split,Nature 2023 cardiac niches,2023-07,2023,False,2026-06-17,low,type (chamber bonus),data/raw/heart_multiome_2023.h5ad,scanpy.rank_genes_groups[wilcoxon]+autozyme,120,human_nonimmune,215,Vascular,subtype_resolution,
heart_multiome_2023__neural_cell,heart_multiome_2023,heart,human,Neural cell,Neural,medium,canonical_lineage,neural/neuron/glia/Schwann/nerve,1,"CDH19, NRXN1, NRXN3, XKR4, NCAM2, EHBP1, ANK3, SLC35F1, CADM2, ADGRB3, SORCS1, SCN7A, ZNF536, KCNMB4, ITGB8, CHL1, FRMD5, NEGR1, KIRREL3, DST, STARD13, GPM6B, SAMHD1, LPAR1, GRIK2, AHR, ENSG00000230490, TENM3, ASTN2, NKAIN3, IQGAP2, BCL2, PMP22, NCAM1, SHISA9, ARHGAP24, ST6GALNAC5, IL1RAPL1, GULP1, PTPRZ1, NTM, ADD3, ADGRL3, GAS7, FRMD4A, LGI4, CADM1, ARHGEF26, PRIMA1, NLGN4X","CELLxGENE Census 2025-11-08 (Cardiac niches, Nature 2023)",10.1038/s41586-023-06311-1,multiome_atac_spatial,orthogonal_molecular,same-nucleus 10x multiome (RNA+ATAC) + Visium spatial; atrial/ventricular CM split,Nature 2023 cardiac niches,2023-07,2023,False,2026-06-17,low,type (chamber bonus),data/raw/heart_multiome_2023.h5ad,scanpy.rank_genes_groups[wilcoxon]+autozyme,120,human_nonimmune,216,Neural,canonical_lineage,
heart_multiome_2023__regular_atrial_cardiac_myocyte,heart_multiome_2023,heart,human,Atrial cardiomyocyte,Cardiomyocyte,medium,subtype_resolution,cardiomyocyte/cardiac myocyte/cardiac muscle/CM;atrial,1,"MYH6, NPPA, MYL7, KCNJ3, MYL4, TRDN, ANKRD1, LINC02248, TBX5, TECRL, PAM, FGF12, ERBB4, ATP2A2, ZNF385B, CADPS, LDB3, CMYA5, RYR2, PALLD, TTN, ACTN2, NEBL, TNNT2, PPP1R12B, PXDNL, RABGAP1L, PDLIM5, ALPK2, GRIP1, CHRM2, OTOGL, MLIP, SGCD, MYBPC3, NTN1, NEXN, WNK2, DTNA, ACTC1, GREB1L, L3MBTL4, CACNB2, CDH2, CACNA1C, EPHA4, SLC8A1, MYOM2, RBM20, MYO18B","CELLxGENE Census 2025-11-08 (Cardiac niches, Nature 2023)",10.1038/s41586-023-06311-1,multiome_atac_spatial,orthogonal_molecular,same-nucleus 10x multiome (RNA+ATAC) + Visium spatial; atrial/ventricular CM split,Nature 2023 cardiac niches,2023-07,2023,False,2026-06-17,low,type (chamber bonus),data/raw/heart_multiome_2023.h5ad,scanpy.rank_genes_groups[wilcoxon]+autozyme,120,human_nonimmune,217,Cardiomyocyte,subtype_resolution,
heart_multiome_2023__mesothelial_cell,heart_multiome_2023,heart,human,Mesothelial cell,Mesothelial,medium,canonical_lineage,mesothelial/mesothelium/epicardial,1,"PVT1, NFKBIZ, KCNT2, BNC2, MTHFD1L, CFH, NAMPT, SAT1, CLIC4, GFPT2, IL1R1, TIAM1, RASSF8, SOD2, C3, CHD2, PAWR, FAM107B, CD44, PLA2G2A, BICC1, WWC1, ZBTB7C, ROR2, SULF1, PRG4, DAPK1, LSAMP, GLS, MARCHF1, KLF6, PTGIS, ANXA1, GPRC5A, RNF24, TIPARP, BMPR1B, GMDS, EZR, ABI3BP, IER3, SLIT3, SQSTM1, ABCC4, CARMIL1, MCTP2, SLC39A8, FBXL13, CD55, CCNL1","CELLxGENE Census 2025-11-08 (Cardiac niches, Nature 2023)",10.1038/s41586-023-06311-1,multiome_atac_spatial,orthogonal_molecular,same-nucleus 10x multiome (RNA+ATAC) + Visium spatial; atrial/ventricular CM split,Nature 2023 cardiac niches,2023-07,2023,False,2026-06-17,low,type (chamber bonus),data/raw/heart_multiome_2023.h5ad,scanpy.rank_genes_groups[wilcoxon]+autozyme,120,human_nonimmune,218,Mesothelial,canonical_lineage,
heart_multiome_2023__endothelial_cell_of_lymphatic_vessel,heart_multiome_2023,heart,human,Lymphatic endothelial cell,Endothelial,medium,subtype_resolution,lymphatic endothelial/lymphatic endothelium,1,"MMRN1, SEMA3A, PKHD1L1, CCL21, VAV3, ST6GALNAC3, PTPRE, NRG3, PIEZO2, TFPI, RELN, PPFIBP1, SEMA3D, RALGAPA2, TSHZ2, MAF, GPM6A, ELK3, KALRN, PARD6G, LDB2, NRP2, RHOJ, PLEKHG1, AKAP12, LINC02147, TC2N, NXN, SNTG2, SEMA6A, MAGI1, DLGAP2, APP, DOCK5, SMAD1, NHSL1, CALCRL, FLT4, FOXP1, LYVE1, MRC1, DOCK9, MPP7, NR2F1-AS1, PRKCH, CNTNAP3B, STOX2, TLL1, COLEC12, PECAM1","CELLxGENE Census 2025-11-08 (Cardiac niches, Nature 2023)",10.1038/s41586-023-06311-1,multiome_atac_spatial,orthogonal_molecular,same-nucleus 10x multiome (RNA+ATAC) + Visium spatial; atrial/ventricular CM split,Nature 2023 cardiac niches,2023-07,2023,False,2026-06-17,low,type (chamber bonus),data/raw/heart_multiome_2023.h5ad,scanpy.rank_genes_groups[wilcoxon]+autozyme,120,human_nonimmune,219,Endothelial,subtype_resolution,
heart_multiome_2023__adipocyte,heart_multiome_2023,heart,human,Adipocyte,Stromal,easy,canonical_lineage,adipocyte/fat cell,1,"GPAM, ACSL1, FASN, PPARG, PDE3B, MGST1, LINC00598, TMEM135, PLIN4, LPIN1, ZNF117, TENM3, G0S2, LPL, SLC19A3, FABP4, SOX5, SCD, PNPLA2, TPRG1, PLIN1, ACACB, MLXIPL, DGAT2, ME1, LIPE-AS1, PTGER3, PLIN5, GHR, GBE1, SIK2, VKORC1L1, EBF1, ELOVL5, PRKAR2B, PFKFB3, ACACA, ADH1B, ADIPOQ, ADIPOR2, ASPH, LINC02240, PLXNA4, AQP7, LIPE, PTPRS, APBB1IP, RTN4, CABLES1, GPD1","CELLxGENE Census 2025-11-08 (Cardiac niches, Nature 2023)",10.1038/s41586-023-06311-1,multiome_atac_spatial,orthogonal_molecular,same-nucleus 10x multiome (RNA+ATAC) + Visium spatial; atrial/ventricular CM split,Nature 2023 cardiac niches,2023-07,2023,False,2026-06-17,low,type (chamber bonus),data/raw/heart_multiome_2023.h5ad,scanpy.rank_genes_groups[wilcoxon]+autozyme,120,human_nonimmune,220,Stromal,canonical_lineage,
liver_spatial_2021__endothelial_cell_of_pericentral_hepatic_sinusoid,liver_spatial_2021,liver,human,Liver sinusoidal endothelial cell,Endothelial,hard,subtype_resolution,sinusoidal endothelial/LSEC/liver sinusoidal/sinusoid;endothelial,1,"DNASE1L3, STAB1, CRHBP, PTPRB, LIFR, ST6GAL1, EGFL7, LDB2, OIT3, BTNL9, MRC1, NOSTRIN, STAB2, ST6GALNAC3, ADGRF5, NTN4, IL6ST, ENG, DGKG, PPFIBP1, ATRNL1, PREX2, RAMP3, HECW2, ACSM3, SHANK3, RELN, GPM6A, MYO10, FCN2, FLT1, SEC14L1, CNTNAP3B, FBXL7, KALRN, CD36, MYRIP, TGFBR3, PLCB1, HSPG2, TFPI, GNA14, ADGRL4, ASAP1, CLEC1B, TACC1, APP, ANKS1A, CALCRL, PITPNM3","CELLxGENE Census 2025-11-08 (Healthy human liver integrated, Hep Comm 2021)",10.1002/hep4.1854,spatial_rna,spatial_anatomical,snRNA+scRNA+Visium spatial; hepatocyte zonation spatially validated,Hep Commun 2021 cholangiocyte/mesenchymal,2021,2021,False,2026-06-17,low,"type (zonation=gradient, score at hepatocyte)",data/raw/liver_spatial_2021.h5ad,scanpy.rank_genes_groups[wilcoxon]+autozyme,120,human_nonimmune,221,Endothelial,subtype_resolution,
liver_spatial_2021__periportal_region_hepatocyte,liver_spatial_2021,liver,human,Periportal hepatocyte,Hepatocyte,medium,subtype_resolution,hepatocyte/hepatic/parenchymal;periportal/portal/PP zone,1,"FGB, FGG, HP, SERPINA1, ORM1, FGA, FGL1, ALB, APOC1, SAA1, APOC3, APOA1, NNMT, APOA2, APOH, MT2A, APCS, ATF5, SAA2, RBP4, AGXT, FABP1, MT1G, HPX, PCK1, AZGP1, ALDOB, CES1, C3, ITIH3, TTR, DDT, ORM2, APOE, AMBP, TF, CRP, SERPINF2, ASL, MT1X, APOB, ASGR1, SOD1, UQCRQ, CYP2C8, CYP3A5, CYB5A, MST1, MAT1A, ARG1","CELLxGENE Census 2025-11-08 (Healthy human liver integrated, Hep Comm 2021)",10.1002/hep4.1854,spatial_rna,spatial_anatomical,snRNA+scRNA+Visium spatial; hepatocyte zonation spatially validated,Hep Commun 2021 cholangiocyte/mesenchymal,2021,2021,False,2026-06-17,low,"type (zonation=gradient, score at hepatocyte)",data/raw/liver_spatial_2021.h5ad,scanpy.rank_genes_groups[wilcoxon]+autozyme,120,human_nonimmune,222,Hepatocyte,subtype_resolution,
liver_spatial_2021__Kupffer_cell,liver_spatial_2021,liver,human,Kupffer cell,Hepatic macrophage,medium,subtype_resolution,Kupffer/liver-resident macrophage/hepatic macrophage,1,"CD163, SAT1, MSR1, CTSB, CELF2, MS4A6A, ZEB2, AOAH, SLC11A1, MYO1F, C1QA, RAB31, HCLS1, CTSS, LAPTM5, RNF149, TBXAS1, DOCK2, ADAP2, SLC1A3, SLC8A1, SLA, EPB41L3, PTPRC, FMN1, TLR2, C1QB, CLEC7A, FYB1, MERTK, PIK3R5, PRKCB, DMXL2, MS4A4A, FPR3, FMNL2, MRC1, VSIG4, IL18, SAMHD1, SYK, MCTP1, CYRIA, MPPED2, MARCO, TYROBP, TRPS1, FCER1G, NCKAP1L, SAMSN1","CELLxGENE Census 2025-11-08 (Healthy human liver integrated, Hep Comm 2021)",10.1002/hep4.1854,spatial_rna,spatial_anatomical,snRNA+scRNA+Visium spatial; hepatocyte zonation spatially validated,Hep Commun 2021 cholangiocyte/mesenchymal,2021,2021,False,2026-06-17,low,"type (zonation=gradient, score at hepatocyte)",data/raw/liver_spatial_2021.h5ad,scanpy.rank_genes_groups[wilcoxon]+autozyme,120,human_nonimmune,223,Hepatic macrophage,subtype_resolution,
liver_spatial_2021__centrilobular_region_hepatocyte,liver_spatial_2021,liver,human,Centrilobular hepatocyte,Hepatocyte,medium,subtype_resolution,hepatocyte/hepatic/parenchymal;centrilobular/pericentral/central,1,"ADH1B, AOX1, ACSM2A, ACSM2B, SULT2A1, TDO2, ABCB4, CYP2C9, ARG1, DMGDH, EHHADH, SLCO1B3-SLCO1B7, FMO3, CPS1, CFH, CYB5A, CYP4F3, SCP2, BHMT2, GLYAT, ASGR1, ABCC2, RGN, ECHDC2, HAO1, PTGR1, AR, ADH4, BHMT, AGMO, A1CF, PCSK6, HGD, TPRG1, HSD17B6, CP, GHR, CYP3A4, C5, CYP2E1, IL1RAP, LINC02027, ADRA1A, CLMN, PFKFB1, ABCB11, COBLL1, GPC6, PLG, MIR122HG","CELLxGENE Census 2025-11-08 (Healthy human liver integrated, Hep Comm 2021)",10.1002/hep4.1854,spatial_rna,spatial_anatomical,snRNA+scRNA+Visium spatial; hepatocyte zonation spatially validated,Hep Commun 2021 cholangiocyte/mesenchymal,2021,2021,False,2026-06-17,low,"type (zonation=gradient, score at hepatocyte)",data/raw/liver_spatial_2021.h5ad,scanpy.rank_genes_groups[wilcoxon]+autozyme,120,human_nonimmune,224,Hepatocyte,subtype_resolution,
liver_spatial_2021__hepatic_stellate_cell,liver_spatial_2021,liver,human,Hepatic stellate cell,Stromal,medium,subtype_resolution,stellate/Ito cell/hepatic stellate/HSC/perisinusoidal,1,"CALD1, PTH1R, IGFBP7, CRISPLD2, GRK5, ADAMTS13, ZFPM2, LAMA2, ADAMTSL2, PDLIM5, ITGA1, PRKG1, NID1, RBPMS, COL4A2, PCDH9, ARHGAP10, ADAMTS2, COL6A1, CCBE1, RBMS3, HGF, DMD, CACNA2D1, COL6A2, RIPOR3, VIPR1, SORBS1, ENSG00000232855, COL3A1, QSOX1, PAG1, ACTN1, SYNPO2, LAMB1, PDE3A, MEG3, MSRB3, COL6A3, SOX5, ADAMTS12, NEURL1B, DCN, ANK3, SAMD4A, ADAMTS9, SVEP1, COL1A1, VCL, NXN","CELLxGENE Census 2025-11-08 (Healthy human liver integrated, Hep Comm 2021)",10.1002/hep4.1854,spatial_rna,spatial_anatomical,snRNA+scRNA+Visium spatial; hepatocyte zonation spatially validated,Hep Commun 2021 cholangiocyte/mesenchymal,2021,2021,False,2026-06-17,low,"type (zonation=gradient, score at hepatocyte)",data/raw/liver_spatial_2021.h5ad,scanpy.rank_genes_groups[wilcoxon]+autozyme,120,human_nonimmune,225,Stromal,subtype_resolution,
liver_spatial_2021__cholangiocyte,liver_spatial_2021,liver,human,Cholangiocyte,Cholangiocyte,medium,canonical_lineage,cholangiocyte/biliary epithelial/bile duct/ductal epithelial,1,"ANXA4, BICC1, FGFR2, PKHD1, CTNND2, RALYL, HOMER2, DCDC2, SLC17A4, THSD4, GLIS3, PDGFD, MAGI1, WNK2, LINC02532, FRAS1, SOX6, NEDD4L, SLC5A1, ITGB8, NFIB, ANK3, GRHL2, PTPRK, DPP10, BCL2, LINC01320, MAPK10, SORBS2, SH3YL1, ESRRG, PATJ, PARD3B, FARP1, C4orf19, PTPRD, MAML2, CHST9, EFNA5, RHEX, NEBL, PLEKHA5, EPB41L4A, SPATS2L, PDGFC, KCNJ16, ONECUT1, TM4SF4, DSCAML1, SYNE2","CELLxGENE Census 2025-11-08 (Healthy human liver integrated, Hep Comm 2021)",10.1002/hep4.1854,spatial_rna,spatial_anatomical,snRNA+scRNA+Visium spatial; hepatocyte zonation spatially validated,Hep Commun 2021 cholangiocyte/mesenchymal,2021,2021,False,2026-06-17,low,"type (zonation=gradient, score at hepatocyte)",data/raw/liver_spatial_2021.h5ad,scanpy.rank_genes_groups[wilcoxon]+autozyme,120,human_nonimmune,226,Cholangiocyte,canonical_lineage,
intestine_ts_2022__paneth_cell_of_epithelium_of_small_intestine,intestine_ts_2022,small intestine,human,Paneth cell,Intestinal epithelial,hard,rare_or_state,Paneth/defensin/lysozyme/antimicrobial,1,"PIGR, CES2, EEF1A1, AKR1C3, ATP5MC3, GSTA1, AKR1B10, TXN, ADH1C, CMBL, UQCRH, ATP5F1A, PEBP1, ATP5PO, COX4I1, TPT1, CALM1, EEF2, NDUFA4, SLC25A5, MGST3, EEF1B2, EIF3K, CBR1, ACTB, RACK1, GAPDH, TSPAN8, SLC25A3, COX5A, PPIA, ATP5F1B, APRT, EPCAM, SUCLG1, BTF3, HADHA, COX5B, COX7C, FBP1, CHCHD10, GSTP1, NACA, UQCRFS1, PRDX1, PSME2, PCK1, P4HB, SFN, ATP5MC1","CELLxGENE Census 2025-11-08 (Tabula Sapiens Small Intestine, Science 2022)",10.1126/science.abl4896,consensus_transcriptomic,cross_study_consensus,Tabula Sapiens multi-donor expert-curated; only census source with Paneth >=100,Science 2022 Tabula Sapiens,2022,2022,False,2026-06-17,medium,type,data/raw/intestine_ts_2022.h5ad,scanpy.rank_genes_groups[wilcoxon]+autozyme,150,human_nonimmune,227,Intestinal epithelial,rare_or_state,
intestine_ts_2022__enteroglial_cell,intestine_ts_2022,small intestine,human,Enteric glial cell,Glial,hard,rare_or_state,enteric glia/enteric glial/S100B/PLP1/SOX10,1,"VIM, LGALS1, SPARCL1, CDH19, SCN7A, CRYAB, IGFBP7, LGI4, TIMP3, CLIC4, SPP1, NRXN1, QKI, CLU, SPARC, NRXN3, GPM6B, S100B, CD9, SAMHD1, PLP1, IFITM3, ANK2, CHL1, PMEPA1, ABCA8, NCAM1, CALD1, GAS7, GPR155, SLC35F1, NEGR1, KCNMB4, SERPING1, CADM2, RASSF4, DLC1, NCAM2, PRNP, STARD13, CD81, XKR4, SORCS1, MARCKS, ADGRB3, CADM1, CALM2, BCL2, PMP22, EPB41L2","CELLxGENE Census 2025-11-08 (Tabula Sapiens Small Intestine, Science 2022)",10.1126/science.abl4896,consensus_transcriptomic,cross_study_consensus,Tabula Sapiens multi-donor expert-curated; only census source with Paneth >=100,Science 2022 Tabula Sapiens,2022,2022,False,2026-06-17,medium,type,data/raw/intestine_ts_2022.h5ad,scanpy.rank_genes_groups[wilcoxon]+autozyme,142,human_nonimmune,228,Glial,rare_or_state,
intestine_ts_2022__intestinal_tuft_cell,intestine_ts_2022,small intestine,human,Tuft cell,Intestinal epithelial,hard,rare_or_state,tuft/brush cell/POU2F3/DCLK1/chemosensory,1,"IRAG2, SH2D6, TRPM5, FYB1, HCK, ITPR2, POU2F3, PSTPIP2, ITPRID1, BMX, ZFHX3, CCSER1, ALOX5, TRHDE, LINC01091, GRK5, ST18, IL13RA1, PTGS1, GNAT3, PTPN18, RUNX1, RGS13, TLE4, HPGDS, PIK3CG, IL17RB, PDE4D, PTPRJ, TANC2, MATK, ST6GALNAC3, ATP2A3, LINC01170, AVIL, CCDC14, MYO1B, LIMD1, SPTLC2, TPM1, SH2D7, PLCG2, KIT, CARMIL1, GRIN2B, DCLK2, AZGP1, RASSF6, ENSG00000285579, PTPRT","CELLxGENE Census 2025-11-08 (Tabula Sapiens Small Intestine, Science 2022)",10.1126/science.abl4896,consensus_transcriptomic,cross_study_consensus,Tabula Sapiens multi-donor expert-curated; only census source with Paneth >=100,Science 2022 Tabula Sapiens,2022,2022,False,2026-06-17,medium,type,data/raw/intestine_ts_2022.h5ad,scanpy.rank_genes_groups[wilcoxon]+autozyme,150,human_nonimmune,229,Intestinal epithelial,rare_or_state,
intestine_ts_2022__small_intestine_goblet_cell,intestine_ts_2022,small intestine,human,Goblet cell,Intestinal epithelial,medium,canonical_lineage,goblet/mucus-secreting/MUC2,1,"FCGBP, FER1L6, MUC2, TFF3, SPINK4, CLCA1, BCAS1, RASEF, STXBP5-AS1, MLPH, SYTL2, ZG16, ERN2, CRACR2A, KCNMA1, GMDS, PTPRN2, REG4, SCNN1A, FRYL, CAPN8, SIDT1, NXPE1, RRBP1, GALNT5, REP15, MYRIP, ST6GALNAC1, UNC13B, CAPN9, SPDEF, ANO7, PLCB4, SLC12A8, TACC1, NPDC1, SLC2A13, CDC42EP5, RAP1GAP, MYO5C, GALNT8, KLHL32, GNA14, MBOAT2, NEDD4L, CEACAM5, IFI27, HPCAL1, ATP2C2, PRUNE2","CELLxGENE Census 2025-11-08 (Tabula Sapiens Small Intestine, Science 2022)",10.1126/science.abl4896,consensus_transcriptomic,cross_study_consensus,Tabula Sapiens multi-donor expert-curated; only census source with Paneth >=100,Science 2022 Tabula Sapiens,2022,2022,False,2026-06-17,medium,type,data/raw/intestine_ts_2022.h5ad,scanpy.rank_genes_groups[wilcoxon]+autozyme,150,human_nonimmune,230,Intestinal epithelial,canonical_lineage,
intestine_ts_2022__enteroendocrine_cell_of_small_intestine,intestine_ts_2022,small intestine,human,Enteroendocrine cell,Intestinal epithelial,hard,rare_or_state,enteroendocrine/EEC/CHGA/CHGB/hormone-secreting,1,"CACNA1A, RIMS2, RIMBP2, STXBP5L, CADPS, PCSK1N, CACNA1C, KCNB2, CHGA, CACNB2, ARFGEF3, CHGB, SCGN, PAM, MS4A8, SDK1, LINC00907, PCLO, RGS7, CPE, SNAP25, NEUROD1, PTPRN2, CACNA2D1, TOX, SCT, RFX6, RAP1GAP2, KCNJ6, NFASC, NBEA, RTN1, SCG2, ADCY2, GNG4, MBOAT2, MIR7-3HG, PCSK1, TTR, CRYBA2, RFX3, RAPGEF4, SCG3, GNAO1, VWA5B2, SETBP1, CDHR3, SYT7, ELL2, SLC8A1","CELLxGENE Census 2025-11-08 (Tabula Sapiens Small Intestine, Science 2022)",10.1126/science.abl4896,consensus_transcriptomic,cross_study_consensus,Tabula Sapiens multi-donor expert-curated; only census source with Paneth >=100,Science 2022 Tabula Sapiens,2022,2022,False,2026-06-17,medium,type,data/raw/intestine_ts_2022.h5ad,scanpy.rank_genes_groups[wilcoxon]+autozyme,150,human_nonimmune,231,Intestinal epithelial,rare_or_state,
intestine_ts_2022__intestinal_crypt_stem_cell_of_small_intestine,intestine_ts_2022,small intestine,human,Intestinal stem cell,Intestinal epithelial,hard,rare_or_state,stem/crypt base columnar/CBC/LGR5/OLFM4/progenitor,1,"REG1A, OLFM4, SNHG29, SLC12A2, PIGR, NPM1, DMBT1, CCL25, EEF1B2, EEF1A1, RACK1, ASCL2, NACA, EPHB2, HNRNPA1, GAS5, GPX2, RAMP1, AGR2, PPP1R1B, HMGA1, ADH1C, MLEC, ARID5B, SOX9, IMPDH2, TXN, CDCA7, C1QBP, NOP53, CCND2, SPINK1, HSPD1, BTF3, KRT18, TOMM20, PTMA, EIF3E, LSM7, NRARP, PABPC1, FERMT1, PHB2, UQCRH, FBL, HSPE1, UBA52, CDK6, EEF2, GAPDH","CELLxGENE Census 2025-11-08 (Tabula Sapiens Small Intestine, Science 2022)",10.1126/science.abl4896,consensus_transcriptomic,cross_study_consensus,Tabula Sapiens multi-donor expert-curated; only census source with Paneth >=100,Science 2022 Tabula Sapiens,2022,2022,False,2026-06-17,medium,type,data/raw/intestine_ts_2022.h5ad,scanpy.rank_genes_groups[wilcoxon]+autozyme,150,human_nonimmune,232,Intestinal epithelial,rare_or_state,
intestine_ts_2022__BEST4_enterocyte,intestine_ts_2022,small intestine,human,BEST4+ enterocyte,Intestinal epithelial,hard,rare_or_state,BEST4 enterocyte/BEST4 OTOP2/CFTR-high enterocyte;enterocyte,1,"CFTR, LYZ, CTSE, BEST4, GOLM1, MEIS1, MBOAT1, HSPB1, HES4, DNM2, ACER2, XYLT1, MCTP2, CCNYL1, CD24, RAB27B, PLCE1, CHRM3, GMNN, TMPRSS4, FA2H, SHROOM3, ABCC3, HES1, LAMA3, CYSTM1, NBPF14, MEIS2, B4GALNT3, SPIB, CA7, BCAS1, EXD3, ATRN, FAM13A, ITPKC, KRT72, ETNK1, NOTCH2, GALNT6, OCLN, MECOM, BLVRB, SQSTM1, CPA2, TCF7L2, PPARG, SULF2, PARD3B, HPGD","CELLxGENE Census 2025-11-08 (Tabula Sapiens Small Intestine, Science 2022)",10.1126/science.abl4896,consensus_transcriptomic,cross_study_consensus,Tabula Sapiens multi-donor expert-curated; only census source with Paneth >=100,Science 2022 Tabula Sapiens,2022,2022,False,2026-06-17,medium,type,data/raw/intestine_ts_2022.h5ad,scanpy.rank_genes_groups[wilcoxon]+autozyme,150,human_nonimmune,233,Intestinal epithelial,rare_or_state,
intestine_ts_2022__enterocyte_of_epithelium_proper_of_ileum,intestine_ts_2022,small intestine,human,Ileal enterocyte,Intestinal epithelial,medium,subtype_resolution,enterocyte/absorptive/columnar epithelial;ileum/ileal/distal,1,"FABP6, TMIGD1, SELENOP, NR1H4, DPEP1, SLC7A9, DAB1, GUCA2A, SLC5A1, ENPEP, PDE3A, ALDOB, APOC3, ABCB1, MGAM, SLC10A2, CUBN, SLC5A12, CPO, ACE, NEDD4, SLC13A1, ATP1A1, HHLA2, SERPINA1, EXOC6B, PRAP1, SCIN, APOB, DHRS7, MEP1A, LGALS2, PHGR1, PLB1, FAM151A, SLC1A1, KIFC3, PCSK5, SLC51B, PTPRD, CDHR5, MME, ANPEP, MAF, AMN, CYBRD1, SLC15A1, NAALADL1, BTNL3, KHK","CELLxGENE Census 2025-11-08 (Tabula Sapiens Small Intestine, Science 2022)",10.1126/science.abl4896,consensus_transcriptomic,cross_study_consensus,Tabula Sapiens multi-donor expert-curated; only census source with Paneth >=100,Science 2022 Tabula Sapiens,2022,2022,False,2026-06-17,medium,type,data/raw/intestine_ts_2022.h5ad,scanpy.rank_genes_groups[wilcoxon]+autozyme,150,human_nonimmune,234,Intestinal epithelial,subtype_resolution,
intestine_ts_2022__enterocyte_of_epithelium_proper_of_duodenum,intestine_ts_2022,small intestine,human,Duodenal enterocyte,Intestinal epithelial,medium,subtype_resolution,enterocyte/absorptive/columnar epithelial;duodenum/duodenal/proximal,1,"TMPRSS15, SLC15A1, LCT, SLC6A19, MME, FABP1, SLC4A7, RBP2, THSD4, SLC13A2, POR, APOA4, PTGR1, FOLH1, APOA1, PCSK5, ALPI, GDA, SLC4A4, SLC46A1, APOB, SLC5A1, CREB3L3, SLC30A10, CDHR2, ACSL5, DGAT1, SLC26A3, CYP3A4, CYP3A5, CDHR5, SCARB1, FGD4, ESRRG, ANPEP, DAB1, C11orf86, DGKA, CIDEC, TNIK, VNN1, PCK1, LPIN2, MIA2, ALDOB, SLC2A5, KCNK5, GATA4, SLC41A2, SMIM24","CELLxGENE Census 2025-11-08 (Tabula Sapiens Small Intestine, Science 2022)",10.1126/science.abl4896,consensus_transcriptomic,cross_study_consensus,Tabula Sapiens multi-donor expert-curated; only census source with Paneth >=100,Science 2022 Tabula Sapiens,2022,2022,False,2026-06-17,medium,type,data/raw/intestine_ts_2022.h5ad,scanpy.rank_genes_groups[wilcoxon]+autozyme,150,human_nonimmune,235,Intestinal epithelial,subtype_resolution,
intestine_human_spatial__intestine_goblet_cell,intestine_human_spatial,intestine,human,Goblet cell,Intestinal epithelial,medium,subtype_resolution,goblet/mucus-secreting/MUC2/secretory,1,"IGHA1, OLFM4, ATP2A3, CDHR1, GPX2, AGR2, IGKC, CLCA1, SELENBP1, ST6GALNAC1, ITLN1, MUC5B, MUC4, DDX5, SNHG25, SPINK1, HNRNPH1, EEF1A1, HNRNPA2B1, CD24, PTMA, JCHAIN, TMEM259, PABPC1, ACADVL, TRPM4, SPG7, IGLC2, ARGLU1, STARD10, NDUFV1, CRACR2B, CDK5RAP3, TMSB10, HMGN2, UBA52, WNK2, ATP5MC1, MUC1, NDUFA10, ENTPD6, UQCRQ, ABR, LEFTY1, PPIA, ZFP36L2, PRAC1, NR4A1, EEF2, SRRM2",CELLxGENE Discover (spatial; excluded from Census API),9dfd2243-74d6-4924-86bd-c206ca9287b1,visium_spatial_spot,spatial_anatomical,"Healthy adult human colon Visium spots (66yo, disease=normal); gut epithelial/enteric labels from the study's paired scRNA reference mapped onto crypt-villus spatial architecture.",Fawkner-Corbett et al. 2021 Cell DOI:10.1016/j.cell.2020.12.016 (ST_CRC github; Zenodo 7760264),2021-01-21,,False,2026-06-17,low,lineage_or_subtype,data/raw/intestine_human_spatial.h5ad,scanpy.rank_genes_groups[wilcoxon]+autozyme,316,human_nonimmune,236,Intestinal epithelial,subtype_resolution,
intestine_human_spatial__enterocyte,intestine_human_spatial,intestine,human,Enterocyte (colonocyte),Intestinal epithelial,easy,canonical_lineage,enterocyte/colonocyte/absorptive/intestinal epithelial/epithelial,1,"GUCA2A, TSPAN1, CKB, FABP1, CEACAM1, CEACAM5, CEACAM7, SLC26A3, TFF1, LGALS3, LYPD8, KRT20, MUC12, TMSB4X, S100A10, PRDX6, CEACAM6, ATP1A1, IFI27, SELENOP, KRT8, MALL, GSN, CA4, MS4A12, SLC26A2, CLCA4, FXYD3, B2M, SDCBP2, PHGR1, NDRG1, MUC13, CD177, MYL12B, TSPAN8, SCNN1B, AQP8, PLAC8, SLC6A8, ATP1B3, HIGD1A, HLA-C, HLA-A, ITM2C, PLS1, CDKN1A, CDKN2B-AS1, TSPAN3, EMP1",CELLxGENE Discover (spatial; excluded from Census API),9dfd2243-74d6-4924-86bd-c206ca9287b1,visium_spatial_spot,spatial_anatomical,"Healthy adult human colon Visium spots (66yo, disease=normal); gut epithelial/enteric labels from the study's paired scRNA reference mapped onto crypt-villus spatial architecture.",Fawkner-Corbett et al. 2021 Cell DOI:10.1016/j.cell.2020.12.016 (ST_CRC github; Zenodo 7760264),2021-01-21,,False,2026-06-17,low,lineage_or_subtype,data/raw/intestine_human_spatial.h5ad,scanpy.rank_genes_groups[wilcoxon]+autozyme,445,human_nonimmune,237,Intestinal epithelial,canonical_lineage,
intestine_human_spatial__enteric_smooth_muscle_cell,intestine_human_spatial,intestine,human,Enteric smooth muscle cell,Stromal,medium,subtype_resolution,smooth muscle/muscularis/visceral muscle/ACTA2/MYH11/DES,1,"TAGLN, MYL9, FLNA, DES, TPM2, ACTG2, SELENOM, CSRP1, MYH11, ACTA2, LGALS1, COL6A2, AEBP1, MYL6, CNN1, FAU, EMILIN1, NBL1, CLU, FLNC, LMOD1, CD81, IGFBP7, ITGA5, CALD1, SMTN, IFITM3, RARRES2, A2M, HSPB1, LIMS2, PTMS, FN1, PDLIM7, TGFB1I1, HSPG2, C11orf96, NOP53, COL6A1, SYNPO2, IGFBP4, COL4A2, VIM, MYLK, FBLN1, CAVIN1, TCEAL4, SERF2, PPP1R14A, GSTP1",CELLxGENE Discover (spatial; excluded from Census API),9dfd2243-74d6-4924-86bd-c206ca9287b1,visium_spatial_spot,spatial_anatomical,"Healthy adult human colon Visium spots (66yo, disease=normal); gut epithelial/enteric labels from the study's paired scRNA reference mapped onto crypt-villus spatial architecture.",Fawkner-Corbett et al. 2021 Cell DOI:10.1016/j.cell.2020.12.016 (ST_CRC github; Zenodo 7760264),2021-01-21,,False,2026-06-17,low,lineage_or_subtype,data/raw/intestine_human_spatial.h5ad,scanpy.rank_genes_groups[wilcoxon]+autozyme,199,human_nonimmune,238,Stromal,subtype_resolution,
intestine_human_spatial__transit_amplifying_cell_of_small_intestine,intestine_human_spatial,intestine,human,Transit-amplifying cell,Intestinal epithelial,hard,rare_or_state,transit amplifying/transit-amplifying/TA cell/progenitor/proliferating/cycling,1,"TMSB10, EEF1A1, PPIA, ITLN1, OLFM4, LEFTY1, HNRNPA2B1, PRAC1, SPINK1, AGR2, CLCA1, ADH1C, HMGN2, NACA, PTMA, RACK1, ST6GALNAC1, COX7C, HNRNPA1, UQCRH, MLEC, H2AZ1, MUC5B, SNHG8, MGST1, TUBA1B, TXN, EEF1B2, B3GNT7, GPX2, NPM1, ATP5MG, STMN1, NXPE4, TUFM, ATP5IF1, ATP5F1A, UBA52, HSPE1, NDUFV1, PABPC1, EIF3L, ATP5F1E, UQCRB, ATP5ME, HMGN1, HSPD1, NDUFS5, STARD10, HNRNPA3",CELLxGENE Discover (spatial; excluded from Census API),9dfd2243-74d6-4924-86bd-c206ca9287b1,visium_spatial_spot,spatial_anatomical,"Healthy adult human colon Visium spots (66yo, disease=normal); gut epithelial/enteric labels from the study's paired scRNA reference mapped onto crypt-villus spatial architecture.",Fawkner-Corbett et al. 2021 Cell DOI:10.1016/j.cell.2020.12.016 (ST_CRC github; Zenodo 7760264),2021-01-21,,False,2026-06-17,low,lineage_or_subtype,data/raw/intestine_human_spatial.h5ad,scanpy.rank_genes_groups[wilcoxon]+autozyme,246,human_nonimmune,239,Intestinal epithelial,rare_or_state,
pancreas_islet_multiome_2022__pancreatic_D_cell,pancreas_islet_multiome_2022,pancreas,human,Delta cell,Pancreatic endocrine,hard,subtype_resolution,delta cell/D cell/somatostatin/SST;islet,1,"SST, RBP4, SEC11C, LY6H, GAD2, HHEX, CADM1, PTPRN, PCP4, PKIB, UCHL1, SCGN, NLRP1, ISL1, LEPR, PCSK1, GABRB3, PLD3, HADH, TPD52, SORL1, PRSS23, DUSP26, FKBP2, CEP15, BEX1, SVIP, SSR4, GPX4, MDK, PPP1R1A, MIR7-3HG, SCG3, CHGB, ERO1B, PCSK1N, SCG5, P4HTM, CADPS, NSG1, TUSC3, PRXL2A, TCEAL2, PCSK2, HOOK2, BEX2, SHISAL2B, ARFGEF3, GPX3, KIF1A","CELLxGENE Census 2025-11-08 (Islet multiomics, Nat Metab 2022)",10.1038/s42255-022-00531-x,multiome_atac,orthogonal_molecular,same-cell RNA+ATAC multiome; ATAC backs islet endocrine calls; normal subset only,Nat Metab 2022 islet multiomics,2022,2022,False,2026-06-17,low,type,data/raw/pancreas_islet_multiome_2022.h5ad,scanpy.rank_genes_groups[wilcoxon]+autozyme,150,human_nonimmune,240,Pancreatic endocrine,subtype_resolution,
pancreas_islet_multiome_2022__type_B_pancreatic_cell,pancreas_islet_multiome_2022,pancreas,human,Beta cell,Pancreatic endocrine,hard,subtype_resolution,beta cell/B cell/insulin/INS;islet,1,"INS, ADCYAP1, IAPP, HADH, C1QL1, PPP1R1A, UCHL1, GAD2, PARVB, ERO1B, PKIB, EEF1A2, MEG3, SCGN, TSPAN13, NPTX2, SLC30A8, SAMD11, MAFA, STMN2, ABCC8, SHISAL2B, SMIM29, MIR7-3HG, H2AC25, FAM200B, PCSK1, PCP4, G6PC2, WNT4, OLFM1, STX1A, SELENOW, NKX6-1, SNRPN, HOPX, PFN2, MIR200CHG, FXYD2, PRMT2, KCNK16, TMEM141, TPPP3, RBP4, COX17, GNG4, NUPR2, SYT13, PIGP, PEMT","CELLxGENE Census 2025-11-08 (Islet multiomics, Nat Metab 2022)",10.1038/s42255-022-00531-x,multiome_atac,orthogonal_molecular,same-cell RNA+ATAC multiome; ATAC backs islet endocrine calls; normal subset only,Nat Metab 2022 islet multiomics,2022,2022,False,2026-06-17,low,type,data/raw/pancreas_islet_multiome_2022.h5ad,scanpy.rank_genes_groups[wilcoxon]+autozyme,150,human_nonimmune,241,Pancreatic endocrine,subtype_resolution,
pancreas_islet_multiome_2022__pancreatic_A_cell,pancreas_islet_multiome_2022,pancreas,human,Alpha cell,Pancreatic endocrine,hard,subtype_resolution,alpha cell/A cell/glucagon/GCG;islet,1,"TTR, GCG, CHGA, GC, VGF, CD99, PCSK2, F10, CLU, TMEM176B, CRYBA2, SCG5, IRX2-DT, TMEM176A, HLA-A, GPX3, ATP5F1E, COX8A, CHGB, EMC10, IRX2, FKBP2, SMIM24, FABP5, SCG2, ELAPOR1, SPINT2, PCDH17, B2M, SCGB2A1, ERP29, PLIN3, SCG3, TM4SF4, CYSTM1, BSG, ALDH1A1, GAPDH, GRN, FXYD3, SLC22A17, FXYD5, SLC7A2, GNAS, SSR4, QPCT, PCSK1N, PAM, CPE, OAZ1","CELLxGENE Census 2025-11-08 (Islet multiomics, Nat Metab 2022)",10.1038/s42255-022-00531-x,multiome_atac,orthogonal_molecular,same-cell RNA+ATAC multiome; ATAC backs islet endocrine calls; normal subset only,Nat Metab 2022 islet multiomics,2022,2022,False,2026-06-17,low,type,data/raw/pancreas_islet_multiome_2022.h5ad,scanpy.rank_genes_groups[wilcoxon]+autozyme,150,human_nonimmune,242,Pancreatic endocrine,subtype_resolution,
pancreas_islet_multiome_2022__pancreatic_stellate_cell,pancreas_islet_multiome_2022,pancreas,human,Pancreatic stellate cell,Stromal,medium,subtype_resolution,stellate/PSC/pancreatic stellate/mesenchymal/quiescent stellate,1,"VIM, LGALS1, COL6A2, IGFBP7, MGP, SPARC, IGFBP4, LUM, IFITM3, COL6A1, COL1A2, SERPINF1, SELENOM, COL4A2, COL1A1, DCN, C11orf96, TIMP1, TIMP3, COL6A3, FBLN1, LDHB, C1R, CALD1, C1S, BGN, MFGE8, COL4A1, C7, MMP2, COL3A1, GSTO1, DAB2, NACA, LGALS3, TMSB4X, TPM2, APOD, EMP3, LDHA, TMSB10, SERPING1, SPARCL1, ANXA5, NUPR1, PRRX1, S100A11, ANXA1, GNG11, SMIM3","CELLxGENE Census 2025-11-08 (Islet multiomics, Nat Metab 2022)",10.1038/s42255-022-00531-x,multiome_atac,orthogonal_molecular,same-cell RNA+ATAC multiome; ATAC backs islet endocrine calls; normal subset only,Nat Metab 2022 islet multiomics,2022,2022,False,2026-06-17,low,type,data/raw/pancreas_islet_multiome_2022.h5ad,scanpy.rank_genes_groups[wilcoxon]+autozyme,150,human_nonimmune,243,Stromal,subtype_resolution,
pancreas_islet_multiome_2022__PP_cell,pancreas_islet_multiome_2022,pancreas,human,PP cell (gamma),Pancreatic endocrine,hard,rare_or_state,PP cell/gamma cell/pancreatic polypeptide/PPY;islet,1,"PPY, SCGB2A1, PCSK1N, CHGB, MAP1B, SCG2, IDS, APLP1, NPW, CALY, CPE, NLRP1, SEZ6L2, MEIS2, SNHG19, EMC10, NBL1, SYT4, CACNA1A, PCSK2, QPCT, PEG10, IFI6, PAM, PAX6, PAK3, SCG5, ZBTB20, CIRBP, RCAN3, SCG3, TFF3, BCAM, PTPRN, ITM2C, NPDC1, ILF3-DT, ATP6AP1, PLD3, NICOL1, PTPRN2, RAB3B, CBX6, DST, ELL2, SYP, SAMD5, C1QTNF4, ETV1, PCDH17","CELLxGENE Census 2025-11-08 (Islet multiomics, Nat Metab 2022)",10.1038/s42255-022-00531-x,multiome_atac,orthogonal_molecular,same-cell RNA+ATAC multiome; ATAC backs islet endocrine calls; normal subset only,Nat Metab 2022 islet multiomics,2022,2022,False,2026-06-17,low,type,data/raw/pancreas_islet_multiome_2022.h5ad,scanpy.rank_genes_groups[wilcoxon]+autozyme,150,human_nonimmune,244,Pancreatic endocrine,rare_or_state,
pancreas_islet_multiome_2022__pancreatic_acinar_cell,pancreas_islet_multiome_2022,pancreas,human,Acinar cell,Pancreatic epithelial,easy,canonical_lineage,acinar/exocrine/zymogen/PRSS1/CPA1/digestive enzyme,1,"CPA2, PRSS1, PLA2G1B, CELA3A, PRSS2, CTRB2, CELA3B, REG1A, CTRB1, CTRC, SPINK1, CPB1, PNLIPRP1, CLPS, PRSS3, KLK1, CPA1, REG1B, SYCN, CEL, CUZD1, GP2, PNLIP, REG3G, PDIA2, RNASE1, CTRL, P4HB, ALB, CD24, CELA2A, SERPINI2, AMY2A, AZGP1, ANPEP, EEF1B2, CELA2B, IL32, GATM, MGST1, PABPC4, RARRES2, IMPA2, TACSTD2, FAM3B, DPEP1, SERPINB1, PAIP2B, YBX3, NOP53","CELLxGENE Census 2025-11-08 (Islet multiomics, Nat Metab 2022)",10.1038/s42255-022-00531-x,multiome_atac,orthogonal_molecular,same-cell RNA+ATAC multiome; ATAC backs islet endocrine calls; normal subset only,Nat Metab 2022 islet multiomics,2022,2022,False,2026-06-17,low,type,data/raw/pancreas_islet_multiome_2022.h5ad,scanpy.rank_genes_groups[wilcoxon]+autozyme,150,human_nonimmune,245,Pancreatic epithelial,canonical_lineage,
pancreas_islet_multiome_2022__pancreatic_ductal_cell,pancreas_islet_multiome_2022,pancreas,human,Pancreatic ductal cell,Pancreatic epithelial,medium,subtype_resolution,ductal;pancreatic/pancreas,1,"CD44, TACSTD2, S100A10, KRT8, ANXA2, TM4SF1, MMP7, KRT18, SAT1, TFPI2, KRT19, GSTP1, S100A11, MYL12B, TMSB10, CLDN4, TNFRSF12A, CD24, IER2, CLDN1, PLPP2, CAV2, DEFB1, NDUFA4, ELF3, MYL12A, QSOX1, S100A13, KRT7, TMSB4X, LGALS3, CD59, SPP1, S100A16, H3-3A, WFDC2, ANXA4, AMBP, CD9, EPCAM, YBX3, HLA-B, CYBA, CLDN10, MYL6, HLA-C, CTSH, SOD3, AFDN, ATP1B1","CELLxGENE Census 2025-11-08 (Islet multiomics, Nat Metab 2022)",10.1038/s42255-022-00531-x,multiome_atac,orthogonal_molecular,same-cell RNA+ATAC multiome; ATAC backs islet endocrine calls; normal subset only,Nat Metab 2022 islet multiomics,2022,2022,False,2026-06-17,low,type,data/raw/pancreas_islet_multiome_2022.h5ad,scanpy.rank_genes_groups[wilcoxon]+autozyme,150,human_nonimmune,246,Pancreatic epithelial,subtype_resolution,
pancreas_islet_multiome_2022__pancreatic_epsilon_cell,pancreas_islet_multiome_2022,pancreas,human,Epsilon cell,Pancreatic endocrine,hard,rare_or_state,epsilon cell/ghrelin/GHRL;islet,1,"GHRL, TTR, PCSK1N, CLU, GCG, CPE, CHGB, SCG5, ASGR1, INS, REG1A, APOH, CHGA, VSTM2L, SERPINA1, ACSL1, GC, VAMP2, SST, REG1B, PHGR1, HLA-A, MT1G, LY6H, FRZB, SSR4, GNAS, BEX1, TM4SF5, SNHG9, B2M, SPINK1, IDS, TMEM86B, TMEM45B, VTN, F10, SPTSSB, UBC, CDHR5, PROC, TM4SF4, ACOT7, ICA1L, DDX5, FXYD3, TFF3, ARX, MT1E, VGF","CELLxGENE Census 2025-11-08 (Islet multiomics, Nat Metab 2022)",10.1038/s42255-022-00531-x,multiome_atac,orthogonal_molecular,same-cell RNA+ATAC multiome; ATAC backs islet endocrine calls; normal subset only,Nat Metab 2022 islet multiomics,2022,2022,False,2026-06-17,low,type,data/raw/pancreas_islet_multiome_2022.h5ad,scanpy.rank_genes_groups[wilcoxon]+autozyme,150,human_nonimmune,247,Pancreatic endocrine,rare_or_state,
retina_fetal_multiome_2024__glycinergic_amacrine_cell,retina_fetal_multiome_2024,eye,human,Glycinergic amacrine cell,Retinal neural,hard,rare_or_state,glycinergic;amacrine,2,"ZNF804A, CACNA2D3, DAB1, GRIK2, TCF4, NRXN1, SLC24A3, PTPRT, CELF4, TMTC2, KLF12, CDH18, PHACTR1, FRMD5, ANKS1B, CALN1, KCNH7, PDE4D, KCNIP4, ZFPM2, RAB3C, KCNJ3, LUZP2, SEMA3A, CSMD1, GPC6, MIR9-2HG, NHS, MYT1L, ARHGAP44, PSD3, MIR181A1HG, GALNT13, EBF3, TNRC6C, KCNMB2, DLGAP1, PLCL2, ST6GALNAC3, SHISA6, HLF, CACNA1D, CNTN6, LRRC7, MGAT4C, NALF1, AFF3, GRM8, TMEM132D, SHANK2",CELLxGENE Census 2025-11-08,963a08cb-d995-4862-9614-f9d38a7d7540,multiome_atac,orthogonal_molecular,Developing retina dual-omic RNA plus ATAC; labels validated with developmental markers and overlaid on adult retina reference atlas.,Zuo et al. 2024 Nat Commun DOI:10.1038/s41467-024-50853-5,2024-08-09,2025-07-21,False,2026-06-17,medium,lineage_or_subtype,data/raw/retina_fetal_multiome_2024.h5ad,scanpy.rank_genes_groups[wilcoxon]+autozyme,100,human_nonimmune,248,Retinal neural,rare_or_state,
retina_fetal_multiome_2024__rod_bipolar_cell,retina_fetal_multiome_2024,eye,human,Rod bipolar cell,Retinal neural,hard,rare_or_state,rod bipolar;bipolar,1,"SAMD5, TRPM1, ENSG00000227681, SYNE1, GRM5, NETO1, MACROD2, DOK6, KHDRBS3, LRRC7, PRDM8, PRKCE, FRMD3, CADPS, LRRTM4, GRM6, MTUS2, VSX1, ZNF804B, GNAO1, KCNMA1, PGM5, GABRR2, ST18, DLG2, CCDC88A, NTNG1, ADGRL2, ANK3, FMN1, ENSG00000287976, CA10, SLC4A10, FSTL5, PRELID2, SAMSN1, SERPINI1, DSCAML1, SASH1, RIMS2, FAM135B, TMEM132D, ZFHX4, GRID1, MCC, AGAP1, ATP2B1, PTPRT, ISL1-DT, KCNH5",CELLxGENE Census 2025-11-08,963a08cb-d995-4862-9614-f9d38a7d7540,multiome_atac,orthogonal_molecular,Developing retina dual-omic RNA plus ATAC; labels validated with developmental markers and overlaid on adult retina reference atlas.,Zuo et al. 2024 Nat Commun DOI:10.1038/s41467-024-50853-5,2024-08-09,2025-07-21,False,2026-06-17,medium,lineage_or_subtype,data/raw/retina_fetal_multiome_2024.h5ad,scanpy.rank_genes_groups[wilcoxon]+autozyme,100,human_nonimmune,249,Retinal neural,rare_or_state,
retina_fetal_multiome_2024__retinal_bipolar_neuron,retina_fetal_multiome_2024,eye,human,Retinal bipolar neuron,Retinal neural,medium,subtype_resolution,bipolar;retina/retinal,1,"CA10, AGAP1, CRYBG3, ZNF385B, MAP7, EML4, CADM2, NLK, NRXN3, CADPS, PIK3R1, EPB41, OTX2, NYAP2, MACROD2, DSCAML1, SYT1, OTX2-AS1, MIR124-1HG, VSX2, SV2B, ZNF804B, IQCJ-SCHIP1, ITGB8, EPHA7, VSX1, SRRM4, LHX4, IGSF21, SLC1A2, NEUROD4, BTRC, NFIB, UNC13C, ENSG00000258776, PELI2, GABRA1, FMN1, GABRR3, AUTS2, FSTL5, SAMSN1, ST18, FYN, MBD5, RORA, CACNA2D1, CCNG2, ADCY2, DOK6",CELLxGENE Census 2025-11-08,963a08cb-d995-4862-9614-f9d38a7d7540,multiome_atac,orthogonal_molecular,Developing retina dual-omic RNA plus ATAC; labels validated with developmental markers and overlaid on adult retina reference atlas.,Zuo et al. 2024 Nat Commun DOI:10.1038/s41467-024-50853-5,2024-08-09,2025-07-21,False,2026-06-17,medium,lineage_or_subtype,data/raw/retina_fetal_multiome_2024.h5ad,scanpy.rank_genes_groups[wilcoxon]+autozyme,100,human_nonimmune,250,Retinal neural,subtype_resolution,
retina_fetal_multiome_2024__retinal_progenitor_cell,retina_fetal_multiome_2024,eye,human,Retinal progenitor cell,Retinal progenitor,medium,canonical_lineage,retinal progenitor/RPC/progenitor,1,"SORCS1, CRB1, ZHX2, LGR4, PIP5K1B, FOXP2, CLVS1, ILDR2, ARHGEF26, SHROOM3, PTPRK, PARD3B, PARD3, YAP1, GLI3, PMEPA1, MYB, MOB3B, NFIA, PCDH11X, AKT3, LINC01697, GULP1, GPM6A, SPON1, CDK6, RORB, MSI2, ELL2, COL4A2, GRB10, STON2, TCF7L2, ENSG00000231252, VIM, CCND1, LINC01515, MDK, PTPRZ1, CDH20, DKK3, DACH1, SFRP2, IGF1R, CUX2, FOXP1, FAM184B, PREX2, SMAD2, LINC00511",CELLxGENE Census 2025-11-08,963a08cb-d995-4862-9614-f9d38a7d7540,multiome_atac,orthogonal_molecular,Developing retina dual-omic RNA plus ATAC; labels validated with developmental markers and overlaid on adult retina reference atlas.,Zuo et al. 2024 Nat Commun DOI:10.1038/s41467-024-50853-5,2024-08-09,2025-07-21,False,2026-06-17,medium,lineage_or_subtype,data/raw/retina_fetal_multiome_2024.h5ad,scanpy.rank_genes_groups[wilcoxon]+autozyme,100,human_nonimmune,251,Retinal progenitor,canonical_lineage,
retina_fetal_multiome_2024__GABAergic_amacrine_cell,retina_fetal_multiome_2024,eye,human,GABAergic amacrine cell,Retinal neural,hard,rare_or_state,GABAergic;amacrine,2,"PDE3A, MIR181A1HG, MYT1L, ASIC2, GRM8, CACNA1D, PAUPAR, ZNF385D, TFAP2A, GRIA4, FRMD5, MDGA2, CELF4, GAD2, DOCK4, AFF3, ADGRL3, TFAP2B, TENM1, PDE4D, MEIS2, NRP1, PLCL1, SCN2A, ANKRD28, RBFOX2, DNM3, NRG3, KIRREL3, PDZD2, ARHGAP44, NHS, FTX, NBEA, SCN3A, KLHL5, PLPPR1, DCC, RYR3, RUNX1T1, ZFPM2, TMEM178B, FGF14, PDE7B, NEGR1, ATRNL1, DSCAM, RASGEF1B, LHFPL6, ENSG00000274265",CELLxGENE Census 2025-11-08,963a08cb-d995-4862-9614-f9d38a7d7540,multiome_atac,orthogonal_molecular,Developing retina dual-omic RNA plus ATAC; labels validated with developmental markers and overlaid on adult retina reference atlas.,Zuo et al. 2024 Nat Commun DOI:10.1038/s41467-024-50853-5,2024-08-09,2025-07-21,False,2026-06-17,medium,lineage_or_subtype,data/raw/retina_fetal_multiome_2024.h5ad,scanpy.rank_genes_groups[wilcoxon]+autozyme,100,human_nonimmune,252,Retinal neural,rare_or_state,
retina_fetal_multiome_2024__retina_horizontal_cell,retina_fetal_multiome_2024,eye,human,Retina horizontal cell,Retinal neural,medium,subtype_resolution,horizontal cell/retina horizontal,1,"ONECUT1, ONECUT2, CNTN4, TPM3, TANC1, ZEB2, MAGI1, NDST3, PCSK6, ROBO1, SYN3, NTRK2, PROX1, ONECUT3, NKAIN2, TFAP2B, RYR3, XKR4, KCNJ3, CACNG3, AFF3, PLXNA2, CSMD1, LINC03051, ENSG00000259203, THSD7A, DOCK10, SOX4, UTRN, ERC1, EFNA5, MEGF10, PTPRD, DOCK4, CASC15, ADARB2, TNR, STMN2, MEGF11, MEIS1, LSAMP, HECW1, GRIA4, KCNIP1, GRIA3, MAGI2, RUNX1T1, NALF1, MALT1, NHSL1",CELLxGENE Census 2025-11-08,963a08cb-d995-4862-9614-f9d38a7d7540,multiome_atac,orthogonal_molecular,Developing retina dual-omic RNA plus ATAC; labels validated with developmental markers and overlaid on adult retina reference atlas.,Zuo et al. 2024 Nat Commun DOI:10.1038/s41467-024-50853-5,2024-08-09,2025-07-21,False,2026-06-17,medium,lineage_or_subtype,data/raw/retina_fetal_multiome_2024.h5ad,scanpy.rank_genes_groups[wilcoxon]+autozyme,100,human_nonimmune,253,Retinal neural,subtype_resolution,
retina_fetal_multiome_2024__retinal_cone_cell,retina_fetal_multiome_2024,eye,human,Cone photoreceptor,Retinal neural,medium,subtype_resolution,cone/photoreceptor,1,"PRDM1, DCT, EYS, ADGRV1, PDE1C, EGFLAM, LARGE1, DYNC2H1, CERKL, TMEM108, THRB, CCDC60, WWC1, ROBO2, MARCHF1, MCC, GPC6, ATG5, ANKRD33B, IMPG2, AHI1, FMN1, AKAP13, ZNF83, PRKN, MPPED2, NEUROD1, RXRG, ENAH, ANO2, STRADB, MAML3, FAM161A, GALNT13, SGCD, TTN, CNTN1, FSTL5, PEX5L, AMER2, KCNT2, AGBL4, KANK1, RALGPS2, CACNA2D1, SEMA6D, GRIP1, STXBP5L, SLC40A1, GPC5",CELLxGENE Census 2025-11-08,963a08cb-d995-4862-9614-f9d38a7d7540,multiome_atac,orthogonal_molecular,Developing retina dual-omic RNA plus ATAC; labels validated with developmental markers and overlaid on adult retina reference atlas.,Zuo et al. 2024 Nat Commun DOI:10.1038/s41467-024-50853-5,2024-08-09,2025-07-21,False,2026-06-17,medium,lineage_or_subtype,data/raw/retina_fetal_multiome_2024.h5ad,scanpy.rank_genes_groups[wilcoxon]+autozyme,100,human_nonimmune,254,Retinal neural,subtype_resolution,
retina_fetal_multiome_2024__midget_ganglion_cell_of_retina,retina_fetal_multiome_2024,eye,human,Midget retinal ganglion cell,Retinal neural,hard,rare_or_state,midget ganglion/midget RGC;retinal ganglion/RGC,2,"RBPMS, ANK2, EPHA6, NEFM, CLSTN2, TMEM163, EBF1, TENM4, ELAVL4, LRFN5, DSCAM, GAP43, SCN9A, ASTN2, SNHG14, EBF3, EPB41L3, CCSER1, NTNG1, KLHL1, TUBA1A, DLGAP1, ELAVL2, RTN1, SNCA, MAP1B, PAM, MEG3, PTPRN2, SLIT1, NEFL, INA, SNCG, BRINP1, GPR149, LINC02223, STMN2, FAR2, SERPINE2, TUBB3, UCHL1, CTNNA2, CACNA1B, CPEB2, HMGCS1, SYT4, HS3ST5, LUZP2, OLFM1, SLC17A6",CELLxGENE Census 2025-11-08,963a08cb-d995-4862-9614-f9d38a7d7540,multiome_atac,orthogonal_molecular,Developing retina dual-omic RNA plus ATAC; labels validated with developmental markers and overlaid on adult retina reference atlas.,Zuo et al. 2024 Nat Commun DOI:10.1038/s41467-024-50853-5,2024-08-09,2025-07-21,False,2026-06-17,medium,lineage_or_subtype,data/raw/retina_fetal_multiome_2024.h5ad,scanpy.rank_genes_groups[wilcoxon]+autozyme,100,human_nonimmune,255,Retinal neural,rare_or_state,
retina_fetal_multiome_2024__retinal_rod_cell,retina_fetal_multiome_2024,eye,human,Rod photoreceptor,Retinal neural,easy,canonical_lineage,rod/photoreceptor,1,"MARCHF1, EPB41L2, RCVRN, EPS8, NR2E3, PTPN13, ANO2, TMEM244, PDC, USH2A, EYS, ADGRV1, RP1, DMD, ANKRD33B, AIPL1, NTM, TMEM108, NRL, RALGPS2, ABCA4, KANK1, MYO9A, FAM161A, BAZ2B, CADM2, DOCK8, BBS9, EGFLAM, PROM1, KIAA1217, IMPG2, ZNF385B, NRG1, OTX2, PRKACB, UBXN4, IQSEC1, OTX2-AS1, MAK, GALNT13, TAFA4, ARL6, MPPED2, PTPRZ1, PAG1, RASGRF2, FSTL5, ABCA1, CCDC60",CELLxGENE Census 2025-11-08,963a08cb-d995-4862-9614-f9d38a7d7540,multiome_atac,orthogonal_molecular,Developing retina dual-omic RNA plus ATAC; labels validated with developmental markers and overlaid on adult retina reference atlas.,Zuo et al. 2024 Nat Commun DOI:10.1038/s41467-024-50853-5,2024-08-09,2025-07-21,False,2026-06-17,medium,lineage_or_subtype,data/raw/retina_fetal_multiome_2024.h5ad,scanpy.rank_genes_groups[wilcoxon]+autozyme,100,human_nonimmune,256,Retinal neural,canonical_lineage,
retina_fetal_multiome_2024__Mueller_cell,retina_fetal_multiome_2024,eye,human,Muller glial cell,Retinal glial,medium,subtype_resolution,Muller/Mueller;glial/glia,1,"RARB, PARD3B, FOXP2, GABRG3, SAT1, TRPM3, SPON1, SLC1A3, CRB1, PHLPP1, LGR4, SORCS1, SLC35F1, MIR9-2HG, ENSG00000231252, LRRC4C, KDR, ZNF536, CGNL1, FHIP1A, ADAMTS6, PCDH11X, GATB, SFRP2, PREX2, GPM6B, CLU, CLVS1, NFIA, ARHGAP32, ILDR2, TCF7L2, LINC00511, RTN4, ASPH, DACH1, MIR99AHG, VIM, GPM6A, ZHX2, MOB3B, PIP5K1B, STON2, TCF7L1, DKK3, SH3D19, GLI3, HMGA2, KHDRBS2, FAP",CELLxGENE Census 2025-11-08,963a08cb-d995-4862-9614-f9d38a7d7540,multiome_atac,orthogonal_molecular,Developing retina dual-omic RNA plus ATAC; labels validated with developmental markers and overlaid on adult retina reference atlas.,Zuo et al. 2024 Nat Commun DOI:10.1038/s41467-024-50853-5,2024-08-09,2025-07-21,False,2026-06-17,medium,lineage_or_subtype,data/raw/retina_fetal_multiome_2024.h5ad,scanpy.rank_genes_groups[wilcoxon]+autozyme,100,human_nonimmune,257,Retinal glial,subtype_resolution,
retina_fetal_multiome_2024__starburst_amacrine_cell,retina_fetal_multiome_2024,eye,human,Starburst amacrine cell,Retinal neural,hard,rare_or_state,starburst;amacrine,2,"RELN, ADAMTS18, ANKRD28, MEGF10, SOX2-OT, PRLR, RBFOX1, PDE11A, CNTN5, SLIT2, NSG2, MAGI2, RALYL, CHAT, PCDH9, CACNA1A, CACNB4, SPOCK1, POU6F2, PTPRR, FAT3, PCDH7, RASGEF1B, PLXNA2, FMNL2, PCLO, PPFIA2, RIMS1, GRIN2A, ENSG00000239381, CNTN3, GALNT15, LINC01414, PPFIBP1, GRIA4, LAMB1, KCNK2, SLC26A5-AS1, ENSG00000188897, PCDH9-AS2, DAPK1, ENOX1, SYT6, RAPGEF4, HOMER2, ANKRD44, SEMA6A, ANTXR1, HIVEP2, LRRTM4",CELLxGENE Census 2025-11-08,963a08cb-d995-4862-9614-f9d38a7d7540,multiome_atac,orthogonal_molecular,Developing retina dual-omic RNA plus ATAC; labels validated with developmental markers and overlaid on adult retina reference atlas.,Zuo et al. 2024 Nat Commun DOI:10.1038/s41467-024-50853-5,2024-08-09,2025-07-21,False,2026-06-17,medium,lineage_or_subtype,data/raw/retina_fetal_multiome_2024.h5ad,scanpy.rank_genes_groups[wilcoxon]+autozyme,100,human_nonimmune,258,Retinal neural,rare_or_state,
retina_fetal_multiome_2024__retinal_ganglion_cell,retina_fetal_multiome_2024,eye,human,Retinal ganglion cell,Retinal neural,easy,canonical_lineage,retinal ganglion/RGC,1,"EBF1, GAP43, KLF7, ELAVL2, TUBA1A, KLHL1, ANK2, MAP1B, LRFN5, EPHA6, NKAIN3, ELAVL4, RBFOX3, RBPMS, TUBB2B, SEMA6D, MIAT, EBF3, HMGCS1, STMN2, AKAP6, PBX3, ENSG00000283982, ENSG00000258526, CTNNA2, SCN9A, RMST, UCHL1, BASP1, SLC17A6, POU6F2, PAM, TUBB, PTPRN2, PRPH, TUBB3, SDK1, SLIT1, SNCA, SQLE, RBMS1, DCDC1, NAV2, RALYL, DACH2, KIF26B, SLC18A2, ATRNL1, TENM3, ATP2B4",CELLxGENE Census 2025-11-08,963a08cb-d995-4862-9614-f9d38a7d7540,multiome_atac,orthogonal_molecular,Developing retina dual-omic RNA plus ATAC; labels validated with developmental markers and overlaid on adult retina reference atlas.,Zuo et al. 2024 Nat Commun DOI:10.1038/s41467-024-50853-5,2024-08-09,2025-07-21,False,2026-06-17,medium,lineage_or_subtype,data/raw/retina_fetal_multiome_2024.h5ad,scanpy.rank_genes_groups[wilcoxon]+autozyme,100,human_nonimmune,259,Retinal neural,canonical_lineage,
breast_multiome_2024__luminal_hormone_sensing_cell_of_mammary_gland,breast_multiome_2024,breast,human,Luminal hormone-sensing mammary cell,Breast epithelial,hard,rare_or_state,luminal hormone-sensing/LHS/hormone sensing;breast/mammary,2,"ANKRD30A, ERBB4, AFF3, TTC6, THSD4, INPP4B, ANKS1B, MAGI3, TRPS1, ALCAM, RABEP1, LRBA, NEK10, DACH1, TBC1D9, PRLR, ESR1, RBM47, ST8SIA6, MLPH, XBP1, LRP2, KIF16B, RERE, AZGP1, CADPS2, MYBPC1, CTNND2, RERG, ARHGEF38, MYO6, SHROOM3, GATA3, EFHD1, GALNT7, NEBL, DLGAP1, AK5, APBB2, FLNB, CASZ1, PGR, LINC00504, PREX1, VWA8, ARFGEF3, ELOVL5, LIMCH1, ELAPOR1, MGP",CELLxGENE Census 2025-11-08,61af564d-e5ea-4d34-a0f3-2668a00db376,multiome_atac_ihc_spatial,orthogonal_molecular,"Healthy breast snRNA plus snATAC; epithelial subtype markers overlap prior studies, selected protein IHC and spatial data support LHS/LASP/BM compartments.",Bhat-Nakshatri et al. 2024 Nat Med DOI:10.1038/s41591-024-03011-9,2024-08-09,,False,2026-06-17,low,subtype,data/raw/breast_multiome_2024.h5ad,scanpy.rank_genes_groups[wilcoxon]+autozyme,150,human_nonimmune,260,Breast epithelial,rare_or_state,
breast_multiome_2024__basal_myoepithelial_cell_of_mammary_gland,breast_multiome_2024,breast,human,Basal-myoepithelial mammary cell,Breast epithelial,medium,subtype_resolution,basal-myoepithelial/basal myoepithelial/myoepithelial;breast/mammary,2,"SEMA3C, TSHZ2, DMD, MIR205HG, ENSG00000254951, CACNA1C, NAV2, PTPRT, FOXP1, KLHL13, SEMA5A, FBXO32, SAMD5, PDE1C, PLXDC2, GRAMD2B, PLCB1, LINC01060, ENSG00000227681, RBBP8, FHOD3, TP63, ANO1, HYCC1, KLHL29, MYLK, DST, CASC15, GLI3, MME, UNC5C, ACTA2, NRG1, ATP2B1, FGFR2, ENSG00000248994, SIPA1L1, PARD3, TPM1, PIK3R1, PIK3C2G, MYH11, PRKG1, CARMN, GRIA4, CALD1, COL4A5, PCNX1, MSRB3, NFIB",CELLxGENE Census 2025-11-08,61af564d-e5ea-4d34-a0f3-2668a00db376,multiome_atac_ihc_spatial,orthogonal_molecular,"Healthy breast snRNA plus snATAC; epithelial subtype markers overlap prior studies, selected protein IHC and spatial data support LHS/LASP/BM compartments.",Bhat-Nakshatri et al. 2024 Nat Med DOI:10.1038/s41591-024-03011-9,2024-08-09,,False,2026-06-17,low,subtype,data/raw/breast_multiome_2024.h5ad,scanpy.rank_genes_groups[wilcoxon]+autozyme,150,human_nonimmune,261,Breast epithelial,subtype_resolution,
breast_multiome_2024__adipocyte,breast_multiome_2024,breast,human,Adipocyte,Stromal,easy,canonical_lineage,adipocyte/fat cell,1,"SOX5, EBF1, PDE3B, LAMA4, PLIN1, LINC02237, PPARG, ACSS3, TNS1, ASPH, GHR, ITIH5, FRMD4A, ACACB, PCDH9, MAPK10, COL4A1, ITGA7, GPAM, ITSN1, ADH1B, COBLL1, ZEB2, AQP7, CD36, PFKFB1, UBE2E2, ENSG00000287231, TENM3, DIRC3, SLC19A3, ENSG00000230333, COL4A2, LIMA1, DOCK11, ANGPT1, WDPCP, MGST1, PTGER3, ACSL1, PRKAR2B, LPL, GABRE, GYG2, TRHDE-AS1, MTARC1, FABP4, PLIN4, GBE1, DLC1",CELLxGENE Census 2025-11-08,61af564d-e5ea-4d34-a0f3-2668a00db376,multiome_atac_ihc_spatial,orthogonal_molecular,"Healthy breast snRNA plus snATAC; epithelial subtype markers overlap prior studies, selected protein IHC and spatial data support LHS/LASP/BM compartments.",Bhat-Nakshatri et al. 2024 Nat Med DOI:10.1038/s41591-024-03011-9,2024-08-09,,False,2026-06-17,low,subtype,data/raw/breast_multiome_2024.h5ad,scanpy.rank_genes_groups[wilcoxon]+autozyme,150,human_nonimmune,262,Stromal,canonical_lineage,
breast_multiome_2024__luminal_adaptive_secretory_precursor_cell_of_mammary_gland,breast_multiome_2024,breast,human,Luminal adaptive secretory precursor mammary cell,Breast epithelial,hard,rare_or_state,luminal adaptive secretory/LASP/secretory precursor;breast/mammary,2,"DTNB, ELF5, KIT, CCL28, NEBL, EHF, TRPS1, SHANK2, SORBS2, ETV6, PDE4B, EGF, ENSG00000226197, LDLRAD4, PDCD4, LINC02613, FHIT, MFGE8, RBM47, TC2N, COBL, AGAP1, NFIB, TANK, GABRP, PIK3C2G, KRT15, PROM1, ITPR2, ARHGAP26, APP, CATSPERB, NAALADL2, ATL2, CHKA, PTPRK, CTBP2, PATJ, NCALD, SHROOM3, ELAPOR1, SFRP1, TRIM2, SLC25A37, CGNL1, GUCY1A1, GOLGA8A, FHIP1A, GCNT2, SOX9-AS1",CELLxGENE Census 2025-11-08,61af564d-e5ea-4d34-a0f3-2668a00db376,multiome_atac_ihc_spatial,orthogonal_molecular,"Healthy breast snRNA plus snATAC; epithelial subtype markers overlap prior studies, selected protein IHC and spatial data support LHS/LASP/BM compartments.",Bhat-Nakshatri et al. 2024 Nat Med DOI:10.1038/s41591-024-03011-9,2024-08-09,,False,2026-06-17,low,subtype,data/raw/breast_multiome_2024.h5ad,scanpy.rank_genes_groups[wilcoxon]+autozyme,150,human_nonimmune,263,Breast epithelial,rare_or_state,
breast_multiome_2024__endothelial_cell,breast_multiome_2024,breast,human,Endothelial cell,Endothelial,easy,canonical_lineage,endothelial/endothelium,1,"ST6GALNAC3, LDB2, VWF, ELMO1, ABLIM3, PTPRM, TCF4, KALRN, ANO2, SHANK3, ARHGAP29, CD36, PECAM1, PTPRB, ADGRL4, ABLIM1, BTNL9, MECOM, RALGAPA2, MAGI1, EMCN, DOCK9, ADGRF5, LRMDA, MEF2C, UTRN, SYNE1, MCTP1, EPAS1, TACC1, FLI1, DOCK4, PLEKHG1, ERG, FBXL7, LNX1, SPTBN1, GALNT18, TMTC1, PPFIBP1, DIPK2B, PPARG, PREX2, CDH13, PDE4D, CNTNAP3B, CCDC85A, ZEB1, STOX2, PITPNC1",CELLxGENE Census 2025-11-08,61af564d-e5ea-4d34-a0f3-2668a00db376,multiome_atac_ihc_spatial,orthogonal_molecular,"Healthy breast snRNA plus snATAC; epithelial subtype markers overlap prior studies, selected protein IHC and spatial data support LHS/LASP/BM compartments.",Bhat-Nakshatri et al. 2024 Nat Med DOI:10.1038/s41591-024-03011-9,2024-08-09,,False,2026-06-17,low,subtype,data/raw/breast_multiome_2024.h5ad,scanpy.rank_genes_groups[wilcoxon]+autozyme,150,human_nonimmune,264,Endothelial,canonical_lineage,
breast_multiome_2024__fibroblast,breast_multiome_2024,breast,human,Fibroblast,Stromal,easy,canonical_lineage,fibroblast/stromal/mesenchymal,1,"LAMA2, MIR99AHG, DCN, DCLK1, COL1A2, BICC1, ABCA10, DLC1, COL6A3, ABCA6, COL3A1, SLIT2, NEGR1, PTPRG, NOVA1, UST, HPSE2, RORA, ABCA9, RUNX1T1, BNC2, PRRX1, COL5A2, KAZN, PDGFRA, ZEB1, ABI3BP, MEG3, MEG8, LINC02511, GAS7, RBMS3, ZEB2, CELF2, COL1A1, FBXL7, EBF1, SLIT3, LDB2, ADAMTS12, LPAR1, LINC01482, PID1, MMP16, FOXP2, LHFPL6, FBN1, ADD3, SH3PXD2B, PLAGL1",CELLxGENE Census 2025-11-08,61af564d-e5ea-4d34-a0f3-2668a00db376,multiome_atac_ihc_spatial,orthogonal_molecular,"Healthy breast snRNA plus snATAC; epithelial subtype markers overlap prior studies, selected protein IHC and spatial data support LHS/LASP/BM compartments.",Bhat-Nakshatri et al. 2024 Nat Med DOI:10.1038/s41591-024-03011-9,2024-08-09,,False,2026-06-17,low,subtype,data/raw/breast_multiome_2024.h5ad,scanpy.rank_genes_groups[wilcoxon]+autozyme,150,human_nonimmune,265,Stromal,canonical_lineage,
placenta_trophoblast_2023__uterine_smooth_muscle_cell,placenta_trophoblast_2023,placenta,human,Uterine smooth muscle cell,Vascular,medium,subtype_resolution,uterine smooth muscle/myometrial/smooth muscle;uterine,1,"CARMN, CACNA1C, ACTA2, KCNMA1, TPM2, CACNB2, MYH11, SORBS1, DPP6, DMD, SYNPO2, PLCL1, LPP, ACTG2, FOXO1, FLNA, LINGO2, CD44, MIR99AHG, TPM1, MSRB3, CADPS2, SVIL, MEIS1, ENSG00000224905, AKAP13, PRUNE2, TAGLN, TNC, PBX1, KALRN, BNC2, REV3L, DES, PRKG1, CNN1, MYLK, LINC01088, SLC24A3, FBXL7, MYL9, DIRC3, MBNL1, RORA, LARGE1, ATP2B4, TRPC4, CALD1, ROR2, PDZRN3","CELLxGENE Census 2025-11-08 (Spatial multiomics trophoblast, Nature 2023)",10.1038/s41586-023-05869-0,multiome_atac_spatial,orthogonal_molecular,same-nucleus 10x multiome (RNA+ATAC) + Visium spatial back trophoblast calls,Arutyunyan Nature 2023,2023,2023,True,2026-06-17,low,type,data/raw/placenta_trophoblast_2023.h5ad,scanpy.rank_genes_groups[wilcoxon]+autozyme,120,human_nonimmune,266,Vascular,subtype_resolution,
placenta_trophoblast_2023__endothelial_cell_of_uterus,placenta_trophoblast_2023,placenta,human,Uterine endothelial cell,Endothelial,medium,subtype_resolution,uterine endothelial/decidual endothelial;endothelial,1,"ADGRL4, LDB2, VWF, EGFL7, SPARCL1, PECAM1, SPTBN1, CALCRL, IGFBP7, PCDH17, PALMD, TCF4, CD34, A2M, PLCB4, NFIB, TSHZ2, EMCN, DACH1, HLA-A, ERG, ARHGAP29, EMP1, RAPGEF5, TEK, IGFBP4, HLA-B, CYYR1, PTPRB, TM4SF1, FLI1, VIM, MECOM, DIPK2B, PRSS23, ZBTB20, ADAMTS9, HLA-E, IFITM2, ZNF521, TIE1, APP, TMTC1, ZNF385D, SHANK3, CDH5, NR5A2, PKP4, IFI27, MAGI1","CELLxGENE Census 2025-11-08 (Spatial multiomics trophoblast, Nature 2023)",10.1038/s41586-023-05869-0,multiome_atac_spatial,orthogonal_molecular,same-nucleus 10x multiome (RNA+ATAC) + Visium spatial back trophoblast calls,Arutyunyan Nature 2023,2023,2023,True,2026-06-17,low,type,data/raw/placenta_trophoblast_2023.h5ad,scanpy.rank_genes_groups[wilcoxon]+autozyme,120,human_nonimmune,267,Endothelial,subtype_resolution,
placenta_trophoblast_2023__Hofbauer_cell,placenta_trophoblast_2023,placenta,human,Hofbauer cell,Placental macrophage,hard,rare_or_state,Hofbauer/placental macrophage/fetal villous macrophage,1,"F13A1, SPP1, LGMN, CD14, CD36, LYVE1, RBPJ, FCGRT, CD163, MRC1, NPL, BMP2K, CSF1R, VSIG4, CTSB, FAM20A, MEF2C, CTSC, SLCO2B1, CAPZB, SIGLEC1, SCN9A, MAF, C1QA, C1QB, SLC9A9, FOLR2, LAPTM5, ASAH1, HPGDS, STAB1, ANKH, ZEB2, CD53, RASSF4, MS4A6A, CTSS, COLEC12, PTPRC, C1QC, CPVL, SELENOP, LY96, NCKAP1L, ADAP2, SPRED1, FRMD4B, MKNK1, MTSS1, RNASE1","CELLxGENE Census 2025-11-08 (Spatial multiomics trophoblast, Nature 2023)",10.1038/s41586-023-05869-0,multiome_atac_spatial,orthogonal_molecular,same-nucleus 10x multiome (RNA+ATAC) + Visium spatial back trophoblast calls,Arutyunyan Nature 2023,2023,2023,True,2026-06-17,low,type,data/raw/placenta_trophoblast_2023.h5ad,scanpy.rank_genes_groups[wilcoxon]+autozyme,120,human_nonimmune,268,Placental macrophage,rare_or_state,
placenta_trophoblast_2023__embryonic_fibroblast,placenta_trophoblast_2023,placenta,human,Embryonic fibroblast,Stromal,medium,canonical_lineage,fibroblast/embryonic fibroblast/villous stromal/mesenchymal;stromal,1,"DLK1, MEG3, COL3A1, PLAGL1, HGF, COL6A1, EGFL6, COL6A2, VCAN, CDH11, PITX2, COL1A2, GPC3, COL1A1, WNT2, CCND2, LAMA2, MEST, PHACTR2, SPARC, DCN, SERPINE2, IL6ST, ENPP1, HAPLN1, COL5A2, CALD1, STXBP6, COL15A1, F3, COL14A1, HSD17B2, BMP5, IGFBP3, LUM, COL5A1, CXCL14, PLAC9, WFDC1, PCOLCE, SEPTIN7, DIPK2A, CTHRC1, FRZB, OLFML3, VIM, MMP23B, MDK, SRPX, MFAP4","CELLxGENE Census 2025-11-08 (Spatial multiomics trophoblast, Nature 2023)",10.1038/s41586-023-05869-0,multiome_atac_spatial,orthogonal_molecular,same-nucleus 10x multiome (RNA+ATAC) + Visium spatial back trophoblast calls,Arutyunyan Nature 2023,2023,2023,True,2026-06-17,low,type,data/raw/placenta_trophoblast_2023.h5ad,scanpy.rank_genes_groups[wilcoxon]+autozyme,120,human_nonimmune,269,Stromal,canonical_lineage,
placenta_trophoblast_2023__placental_villous_trophoblast,placenta_trophoblast_2023,placenta,human,Villous cytotrophoblast,Trophoblast,medium,subtype_resolution,cytotrophoblast/villous trophoblast/CTB/villous cytotrophoblast;trophoblast,1,"PEG10, DNMT1, DUSP9, SLC22A11, VGLL1, SMAGP, ALDH7A1, EFEMP1, PAGE4, ISYNA1, MBNL3, SPINT1, TINAGL1, BTG3, DSP, XAGE3, IFI6, OLR1, NFE2L3, PHLDA2, EXTL2, MORC4, FAM3B, FBN2, SLC27A2, ATP6V1C2, CSF3R, ADGRG1, ECHDC2, GRAMD2A, MLLT1, LRP2, SMYD2, BMP7, GNAS, HSPD1, KRT7, LDHB, FOXO4, SLC52A1, FXYD3, MPP7, PKIB, CDO1, SLC26A2, TCAF1, KRT23, NCBP3, BCAM, SLC38A9","CELLxGENE Census 2025-11-08 (Spatial multiomics trophoblast, Nature 2023)",10.1038/s41586-023-05869-0,multiome_atac_spatial,orthogonal_molecular,same-nucleus 10x multiome (RNA+ATAC) + Visium spatial back trophoblast calls,Arutyunyan Nature 2023,2023,2023,True,2026-06-17,low,type,data/raw/placenta_trophoblast_2023.h5ad,scanpy.rank_genes_groups[wilcoxon]+autozyme,120,human_nonimmune,270,Trophoblast,subtype_resolution,
placenta_trophoblast_2023__syncytiotrophoblast_cell,placenta_trophoblast_2023,placenta,human,Syncytiotrophoblast,Trophoblast,medium,subtype_resolution,syncytiotrophoblast/STB/SCT/syncytium;trophoblast,1,"GULP1, PLAC4, PSG4, RYBP, CYP19A1, RASA1, ADAM12, HSD3B1, AFF1, DEPDC1B, MAN1A2, PRKCZ, MIR4280HG, LCMT1-AS2, VGLL3, FAM13A, TACC2, SPTLC3, KYNU, SH3TC2, RHOBTB3, EXPH5, PSG8, PAPPA2, COBLL1, SLC43A2, FDX1, FNDC3A, CHODL, SHANK2, HOPX, MAN1C1, GRIP1, PSG5, PSG6, NECTIN3, OPHN1, ARHGAP26, LNPEP, ANK3, EXOC6B, PSG3, NHSL1, ZFAT, TUSC3, CYP11A1, ZNF292, CLIP4, ZNF91, AZIN1","CELLxGENE Census 2025-11-08 (Spatial multiomics trophoblast, Nature 2023)",10.1038/s41586-023-05869-0,multiome_atac_spatial,orthogonal_molecular,same-nucleus 10x multiome (RNA+ATAC) + Visium spatial back trophoblast calls,Arutyunyan Nature 2023,2023,2023,True,2026-06-17,low,type,data/raw/placenta_trophoblast_2023.h5ad,scanpy.rank_genes_groups[wilcoxon]+autozyme,120,human_nonimmune,271,Trophoblast,subtype_resolution,
placenta_trophoblast_2023__extravillous_trophoblast,placenta_trophoblast_2023,placenta,human,Extravillous trophoblast,Trophoblast,hard,rare_or_state,extravillous trophoblast/EVT/invasive trophoblast;trophoblast,1,"QSOX1, FSTL3, HLA-G, HPGD, NOTUM, MYCNUT, ISM2, DIO2, KRT19, PTPRF, GATA3, KRT7, TPM1, CDKN1C, AIF1L, GCM1, PLAC8, C12orf75, ITGA5, TFPI, HTRA4, JPT1, EBI3, RALBP1, VASP, ARID3A, FN1, SLC16A3, ASPSCR1, CCNE1, MFAP5, ABCA7, FHL2, DOCK5, PTN, MORF4L2, HMGN3, EFNA1, COL27A1, BZW2, PKP2, SLCO4A1, ASAP3, IL1RAP, HAPLN3, IL2RB, MYCN, COTL1, AFAP1, TGFB1","CELLxGENE Census 2025-11-08 (Spatial multiomics trophoblast, Nature 2023)",10.1038/s41586-023-05869-0,multiome_atac_spatial,orthogonal_molecular,same-nucleus 10x multiome (RNA+ATAC) + Visium spatial back trophoblast calls,Arutyunyan Nature 2023,2023,2023,True,2026-06-17,low,type,data/raw/placenta_trophoblast_2023.h5ad,scanpy.rank_genes_groups[wilcoxon]+autozyme,120,human_nonimmune,272,Trophoblast,rare_or_state,
skeletal_muscle_2024__tendon_cell,skeletal_muscle_2024,skeletal muscle,human,Tenocyte,Stromal,hard,rare_or_state,tenocyte/tendon cell/SCX/tendon fibroblast,1,"DCN, APOD, THBS4, GSN, PRELP, FBLN1, AEBP1, MYOC, LHFPL6, CALD1, RARRES1, SERPING1, FMOD, COL6A2, SERPINF1, GPX3, TSHZ2, C1R, IGFBP7, C1S, COL6A3, LRP1, TIMP3, COL1A2, TMSB4X, COL6A1, LUM, TACC1, ITM2B, CFH, EMP1, NTRK2, THBS1, STEAP2, MGP, COL12A1, PRRX1, CCN2, LEPR, COL1A1, TCF4, S100A6, IGFBP6, CYBRD1, TIMP2, FSTL1, TAGLN, COMP, ABCA6, MFGE8","CELLxGENE Census 2025-11-08 (Skeletal muscle ageing atlas, Nat Aging 2024)",10.1038/s43587-024-00613-3,snrna_visium_spatial,spatial_anatomical,snRNA + Visium spatial localizes myofiber/niche types,Kedlian Nat Aging 2024,2024,2024,True,2026-06-17,low,type,data/raw/skeletal_muscle_2024.h5ad,scanpy.rank_genes_groups[wilcoxon]+autozyme,120,human_nonimmune,273,Stromal,rare_or_state,
skeletal_muscle_2024__type_I_muscle_cell,skeletal_muscle_2024,skeletal muscle,human,Type I muscle fiber,Skeletal muscle,medium,subtype_resolution,type I muscle/slow-twitch/slow fiber/MYH7;myofiber/skeletal muscle,1,"TNNT1, TPM3, NEB, KIAA1217, TNNC1, ATP2A2, TTN, PDE4DIP, MYH7, ANKRD2, MYBPC1, PDLIM3, TNNI1, PDLIM5, ACTN2, RRAD, TRDN, MYL2, ATP1B1, TRIM54, MYOT, GBE1, PPP1R27, MLIP, HSPB7, PRKG1, NEXN, RBFOX1, PDE4D, CACNA2D1, SVIL, OBSCN, DMD, FHL1, SGCD, MAST2, USP54, ARPP21, ZNF385B, ABLIM2, LRRFIP2, MYOZ2, PPP1R12B, CPEB4, SSH2, MEF2C, FILIP1, CTNNA3, MYPN, CAP2","CELLxGENE Census 2025-11-08 (Skeletal muscle ageing atlas, Nat Aging 2024)",10.1038/s43587-024-00613-3,snrna_visium_spatial,spatial_anatomical,snRNA + Visium spatial localizes myofiber/niche types,Kedlian Nat Aging 2024,2024,2024,True,2026-06-17,low,type,data/raw/skeletal_muscle_2024.h5ad,scanpy.rank_genes_groups[wilcoxon]+autozyme,120,human_nonimmune,274,Skeletal muscle,subtype_resolution,
skeletal_muscle_2024__type_II_muscle_cell,skeletal_muscle_2024,skeletal muscle,human,Type II muscle fiber,Skeletal muscle,medium,subtype_resolution,type II muscle/fast-twitch/fast fiber/MYH2;myofiber/skeletal muscle,1,"TNNT3, TNNC2, MYL11, TNNI2, TTN, PDE4DIP, TRDN, PDLIM3, FHL1, PDLIM5, SVIL, DMD, KCNQ5, CMYA5, NEB, NEXN, RBFOX1, MYBPC1, SESN1, TRIM63, MLIP, MYO18B, ART3, XIRP2, FBXO32, ENO3, ATP2A1, YBX3, CAP2, DES, OBSCN, PPP1R27, PDE4D, KIF1B, MYPN, RORA, BIN1, TPM1, RETREG1, MYBPC2, ASB5, ABLIM2, PRKG1, PFKM, TPM2, NRAP, BCL6, COL4A3, PCNT, FGF13","CELLxGENE Census 2025-11-08 (Skeletal muscle ageing atlas, Nat Aging 2024)",10.1038/s43587-024-00613-3,snrna_visium_spatial,spatial_anatomical,snRNA + Visium spatial localizes myofiber/niche types,Kedlian Nat Aging 2024,2024,2024,True,2026-06-17,low,type,data/raw/skeletal_muscle_2024.h5ad,scanpy.rank_genes_groups[wilcoxon]+autozyme,120,human_nonimmune,275,Skeletal muscle,subtype_resolution,
skeletal_muscle_2024__skeletal_muscle_satellite_stem_cell,skeletal_muscle_2024,skeletal muscle,human,Satellite cell,Skeletal muscle,hard,rare_or_state,satellite/muscle stem/PAX7/myogenic progenitor,1,"SPARCL1, EEF1A1, MEG3, APOC1, APOE, PTMA, RACK1, IGFBP5, SLC25A6, NACA, HSPA1B, BTG1, HSP90AA1, CXCL14, HSP90AB1, FAU, SAT1, IFITM3, ACTB, FOS, VIM, DUSP1, DNAJB1, EEF1D, HSPA1A, DLK1, JUN, APP, NOP53, EEF2, IFITM2, TCEAL9, MYF5, JUNB, NPM1, ACTG1, TMSB10, EIF1, PPP1R14B, CALM2, KLF2, RHOB, PON2, CD63, UBA52, HSPE1, BTF3, HNRNPA1, EEF1B2, H3-3A","CELLxGENE Census 2025-11-08 (Skeletal muscle ageing atlas, Nat Aging 2024)",10.1038/s43587-024-00613-3,snrna_visium_spatial,spatial_anatomical,snRNA + Visium spatial localizes myofiber/niche types,Kedlian Nat Aging 2024,2024,2024,True,2026-06-17,low,type,data/raw/skeletal_muscle_2024.h5ad,scanpy.rank_genes_groups[wilcoxon]+autozyme,120,human_nonimmune,276,Skeletal muscle,rare_or_state,
thymus_spatial_2024__medullary_thymic_epithelial_cell_type_2,thymus_spatial_2024,thymus,human,Medullary thymic epithelial cell (mTEC II),Thymic epithelial,hard,rare_or_state,medullary TEC/mTEC/AIRE;thymic epithelial;mTEC II/type 2,1,"HLA-DRA, CD74, HLA-DPB1, TAGLN2, LSP1, HLA-DPA1, CSTA, IL32, CLDN3, NTHL1, ACTB, HLA-DQA1, AIRE, CRIP1, SRGN, HLA-DRB1, FXYD2, MARCO, NPB, FABP6, PFN1, SNCG, CAPG, S100A6, HLA-DRB5, SPIB, HLA-B, B2M, CCDC28B, ADIRF, GSTP1, BLVRA, VIM, CD70, NINJ1, HLA-C, CALML5, FXYD3, CD40, CSTB, CLEC7A, IL2RG, HLA-A, IFI30, PSME2, EEF1A1, NFKBIA, TMC8, GPX4, TUBA1C",CELLxGENE Census 2025-11-08 (Spatial human thymus atlas),10.1126/science.adn5864,spatial_transcriptomic,spatial_anatomical,spatial atlas mapped to continuous cortico-medullary axis backs TEC identity,spatial human thymus atlas,2024,2024,True,2026-06-17,low,type,data/raw/thymus_spatial_2024.h5ad,scanpy.rank_genes_groups[wilcoxon]+autozyme,120,human_nonimmune,277,Thymic epithelial,rare_or_state,
thymus_spatial_2024__thymic_fibroblast_type_1,thymus_spatial_2024,thymus,human,Thymic fibroblast,Stromal,medium,canonical_lineage,thymic fibroblast/capsular fibroblast;fibroblast/stromal,1,"COL1A1, PTN, COL1A2, LGALS1, VIM, COL3A1, DCN, H19, SRPX, SPARCL1, PCOLCE, GPC3, C7, SPRY1, DPT, LUM, MEST, SFRP1, LAPTM4A, OLFML3, VCAN, NR2F1, POSTN, AKAP12, OGN, CALD1, PLAC9, TSHZ2, TMSB4X, SPARC, SERPINH1, COL6A3, SERPINE2, DLK1, MGP, MFAP4, FSTL1, SERF2, SELENOP, HNRNPA1, IGFBP7, IGF2, TMSB10, KCTD12, FXYD1, IFITM3, COL6A2, EID1, C1R, NTRK2",CELLxGENE Census 2025-11-08 (Spatial human thymus atlas),10.1126/science.adn5864,spatial_transcriptomic,spatial_anatomical,spatial atlas mapped to continuous cortico-medullary axis backs TEC identity,spatial human thymus atlas,2024,2024,True,2026-06-17,low,type,data/raw/thymus_spatial_2024.h5ad,scanpy.rank_genes_groups[wilcoxon]+autozyme,120,human_nonimmune,278,Stromal,canonical_lineage,
thymus_spatial_2024__myo_medullary_thymic_epithelial_cell,thymus_spatial_2024,thymus,human,Myoid mimetic mTEC,Thymic epithelial,hard,rare_or_state,myoid TEC/myo-medullary/muscle mimetic/myoid cell;thymic epithelial/mTEC,1,"KLHL41, TPM2, NNAT, MYOG, NEB, MYL5, ACTC1, TTN, TNNT1, PDLIM3, TNNI1, MYL4, TNNT3, EMC10, COX6A2, TNNT2, MYREM, RBP1, MEF2C, CKM, DES, PPP1R14B, TPM1, BLCAP, STAC3, MEG3, SELENOW, MYH3, ACTA1, SMPX, MYL11, TNNI2, RASSF4, FITM1, TNNC2, SLN, MYL1, ARPP21, DMPK, NES, CKB, TRDN, FILIP1, TRIM55, ERBB3, COBL, MEGF10, AKAP9, HSPB3, RBM24",CELLxGENE Census 2025-11-08 (Spatial human thymus atlas),10.1126/science.adn5864,spatial_transcriptomic,spatial_anatomical,spatial atlas mapped to continuous cortico-medullary axis backs TEC identity,spatial human thymus atlas,2024,2024,True,2026-06-17,low,type,data/raw/thymus_spatial_2024.h5ad,scanpy.rank_genes_groups[wilcoxon]+autozyme,120,human_nonimmune,279,Thymic epithelial,rare_or_state,
thymus_spatial_2024__corticomedullary_thymic_epithelial_cell,thymus_spatial_2024,thymus,human,Corticomedullary thymic epithelial cell,Thymic epithelial,hard,rare_or_state,corticomedullary TEC/junctional TEC/cmTEC;thymic epithelial,1,"MIR205HG, TSC22D1, APLP2, IFITM3, KRT19, PLTP, KRT17, BST2, ISYNA1, KRT14, ZBED2, DST, GADD45B, JUNB, ANXA2, CTSV, RACK1, CEBPD, FN1, KRT5, PIK3R1, THY1, NBL1, COL17A1, CCL25, PDLIM1, S100A10, CRIPTO, RBBP8, EGR1, GAS5, ANXA1, ITM2B, ZYX, SOCS3, MZT2B, PLPP3, IGFBP6, H3-3B, ACTA2, TRIP6, ZFP36L2, ZFP36, CCL2, PAX1, BCAM, MDK, MEG3, C1S, FOSB",CELLxGENE Census 2025-11-08 (Spatial human thymus atlas),10.1126/science.adn5864,spatial_transcriptomic,spatial_anatomical,spatial atlas mapped to continuous cortico-medullary axis backs TEC identity,spatial human thymus atlas,2024,2024,True,2026-06-17,low,type,data/raw/thymus_spatial_2024.h5ad,scanpy.rank_genes_groups[wilcoxon]+autozyme,120,human_nonimmune,280,Thymic epithelial,rare_or_state,
thymus_spatial_2024__medullary_thymic_epithelial_cell_type_1,thymus_spatial_2024,thymus,human,Medullary thymic epithelial cell (mTEC I),Thymic epithelial,hard,subtype_resolution,medullary TEC/mTEC/AIRE;thymic epithelial;mTEC I/type 1,1,"CCL19, KRT15, CLU, FN1, B2M, ANGPT2, IFITM3, BCAM, BST2, KRT17, IFITM1, MIR205HG, CCDC3, HLA-A, HLA-C, SH3BP5, CH25H, KRT13, HLA-B, SAA1, SOCS3, XAF1, SGK1, FXYD6, CXCL14, KRT19, ARID5B, SCARA3, PAX9, LYPD1, KRT14, ASCL1, APOE, HLA-E, KRT5, STOM, FLRT3, SOD2, CD74, PRRX1, STAT1, GPX4, CLIP3, GABRA5, CD9, MX1, BEND5, FXYD2, LY6E, BHLHE40",CELLxGENE Census 2025-11-08 (Spatial human thymus atlas),10.1126/science.adn5864,spatial_transcriptomic,spatial_anatomical,spatial atlas mapped to continuous cortico-medullary axis backs TEC identity,spatial human thymus atlas,2024,2024,True,2026-06-17,low,type,data/raw/thymus_spatial_2024.h5ad,scanpy.rank_genes_groups[wilcoxon]+autozyme,120,human_nonimmune,281,Thymic epithelial,subtype_resolution,
thymus_spatial_2024__cortical_thymic_epithelial_cell,thymus_spatial_2024,thymus,human,Cortical thymic epithelial cell,Thymic epithelial,hard,subtype_resolution,cortical TEC/cTEC/PSMB11/PRSS16;thymic epithelial,1,"CCL25, PRSS16, CTSV, PLTP, GNG11, TSC22D1, TBATA, PSMB11, CST3, S100A14, PEMT, PITHD1, HLA-DQB1, MDK, PDLIM1, CALML3, CXCL12, FABP5, PAX1, LY75, RAB42, ZBED2, BCAS4, CD74, SLC46A2, SOD1, COX7A1, KRT5, NUPR1, SQSTM1, ETFB, PLEK2, HLA-DPB1, ALDH2, RBP5, PSIP1, C20orf204, PSMB5, HMG20B, PGAM2, CLTA, PRDX5, PASK, TP53AIP1, HLA-DPA1, PSMB6, MGMT, SAA1, HLA-DQA1, HLA-DRA",CELLxGENE Census 2025-11-08 (Spatial human thymus atlas),10.1126/science.adn5864,spatial_transcriptomic,spatial_anatomical,spatial atlas mapped to continuous cortico-medullary axis backs TEC identity,spatial human thymus atlas,2024,2024,True,2026-06-17,low,type,data/raw/thymus_spatial_2024.h5ad,scanpy.rank_genes_groups[wilcoxon]+autozyme,120,human_nonimmune,282,Thymic epithelial,subtype_resolution,
thymus_spatial_2024__medullary_thymic_epithelial_cell_type_3,thymus_spatial_2024,thymus,human,Medullary thymic epithelial cell (mTEC III),Thymic epithelial,hard,rare_or_state,medullary TEC/mTEC/post-AIRE;thymic epithelial;mTEC III/type 3,1,"CALML5, S100A11, KRT6A, SLPI, SFN, CSTB, S100A9, PERP, SPINK5, C19orf33, PPDPF, ADIRF, TACSTD2, CSTA, SNCG, CLIC3, KRT10, KRT19, NDRG2, PI3, KRT23, FXYD3, LGALS3, UPK3BL1, GLTP, KRT1, HSPB1, RAB25, VAMP8, CD24, LYPD3, GSN, ELF3, CD9, DEFB1, RHOV, KRT16, LYPD2, NCCRP1, SH3BGRL3, SERPINB3, AQP3, CST6, S100A16, SPRR1B, PYDC1, SAT1, IFI27, LY6D, SMIM22",CELLxGENE Census 2025-11-08 (Spatial human thymus atlas),10.1126/science.adn5864,spatial_transcriptomic,spatial_anatomical,spatial atlas mapped to continuous cortico-medullary axis backs TEC identity,spatial human thymus atlas,2024,2024,True,2026-06-17,low,type,data/raw/thymus_spatial_2024.h5ad,scanpy.rank_genes_groups[wilcoxon]+autozyme,120,human_nonimmune,283,Thymic epithelial,rare_or_state,
thymus_spatial_2024__neuro_medullary_thymic_epithelial_cell,thymus_spatial_2024,thymus,human,Neuroendocrine mimetic mTEC,Thymic epithelial,hard,rare_or_state,neuroendocrine TEC/neuro-medullary/neuroendocrine mimetic;thymic epithelial/mTEC,1,"TUBA1A, CFAP298, GNG8, NEUROD1, CALM1, STMN1, NHLH1, TUBB3, HES6, MAP1B, TUBB2B, KIF19, PCBP4, KLHL35, BEX1, TAGLN3, PRXL2A, STMN2, RTN1, GKAP1, BASP1, TUBB4B, HIGD1B, MYO6, CIB2, NRXN1, PEG10, UCHL1, SOX4, METRN, CHGB, POU4F1, SOX11, ARHGAP36, SSTR2, TCF4, NICOL1, PCSK1N, DUSP26, PEBP1, KIF1A, CACNA1A, MIAT, NPDC1, ARL4C, EZR, IGFBPL1, HSP90AA1, CDH2, TSPAN13",CELLxGENE Census 2025-11-08 (Spatial human thymus atlas),10.1126/science.adn5864,spatial_transcriptomic,spatial_anatomical,spatial atlas mapped to continuous cortico-medullary axis backs TEC identity,spatial human thymus atlas,2024,2024,True,2026-06-17,low,type,data/raw/thymus_spatial_2024.h5ad,scanpy.rank_genes_groups[wilcoxon]+autozyme,120,human_nonimmune,284,Thymic epithelial,rare_or_state,
testis_gonad_2022__Leydig_cell,testis_gonad_2022,testis,human,Leydig cell,Gonad,medium,subtype_resolution,Leydig/interstitial/testosterone-producing/steroidogenic,1,"STAR, IGF2, S100A6, EPHX1, TSHZ2, RBP1, COL3A1, ENG, NR2F2, CYB5A, IGFBP2, PTN, PGRMC1, INSL3, HSPB6, S100A13, MATN2, TMSB4X, CITED2, MGARP, PNPLA2, C7, DLK1, B2M, S100A16, SELENOP, RAB34, OLFML3, COL6A1, PPIA, PRSS23, CTNNAL1, PEG3, SLC40A1, GSTA1, HHIP, CALD1, NDFIP1, PKDCC, VIM, FDPS, CDH11, PTCH2, CDKN1C, SNHG8, TGFBR3, PLAGL1, COL15A1, PRDX2, SULF2","CELLxGENE Census 2025-11-08 (Human gonadal development, Nature 2022)",10.1038/s41586-022-04918-4,spatial_supported_rna,spatial_anatomical,gonad roadmap with Visium spatial support; Sertoli/Leydig/germ,Garcia-Alonso Nature 2022,2022,2022,False,2026-06-17,medium,type,data/raw/testis_gonad_2022.h5ad,scanpy.rank_genes_groups[wilcoxon]+autozyme,120,human_nonimmune,285,Gonad,subtype_resolution,
testis_gonad_2022__Sertoli_cell,testis_gonad_2022,testis,human,Sertoli cell,Gonad,medium,subtype_resolution,Sertoli/sustentacular/seminiferous epithelial/SOX9,1,"AMH, BEX1, RNASE1, SERPINF1, APOA1, COPE, CITED1, FSCN1, MGST3, LGALS1, CKB, IFITM3, INHA, SERPINA5, CST3, MIR202HG, CD99, MYL6, PRDX6, PRNP, GATM, TUBA1A, CLU, G6PD, COL1A2, NICOL1, FATE1, ABRACL, VCAN, CTSV, TCEAL2, SOX9, REEP6, SPARC, ZFAND5, EID1, BEX3, S100A10, FOS, INHBB, STMN1, MAGED2, PHGDH, IFITM2, GNG7, TRIM55, DYNLL1, BRICD5, PABPN1, GNG5","CELLxGENE Census 2025-11-08 (Human gonadal development, Nature 2022)",10.1038/s41586-022-04918-4,spatial_supported_rna,spatial_anatomical,gonad roadmap with Visium spatial support; Sertoli/Leydig/germ,Garcia-Alonso Nature 2022,2022,2022,False,2026-06-17,medium,type,data/raw/testis_gonad_2022.h5ad,scanpy.rank_genes_groups[wilcoxon]+autozyme,120,human_nonimmune,286,Gonad,subtype_resolution,
testis_gonad_2022__germ_cell,testis_gonad_2022,testis,human,Germ cell,Gonad,medium,canonical_lineage,germ cell/germline/spermatogonia/PGC/gonocyte/DDX4/DAZL,1,"HSP90AB1, CCT2, CPEB1, UTF1, PCSK1N, ATP1B3, HMGA1, ERP29, HSP90AA1, HSPH1, ATP5F1A, HELLS, SOD1, C1QBP, L1TD1, CCT8, GTSF1, ALPL, HENMT1, CCT6A, RAN, SOX17, LYPLA1, PDPN, PSIP1, MKRN1, HNRNPF, TUBA1C, ACTG1, POU5F1, UPP1, SUGT1, XRCC6, SBNO1, DAZL, RAB3IP, ELAVL2, PABPC1, UACA, SPINK2, TCP1, HNRNPDL, EGFL7, PARP1, CCT4, CPVL, FAM162B, TCL1A, TOMM22, LSM4","CELLxGENE Census 2025-11-08 (Human gonadal development, Nature 2022)",10.1038/s41586-022-04918-4,spatial_supported_rna,spatial_anatomical,gonad roadmap with Visium spatial support; Sertoli/Leydig/germ,Garcia-Alonso Nature 2022,2022,2022,False,2026-06-17,medium,type,data/raw/testis_gonad_2022.h5ad,scanpy.rank_genes_groups[wilcoxon]+autozyme,120,human_nonimmune,287,Gonad,canonical_lineage,
ureter_spatial_2022__urothelial_cell,ureter_spatial_2022,ureter,human,Urothelial cell,Kidney epithelial,medium,subtype_resolution,urothelial/urothelium/uroepithelial,1,"MT2A, SERPINA1, CDHR5, SELENOP, IL32, APOA4, MT1G, PHGR1, TM4SF4, APOA1, ANPEP, LGALS4, APOC3, FABP2, TM4SF5, DPEP1, PRAP1, ALDOB, MT1H, SMIM24, FKBP5, MUC13, FABP1, CDHR2, MT1E, PCK1, AMN, GUCA2A, ZG16, GUCA2B, S100A10, APOB, RBP2, PRR13, MYO15B, IER2, SLC5A1, MEP1A, FABP6, CLDN3, UGT2B17, TSPAN8, AOC1, SGK1, KRT20, MUC17, SLC6A19, MGAM, CYP3A4, MTTP",CELLxGENE Census 2025-11-08 (urothelium: basal/intermediate/umbrella),10.1016/j.devcel.2022.07.004,spatial_visium,spatial_anatomical,scRNA+Visium+IF; urothelial basal/intermediate/umbrella spatially mapped (Dev Cell 2022),urothelium: basal/intermediate/umbrella,2022,2022,True,2026-06-17,low,type,data/raw/ureter_spatial_2022.h5ad,scanpy.rank_genes_groups[wilcoxon]+autozyme,120,human_nonimmune,288,Kidney epithelial,subtype_resolution,
ureter_spatial_2022__basal_cell_of_urothelium,ureter_spatial_2022,ureter,human,Basal urothelial cell,Urothelial,medium,subtype_resolution,basal urothelial/basal urothelium/KRT5;urothelial,1,"S100A2, KRT17, MIR205HG, IGFBP2, FABP5, ODC1, KRT5, AQP3, PDLIM1, ITGA3, BTF3, HNRNPA1, EIF4A1, IER3, KRT13, LAMB3, AKR1C2, SLC1A5, HINT1, LMNA, IGFBP7, RACK1, ITGA6, MPZL2, NPM1, LDHB, CD81, RSL1D1, SNHG29, DHRS3, TMPRSS4, MYC, EEF1A1, EEF1D, BCAM, YBX3, CTSH, CD59, PLP2, ETS2, HOTAIRM1, C12orf57, ATP1B3, EIF1, DDX5, LDHA, SOX15, PHLDA1, NCL, HMGB1",CELLxGENE Census 2025-11-08 (urothelium: basal/intermediate/umbrella),10.1016/j.devcel.2022.07.004,spatial_visium,spatial_anatomical,scRNA+Visium+IF; urothelial basal/intermediate/umbrella spatially mapped (Dev Cell 2022),urothelium: basal/intermediate/umbrella,2022,2022,True,2026-06-17,low,type,data/raw/ureter_spatial_2022.h5ad,scanpy.rank_genes_groups[wilcoxon]+autozyme,120,human_nonimmune,289,Urothelial,subtype_resolution,
ureter_spatial_2022__umbrella_cell_of_urothelium,ureter_spatial_2022,ureter,human,Umbrella cell,Urothelial,medium,subtype_resolution,umbrella cell/superficial urothelial/apical urothelial/UPK1B/UPK3A;urothelial,1,"PSCA, KRT18, UPK3A, UPK2, HPGD, VAMP8, TMEM147, CAPG, MGST1, SNCG, ANXA9, UPK1A, SPTSSB, VSIG2, CD24, RALBP1, SPRR3, ENSG00000260912, KRT23, SPINK1, PEBP1, GDPD3, ASAH1, HOPX, ECHS1, ADIRF, SERF2, DYNLL1, TMEM97, IDH1, ERP27, ANXA3, DAB2, CLIC3, PRDX1, RAB25, REXO2, TALDO1, SCCPDH, TSPAN6, DSTN, CAPS, VGLL1, MMP7, RAB11A, UPP1, CST6, BCAS1, MAL, VDAC1",CELLxGENE Census 2025-11-08 (urothelium: basal/intermediate/umbrella),10.1016/j.devcel.2022.07.004,spatial_visium,spatial_anatomical,scRNA+Visium+IF; urothelial basal/intermediate/umbrella spatially mapped (Dev Cell 2022),urothelium: basal/intermediate/umbrella,2022,2022,True,2026-06-17,low,type,data/raw/ureter_spatial_2022.h5ad,scanpy.rank_genes_groups[wilcoxon]+autozyme,120,human_nonimmune,290,Urothelial,subtype_resolution,
ureter_spatial_2022__intermediate_cell_of_urothelium,ureter_spatial_2022,ureter,human,Intermediate urothelial cell,Urothelial,hard,rare_or_state,intermediate urothelial/intermediate urothelium;urothelial,1,"CLDN1, LYPD3, TESC, DHRS2, GMNN, MAST4, GPX2, SQLE, ZNF750, CRABP2, FXYD3, C11orf96, BBLN, GDF15, UPK1B, FABP5, GPR15LG, LDHB, NRARP, PMAIP1, SDC1, DAPP1, AREG, EMP2, CSTB, PHLDA2, IFITM10, AKR1C2, CTSC, OCLN, KLF5, NECTIN1, MSMO1, CLDN4, MDM2, LINC00511, GADD45A, KRT19, TMEM40, PVALB, UPK3BL1, SFN, NECTIN4, FBLN1, GCLC, HES4, BTG2, RAP2B, ITPKC, BCL6",CELLxGENE Census 2025-11-08 (urothelium: basal/intermediate/umbrella),10.1016/j.devcel.2022.07.004,spatial_visium,spatial_anatomical,scRNA+Visium+IF; urothelial basal/intermediate/umbrella spatially mapped (Dev Cell 2022),urothelium: basal/intermediate/umbrella,2022,2022,True,2026-06-17,low,type,data/raw/ureter_spatial_2022.h5ad,scanpy.rank_genes_groups[wilcoxon]+autozyme,120,human_nonimmune,291,Urothelial,rare_or_state,
salivary_spatial_2024__duct_epithelial_cell,salivary_spatial_2024,salivary gland,human,Ductal epithelial cell,Salivary epithelial,medium,subtype_resolution,duct/ductal epithelial/intercalated duct/striated duct;salivary,1,"KRT19, DEFB1, S100A2, ADIRF, CLU, WFDC2, TFCP2L1, CD9, PTMA, PERP, ANXA1, ZFP36L1, COX4I1, SOX4, KRT15, KRT7, H3-3B, TACSTD2, ATP1B1, S100A11, S100A6, ATP5F1D, EEF1A1, SAT1, RACK1, HNRNPA1, ANXA2, FAU, GLUL, PDLIM1, LCN2, ITM2B, TXNIP, FOS, HSPB1, CFH, H3-3A, NACA, HSP90AA1, HINT1, KRT8, EIF3K, RARRES1, RBP1, YBX1, ATP1A1, GSTP1, CCNI, SKP1, LY6E",CELLxGENE Census 2025-11-08 (salivary acinar/duct/myoepithelial),10.21203/rs.3.rs-3601404,spatial_visium,spatial_anatomical,scRNA+Visium salivary gland; acinar/duct/myoepithelial spatially mapped (normal subset),salivary acinar/duct/myoepithelial,2024,2024,True,2026-06-17,low,type,data/raw/salivary_spatial_2024.h5ad,scanpy.rank_genes_groups[wilcoxon]+autozyme,120,human_nonimmune,292,Salivary epithelial,subtype_resolution,
salivary_spatial_2024__acinar_cell_of_salivary_gland,salivary_spatial_2024,salivary gland,human,Salivary acinar cell,Salivary epithelial,medium,subtype_resolution,acinar/salivary acinar/serous acinar/mucous acinar/secretory acinar;salivary,1,"ZG16B, PIP, LYZ, SLPI, MUC7, C6orf58, ENSG00000257764, CRISP3, TCN1, S100A1, XBP1, SSR4, PIGR, ODAM, FAM3D, TMED3, AZGP1, AQP5, LRRC26, GNAS, PRR4, PHB1, P4HB, CD24, CXCL5, NDRG2, CLDN10, RGCC, STATH, SEC11C, FKBP11, FDCSP, PRDX4, IGKC, TESC, NPDC1, NUCB2, SLC31A2, SMIM22, DBI, PART1, TENT5A, CALML5, RNASET2, ELAPOR1, CA2, PYCR1, CES1, AGFG2, PRR27",CELLxGENE Census 2025-11-08 (salivary acinar/duct/myoepithelial),10.21203/rs.3.rs-3601404,spatial_visium,spatial_anatomical,scRNA+Visium salivary gland; acinar/duct/myoepithelial spatially mapped (normal subset),salivary acinar/duct/myoepithelial,2024,2024,True,2026-06-17,low,type,data/raw/salivary_spatial_2024.h5ad,scanpy.rank_genes_groups[wilcoxon]+autozyme,120,human_nonimmune,293,Salivary epithelial,subtype_resolution,
salivary_spatial_2024__myoepithelial_cell,salivary_spatial_2024,salivary gland,human,Myoepithelial cell,Lung epithelial,medium,subtype_resolution,myoepithelial/submucosal gland myoepithelial/contractile epithelial;ACTA2,1,"TAGLN, TPM2, MYL9, ACTA2, PCP4, KRT17, LGALS1, MYLK, ACTG2, MYH11, ACTB, TPM1, KRT14, CST3, CNN1, CALD1, SAA1, PPP1R14A, MEG3, CSRP1, MYL6, TIMP3, GAS6, DSTN, ECRG4, A2M, PDLIM7, SYNM, MAP1B, FLNA, FBXO32, DLK1, SFRP1, CCN2, AQP1, GSN, PCSK1N, COL9A3, KCNMB1, COL4A2, SVIL, SELENOM, PPP1R12A, SPINK5, ACTN1, COL6A2, ITGB1, GAPDH, NEXN, DST",CELLxGENE Census 2025-11-08 (salivary acinar/duct/myoepithelial),10.21203/rs.3.rs-3601404,spatial_visium,spatial_anatomical,scRNA+Visium salivary gland; acinar/duct/myoepithelial spatially mapped (normal subset),salivary acinar/duct/myoepithelial,2024,2024,True,2026-06-17,low,type,data/raw/salivary_spatial_2024.h5ad,scanpy.rank_genes_groups[wilcoxon]+autozyme,120,human_nonimmune,294,Lung epithelial,subtype_resolution,
cerebellum_spatial_2021__cerebellar_granule_cell_precursor,cerebellum_spatial_2021,cerebellum,human,Granule cell precursor,Neural progenitor,hard,rare_or_state,granule cell precursor/GCP/external granule layer/ATOH1;progenitor,1,"NFIA, ERBB4, NAV2, FBXL7, NFIB, ZEB1, UNC5C, CASC15, NKAIN3, GPC6, DACH1, BOC, ROR1, SLIT2, PDE1C, FSTL4, AKAP6, COL25A1, PCBP3, MYO16, ZIC1, TCF4, CHD7, NTN1, EGFEM1P, SYNE2, ZNF704, ADAMTS6, ZBTB20, MAML3, PAX6, ABTB3, SEZ6L, DIAPH3, MKI67, RYR3, DLG1, NASP, IGFBP5, GSE1, GLI2, DOCK1, DCC, RAD51B, NDST3, CCND2, FARS2, CBFA2T2, ZNRF3, AFAP1",CELLxGENE Census 2025-11-08 (cerebellar Purkinje/granule/Bergmann (FETAL)),10.1038/s41593-021-00872-y,spatial_transcriptomic,spatial_anatomical,snRNA+Visium+LCM; cerebellar cytoarchitecture spatially validated (fetal),cerebellar Purkinje/granule/Bergmann (FETAL),2021,2021,False,2026-06-17,low,type,data/raw/cerebellum_spatial_2021.h5ad,scanpy.rank_genes_groups[wilcoxon]+autozyme,120,human_nonimmune,295,Neural progenitor,rare_or_state,
cerebellum_spatial_2021__Purkinje_cell,cerebellum_spatial_2021,cerebellum,human,Purkinje cell,Neural,medium,subtype_resolution,Purkinje/cerebellar Purkinje/PCP2/CALB1;neuron,1,"DAB1, RORA, AUTS2, FOXP2, CA8, HS6ST3, EBF1, SYN3, ZNF385D, ITPR1, CNTNAP4, PPP2R2B, CHST11, KCNMA1, PRKG1, DNER, SHISA9, OPCML, BCL11A, DPP10, NTM, CDH11, CHN2, NPAS3, SORCS1, MEF2C, EPHA5, LINC01122, CTTNBP2, LINGO2, TMEM132D, SHANK2, UBASH3B, DMD, GRM7, PTGER3, NRXN3, RBMS1, SHISA6, CTNNA2, CELF2, GRID2, GNAQ, ESRRB, ASTN1, NRG1, IMMP2L, SH3RF1, COL4A2, KCNQ3",CELLxGENE Census 2025-11-08 (cerebellar Purkinje/granule/Bergmann (FETAL)),10.1038/s41593-021-00872-y,spatial_transcriptomic,spatial_anatomical,snRNA+Visium+LCM; cerebellar cytoarchitecture spatially validated (fetal),cerebellar Purkinje/granule/Bergmann (FETAL),2021,2021,False,2026-06-17,low,type,data/raw/cerebellum_spatial_2021.h5ad,scanpy.rank_genes_groups[wilcoxon]+autozyme,120,human_nonimmune,296,Neural,subtype_resolution,
cerebellum_spatial_2021__Bergmann_glial_cell,cerebellum_spatial_2021,cerebellum,human,Bergmann glia,Glial,hard,rare_or_state,Bergmann glia/Bergmann glial/cerebellar radial glia/GDF10;glia,1,"QKI, GRID2, NCKAP5, PTN, SLC1A3, GRIA1, TNC, NPAS3, CTNNA3, MEGF10, ANKS1B, PTPRM, FAT3, SLC35F1, MAPK10, DCLK1, SOX2-OT, PTPRT, MEIS1, BMPR1B, SPATA6, CDH20, PAX3, CTNND2, NFIA, ADAMTS6, LSAMP, NTRK2, GPM6B, XYLT1, NR3C2, SOX6, DTNA, PTPRZ1, DCLK2, ZEB2, RFX4, FREM1, ATP1A2, GPM6A, LRIG1, SMOC1, CSMD1, SLC4A4, LRRTM4, PTPN13, GABRG3, PDE4B, TTC28, NCAM2",CELLxGENE Census 2025-11-08 (cerebellar Purkinje/granule/Bergmann (FETAL)),10.1038/s41593-021-00872-y,spatial_transcriptomic,spatial_anatomical,snRNA+Visium+LCM; cerebellar cytoarchitecture spatially validated (fetal),cerebellar Purkinje/granule/Bergmann (FETAL),2021,2021,False,2026-06-17,low,type,data/raw/cerebellum_spatial_2021.h5ad,scanpy.rank_genes_groups[wilcoxon]+autozyme,120,human_nonimmune,297,Glial,rare_or_state,
cerebellum_spatial_2021__granule_cell,cerebellum_spatial_2021,cerebellum,human,Cerebellar granule cell,Neural,medium,subtype_resolution,granule cell/cerebellar granule/GABRA6/RBFOX3;neuron,1,"RELN, GRIK2, ERBB4, LINC01036, KCND2, CNTN1, GPC6, RBFOX3, EPS8, UNC13C, DSCAML1, ANK3, KLHL29, CACNA2D1, DLGAP1, EPB41L4A, NRG1, TMEFF2, DPP6, MCTP1, NELL2, IL1RAPL1, CELF2, NRXN1, SH3GL2, CADPS2, RYR3, SYT1, GPC5, PAM, ZNF385B, GRIN2B, ROBO1, PTPRD, MSRA, ST18, CHD7, ZNF521, CDH18, PRKCB, SRCIN1, KCND3, PPP2R2C, FRMPD4, MAML2, FSTL4, PPP3CA, NBEA, APLP2, NEO1",CELLxGENE Census 2025-11-08 (cerebellar Purkinje/granule/Bergmann (FETAL)),10.1038/s41593-021-00872-y,spatial_transcriptomic,spatial_anatomical,snRNA+Visium+LCM; cerebellar cytoarchitecture spatially validated (fetal),cerebellar Purkinje/granule/Bergmann (FETAL),2021,2021,False,2026-06-17,low,type,data/raw/cerebellum_spatial_2021.h5ad,scanpy.rank_genes_groups[wilcoxon]+autozyme,120,human_nonimmune,298,Neural,subtype_resolution,
cerebellum_spatial_2021__GABAergic_interneuron,cerebellum_spatial_2021,cerebellum,human,GABAergic interneuron,Neural,medium,subtype_resolution,GABAergic interneuron/inhibitory interneuron/GAD1/GAD2;neuron,1,"ZFHX3, ADARB2, CELF4, CNTNAP2, PTPRK, GRIK3, GRM3, LUZP2, SLC24A4, FSTL5, ZFHX4, KCNIP1, NRXN3, RIT2, C8orf34, ESRRG, GRM7, CHRM3, GRIK4, KCNQ5, PEX5L, SAMD5, ATP8A2, KHDRBS2, FGF14, SLC44A5, GRM5, TMEM163, PTPRN2, CACNB2, SNHG14, RBMS3, DSCAM, GALNTL6, CCSER1, SLC24A2, CSMD3, TOX, ASTN2, NLGN1, CTNNA2, KCNB2, MDGA2, ELAVL4, SCN9A, EBF3, L3MBTL4, RMST, MEG3, PREX2",CELLxGENE Census 2025-11-08 (cerebellar Purkinje/granule/Bergmann (FETAL)),10.1038/s41593-021-00872-y,spatial_transcriptomic,spatial_anatomical,snRNA+Visium+LCM; cerebellar cytoarchitecture spatially validated (fetal),cerebellar Purkinje/granule/Bergmann (FETAL),2021,2021,False,2026-06-17,low,type,data/raw/cerebellum_spatial_2021.h5ad,scanpy.rank_genes_groups[wilcoxon]+autozyme,120,human_nonimmune,299,Neural,subtype_resolution,
limb_bone_cartilage_2023__chondrocyte,limb_bone_cartilage_2023,limb,human,Chondrocyte,Cartilage,medium,canonical_lineage,chondrocyte/cartilage/COL2A1/ACAN/SOX9,1,"COL2A1, COL9A1, COL9A3, COL9A2, CPE, CNMD, COL11A2, ID1, SOX9, RCN2, EPYC, HAPLN1, MATN1, ID4, CCN1, SNORC, MATN4, WWP2, GPC3, MATN3, ACAN, JUN, COL11A1, PRELP, S100A1, MIA, C5orf15, GADD45B, S100B, RHOBTB3, BTG1, SOX6, DLK1, GAPDH, RPN2, ISYNA1, JUNB, ID3, SERPINH1, CCN2, MIR23AHG, SNAI1, THUMPD3-AS1, BAMBI, CHAD, SAT1, KCNQ1OT1, FGFBP2, FOS, FOSB",CELLxGENE Census 2025-11-08 (chondrocyte/osteoblast/chondroblast (FETAL embryonic limb)),10.1038/s41586-023-06806-x,spatial_visium,spatial_anatomical,scRNA+Visium embryonic limb; chondrocyte/osteoblast lineages spatially resolved (fetal),chondrocyte/osteoblast/chondroblast (FETAL embryonic limb),2023,2023,True,2026-06-17,low,type,data/raw/limb_bone_cartilage_2023.h5ad,scanpy.rank_genes_groups[wilcoxon]+autozyme,120,human_nonimmune,300,Cartilage,canonical_lineage,
limb_bone_cartilage_2023__tendon_cell,limb_bone_cartilage_2023,limb,human,Tenocyte,Stromal,hard,rare_or_state,tenocyte/tendon cell/SCX/tendon fibroblast,1,"TNMD, POSTN, DCN, HTRA1, SCX, THBS4, GAS2, ASPN, SPARC, CRABP1, SPARCL1, COL1A1, COL1A2, CHODL, LGALS1, COL5A1, KERA, PRSS35, COL12A1, COL5A2, EIF4EBP1, SERPINF1, SERF2, COL3A1, MEOX2, TRIL, FNDC1, AKAP12, MAP1B, LOX, FBLN1, FMOD, PRDX5, OAF, CRABP2, COTL1, CD24, TMSB4X, PLP1, OGN, PCOLCE, MDK, TPM1, EEF2, RCN3, ABI3BP, NPC2, ZNF185, CNN3, MKX",CELLxGENE Census 2025-11-08 (chondrocyte/osteoblast/chondroblast (FETAL embryonic limb)),10.1038/s41586-023-06806-x,spatial_visium,spatial_anatomical,scRNA+Visium embryonic limb; chondrocyte/osteoblast lineages spatially resolved (fetal),chondrocyte/osteoblast/chondroblast (FETAL embryonic limb),2023,2023,True,2026-06-17,low,type,data/raw/limb_bone_cartilage_2023.h5ad,scanpy.rank_genes_groups[wilcoxon]+autozyme,120,human_nonimmune,301,Stromal,rare_or_state,
limb_bone_cartilage_2023__chondroblast,limb_bone_cartilage_2023,limb,human,Chondroblast,Cartilage,hard,rare_or_state,chondroblast/chondrocyte progenitor/proliferating chondrocyte;cartilage,1,"COL14A1, COL1A1, THBS2, COL1A2, PTN, LTBP1, COL12A1, MARCKS, PRRX1, PRSS23, ELN, BGN, CTHRC1, LGALS1, CILP2, IL11RA, SERPINF1, PCOLCE, SDC2, FGFR1, ALCAM, FOXP1, OGN, MFAP2, ASPN, MFAP4, SERTAD4, ITM2A, COL5A2, SLC40A1, OLFML3, MAFB, FBN2, COL8A1, NTRK2, BASP1, SPARC, CALD1, CXCL12, CAPN6, GCHFR, CLEC11A, HAPLN3, CREB3L1, CRABP2, NENF, PAPPA2, AIF1, SOSTDC1, NFIB",CELLxGENE Census 2025-11-08 (chondrocyte/osteoblast/chondroblast (FETAL embryonic limb)),10.1038/s41586-023-06806-x,spatial_visium,spatial_anatomical,scRNA+Visium embryonic limb; chondrocyte/osteoblast lineages spatially resolved (fetal),chondrocyte/osteoblast/chondroblast (FETAL embryonic limb),2023,2023,True,2026-06-17,low,type,data/raw/limb_bone_cartilage_2023.h5ad,scanpy.rank_genes_groups[wilcoxon]+autozyme,120,human_nonimmune,302,Cartilage,rare_or_state,
limb_bone_cartilage_2023__articular_chondrocyte,limb_bone_cartilage_2023,limb,human,Articular chondrocyte,Cartilage,hard,rare_or_state,articular chondrocyte/articular cartilage/superficial zone/PRG4;chondrocyte,1,"S100A6, PLAC9, SH3BGRL3, CREB5, TPPP3, COL6A1, S100A10, NDUFA4L2, COL3A1, COL6A2, ANXA1, S100A4, CAV1, TMSB4X, DSTN, IGFBP5, TIMP3, LMNA, CCN3, CD9, ANXA2, TAGLN2, OGN, OSR2, S100A11, HSPB1, PLP2, ITM2B, EMP3, FSTL1, BTC, FXYD5, COL6A3, AXL, B2M, ARL6IP5, CAPS, CRIP2, LDHA, CAVIN3, RGCC, ADIRF, GAS1, CLIC1, IGFBP6, IGFBP2, LINC02802, IFI27L2, FHL1, CD63",CELLxGENE Census 2025-11-08 (chondrocyte/osteoblast/chondroblast (FETAL embryonic limb)),10.1038/s41586-023-06806-x,spatial_visium,spatial_anatomical,scRNA+Visium embryonic limb; chondrocyte/osteoblast lineages spatially resolved (fetal),chondrocyte/osteoblast/chondroblast (FETAL embryonic limb),2023,2023,True,2026-06-17,low,type,data/raw/limb_bone_cartilage_2023.h5ad,scanpy.rank_genes_groups[wilcoxon]+autozyme,120,human_nonimmune,303,Cartilage,rare_or_state,
endometrium_spatial_2021__ciliated_cell,endometrium_spatial_2021,endometrium,human,Ciliated cell,Lung epithelial,easy,canonical_lineage,ciliated/multiciliated/FOXJ1,1,"TPPP3, CAPS, RSPH1, CCDC146, ATP5IF1, CFAP53, HOATZ, CFAP276, AGR3, CIMAP3, CIMIP1, CFAP144, HMGN3, SPMIP6, CETN2, DNAAF1, OMG, CAPSL, DYNLL1, CIMAP1B, ODF2L, ENSG00000258752, MORN2, DNALI1, ZMYND10, PPIL6, PIERCE1, LRRIQ1, KIF9, SNTN, MNS1, LINC01480, ROPN1L, CCDC170, FOXJ1, IK, CFAP90, FHAD1, EFHC1, LRRC23, DNAH12, METRN, MORN5, CFAP126, LRRC46, DNAH5, DYNLRB2, DNAH11, MS4A8, FAM216B",CELLxGENE Census 2025-11-08 (endometrial glandular-secretory/ciliated),10.1038/s41588-021-00972-2,spatial_visium,spatial_anatomical,scRNA+snRNA+Visium endometrium; glandular vs luminal spatially dissected,endometrial glandular-secretory/ciliated,2021,2021,True,2026-06-17,low,type,data/raw/endometrium_spatial_2021.h5ad,scanpy.rank_genes_groups[wilcoxon]+autozyme,120,human_nonimmune,304,Lung epithelial,canonical_lineage,
endometrium_spatial_2021__glandular_secretory_epithelial_cell,endometrium_spatial_2021,endometrium,human,Glandular epithelial cell,Uterine epithelial,medium,subtype_resolution,glandular/glandular secretory epithelial/endometrial gland/secretory epithelial;uterine,1,"SOD2, RIMKLB, SGK1, IER3, IL6ST, LDHA, DYNLT3, ARID5B, PAEP, TM4SF1, LINC01541, CLDN4, DEFB1, MGST1, CXCL14, PAPSS1, MAFF, HIF1A, CAPZA2, MAP1LC3B, USP53, SLPI, LRATD2, RETREG1, UBC, TPT1, GABRP, TCIM, DDX52, TXNIP, SLC18A2, GRN, SLC34A2, HLA-B, SLC40A1, NFKBIA, CXCL8, DUSP23, C11orf96, HLA-C, ITGB1, CHMP1B, RASD1, SLC15A1, PPIB, SRD5A3, HNMT, ARG2, C4BPA, LIMS3",CELLxGENE Census 2025-11-08 (endometrial glandular-secretory/ciliated),10.1038/s41588-021-00972-2,spatial_visium,spatial_anatomical,scRNA+snRNA+Visium endometrium; glandular vs luminal spatially dissected,endometrial glandular-secretory/ciliated,2021,2021,True,2026-06-17,low,type,data/raw/endometrium_spatial_2021.h5ad,scanpy.rank_genes_groups[wilcoxon]+autozyme,120,human_nonimmune,305,Uterine epithelial,subtype_resolution,
adipose_lazarescu_2025__adipocyte_of_omentum_tissue,adipose_lazarescu_2025,adipose tissue,human,Omental adipocyte,Stromal,medium,subtype_resolution,adipocyte/fat cell;omentum/omental/visceral,2,"PDE3B, ACACB, GPAM, GHR, TRHDE-AS1, AQP7, SORBS1, ASPH, KCNIP2-AS1, PLIN1, PRKAR2B, EBF1, GYG2, DIRC3, LINC02607, TRHDE, TLN2, RHOBTB3, PNPLA2, SIK2, TNS1, TMEM132C, SOX5, ACSL1, TENM3, LPL, DMD, ENSG00000287231, PRKAR2B-AS1, MGST1, ITGA7, MLXIPL, FAM13A, HOOK2, ADIPOQ, ENSG00000230490, COL4A1, PPP1R12B, LIPE-AS1, PPARG, COL4A2, OGA, PDZRN3, ELMOD3, PCDH9, CAV2, GRK3, ENSG00000285520, BCL2, PFKFB3",CELLxGENE Census 2025-11-08,96baf2e0-60c5-48cf-b1d1-cba657851507,snrna_marker_deconvolution,cross_study_consensus,"Human visceral adipose snRNA-seq atlas; broad adipose/stromal/vascular identities supported by canonical markers and paired bulk RNA-seq deconvolution, but labels remain RNA-derived so score only at lineage/coarse type.",Lazarescu et al. 2025 Nat Genet DOI:10.1038/s41588-024-02048-3,2025-02-01,2025,True,2026-06-17,medium,lineage,data/raw/adipose_lazarescu_2025.h5ad,scanpy.rank_genes_groups[wilcoxon]+autozyme,120,human_nonimmune,306,Stromal,subtype_resolution,
adipose_lazarescu_2025__mesothelial_cell,adipose_lazarescu_2025,adipose tissue,human,Mesothelial cell,Mesothelial,medium,canonical_lineage,mesothelial/mesothelium/epicardial,1,"ENSG00000226043, BNC2, KCTD8, PKHD1L1, SOX6, EZR, DAPK1, ERBB4, ENSG00000259986, LINC02360, SEMA3C, MCTP2, HEG1, ZFPM2, ENSG00000249631, CDON, THSD4, PTPRQ, BNC1, SAT1, SULF1, LSAMP, AOX1, RBFOX1, KCNT2, NALF1, ALDH1A2, ANKS1B, ROR1, NTNG1, PLCB1, ROR2, WT1, FLRT2, CAVIN2-AS1, GRIP1, FRAS1, LAMB1, COBL, BICC1, CARMIL1, CDK14, SORBS2, IL18, NLGN1, ARHGAP44, ATRNL1, ENSG00000276850, MUC16, PTPN13",CELLxGENE Census 2025-11-08,96baf2e0-60c5-48cf-b1d1-cba657851507,snrna_marker_deconvolution,cross_study_consensus,"Human visceral adipose snRNA-seq atlas; broad adipose/stromal/vascular identities supported by canonical markers and paired bulk RNA-seq deconvolution, but labels remain RNA-derived so score only at lineage/coarse type.",Lazarescu et al. 2025 Nat Genet DOI:10.1038/s41588-024-02048-3,2025-02-01,2025,True,2026-06-17,medium,lineage,data/raw/adipose_lazarescu_2025.h5ad,scanpy.rank_genes_groups[wilcoxon]+autozyme,120,human_nonimmune,307,Mesothelial,canonical_lineage,
adipose_lazarescu_2025__endothelial_cell,adipose_lazarescu_2025,adipose tissue,human,Endothelial cell,Endothelial,easy,canonical_lineage,endothelial/endothelium,1,"PTPRM, MECOM, LDB2, ANO2, VWF, PECAM1, ELMO1, FLT1, SEC14L1, ABLIM1, ADGRL4, MCTP1, PTPRB, CCSER1, EPAS1, TACC1, ARHGAP31, CYYR1, EMCN, SPARCL1, PIK3R3, LIFR, PREX2, RASGRF2, FLI1, CDH13, NOTCH4, ARL15, MAGI1, MYO1E, TCF4, CYYR1-AS1, DOCK9, DACH1, ITGA6, A2M, BTNL9, ERG, PLCB4, SYNE2, MRTFB, EGFL7, SHANK3, ABLIM3, FGD4, MEF2C, XAF1, KIAA1217, ST6GALNAC3, JAM2",CELLxGENE Census 2025-11-08,96baf2e0-60c5-48cf-b1d1-cba657851507,snrna_marker_deconvolution,cross_study_consensus,"Human visceral adipose snRNA-seq atlas; broad adipose/stromal/vascular identities supported by canonical markers and paired bulk RNA-seq deconvolution, but labels remain RNA-derived so score only at lineage/coarse type.",Lazarescu et al. 2025 Nat Genet DOI:10.1038/s41588-024-02048-3,2025-02-01,2025,True,2026-06-17,medium,lineage,data/raw/adipose_lazarescu_2025.h5ad,scanpy.rank_genes_groups[wilcoxon]+autozyme,120,human_nonimmune,308,Endothelial,canonical_lineage,
adipose_lazarescu_2025__endothelial_cell_of_lymphatic_vessel,adipose_lazarescu_2025,adipose tissue,human,Lymphatic endothelial cell,Endothelial,medium,subtype_resolution,lymphatic endothelial/lymphatic endothelium,1,"PPFIBP1, TFPI, MMRN1, STOX2, PTPRE, VAV3, RELN, CALCRL-AS1, GPM6A, LINC02147, DOCK5, SNTG2, STON2, PROX1, ZDHHC14, MAGI1, LINC02208, KALRN, PKHD1L1, RHOJ, EFNA5, PIEZO2, TBX1, TSPAN5, SLC22A23, MPP7, ITGA9, NRG3, NXN, ZNF521, SEMA6A-AS1, TLL1, SEMA6A, RASGRP3, ST6GALNAC3, AKAP12, PGM5, COLEC12, PDE7B, STAB2, KIAA1671, NRP2, CNKSR3, MITA1, STK32B, HECW2, SMAD1, ANKS1A, APP, EXOC6",CELLxGENE Census 2025-11-08,96baf2e0-60c5-48cf-b1d1-cba657851507,snrna_marker_deconvolution,cross_study_consensus,"Human visceral adipose snRNA-seq atlas; broad adipose/stromal/vascular identities supported by canonical markers and paired bulk RNA-seq deconvolution, but labels remain RNA-derived so score only at lineage/coarse type.",Lazarescu et al. 2025 Nat Genet DOI:10.1038/s41588-024-02048-3,2025-02-01,2025,True,2026-06-17,medium,lineage,data/raw/adipose_lazarescu_2025.h5ad,scanpy.rank_genes_groups[wilcoxon]+autozyme,120,human_nonimmune,309,Endothelial,subtype_resolution,
adipose_lazarescu_2025__mesenchymal_stem_cell_of_adipose_tissue,adipose_lazarescu_2025,adipose tissue,human,Adipose mesenchymal stem cell,Stromal,medium,subtype_resolution,adipose stem/ASPC/mesenchymal stem/stromal,1,"NEGR1, ABCA10, RORA, ABCA9, LAMA2, DCN, PID1, DCLK1, ABCA6, MIR99AHG, BICC1, TSHZ2, ABCA8, COL6A3, UST, ABCA9-AS1, FBXL7, FGF14, COL1A2, PRRX1, NOVA1, SNED1, C7, KAZN, FBN1, MEG3, ADAMTSL3, FBLN1, PDGFRA, PBX1, SETBP1, CYP1B1-AS1, DDR2, PTPRD, SVIL, SLIT2, LRFN5, MEIS1, TNXB, ADAMTSL1, EBF2, MEG8, LINC02511, ENSG00000271774, SVEP1, ROBO2, ENSG00000259481, BOC, PRICKLE1, SH3PXD2B",CELLxGENE Census 2025-11-08,96baf2e0-60c5-48cf-b1d1-cba657851507,snrna_marker_deconvolution,cross_study_consensus,"Human visceral adipose snRNA-seq atlas; broad adipose/stromal/vascular identities supported by canonical markers and paired bulk RNA-seq deconvolution, but labels remain RNA-derived so score only at lineage/coarse type.",Lazarescu et al. 2025 Nat Genet DOI:10.1038/s41588-024-02048-3,2025-02-01,2025,True,2026-06-17,medium,lineage,data/raw/adipose_lazarescu_2025.h5ad,scanpy.rank_genes_groups[wilcoxon]+autozyme,120,human_nonimmune,310,Stromal,subtype_resolution,
adipose_lazarescu_2025__mural_cell,adipose_lazarescu_2025,adipose tissue,human,Mural cell,Vascular,medium,subtype_resolution,mural cell/pericyte/vascular smooth muscle,1,"PRKG1, RGS6, CARMN, DLC1, COL25A1, ADGRB3, PDGFRB, INPP4B, RCAN2, PDE3A, EPS8, LINC00989, ZEB2, SOX5, CLMN, LINC02237, CACNA1C, NR2F2-AS1, IGFBP7, FRY, GUCY1A1, PLCL1, EPHA3, THSD7B, LHFPL6, ARHGAP6, SYNPO2, PDE1C, TPM1, SPECC1, MYO1B, SLCO3A1, CALD1, RNF152, ENSG00000275443, STEAP4, LPP, NOTCH3, PTPRG, RBPMS, CDH6, EBF2, EDNRA, UBA2, FRMD3, LMOD1, TBC1D1, APBB2, GRK5, NCKAP5",CELLxGENE Census 2025-11-08,96baf2e0-60c5-48cf-b1d1-cba657851507,snrna_marker_deconvolution,cross_study_consensus,"Human visceral adipose snRNA-seq atlas; broad adipose/stromal/vascular identities supported by canonical markers and paired bulk RNA-seq deconvolution, but labels remain RNA-derived so score only at lineage/coarse type.",Lazarescu et al. 2025 Nat Genet DOI:10.1038/s41588-024-02048-3,2025-02-01,2025,True,2026-06-17,medium,lineage,data/raw/adipose_lazarescu_2025.h5ad,scanpy.rank_genes_groups[wilcoxon]+autozyme,120,human_nonimmune,311,Vascular,subtype_resolution,
kidney_mouse_multiome__metanephric_nephron_tubule_epithelial_cell,kidney_mouse_multiome,kidney,mouse,Nephron tubule cell,Kidney epithelial,medium,canonical_lineage,nephron tubule/renal tubule/tubular epithelial/kidney tubule,1,"Gpc6, Eya4, Ncam1, Vcan, Cacna2d1, Hmga2, Auts2, Cped1, 2610307P16Rik, Robo2, Eya1, Unc5c, Gpc3, Meis2, Kif26b, Pax2, Sncaip, Cdh11, Nkain3, Ltbp1, Fbn2, Hmcn1, Grb10, Robo1, Wt1, Tenm3, Ttc28, Rbfox1, Erdr1y, Pdgfc, Mmp16, Cdh2, Itga8, Tcf4, Ptprm, Abr, Snap91, Hs6st2, Sobp, Cadm1, Wt1os, Ptbp2, Cpsf6, Fat3, Lhfpl2, Negr1, Tshz2, Akt3, Maml3, Cacnb4",CELLxGENE Census 2025-11-08,25818bf7-e2a7-41ec-8ff2-bc369c0ff4f5,multiome_atac,orthogonal_molecular,10x multiome RNA plus ATAC from the same nuclei supports kidney segment identity; ATAC is independent molecular evidence but not a pure experimental gate.,Chen et al. 2025 Nat Genet DOI:10.1038/s41588-025-02161-x,2025-06-01,,True,2026-06-17,low,lineage_or_subtype,data/raw/kidney_mouse_multiome.h5ad,scanpy.rank_genes_groups[wilcoxon]+autozyme,1500,mouse,312,Kidney epithelial,canonical_lineage,
kidney_mouse_multiome__ureteric_bud_cell,kidney_mouse_multiome,kidney,mouse,Ureteric bud cell,Kidney epithelial,hard,rare_or_state,ureteric bud/collecting duct progenitor/ureteric,1,"Grik2, Ctnnd2, Nrg3, Gfra1, Stox2, Dok6, Bmpr1b, 9230110F11Rik, Gpc6, Slco4c1, Hdac9, Lcorl, Naaladl2, Adgrl3, Fras1, Sema6a, Ros1, Fmn1, Sema3d, Robo1, Cyp7b1, Kcnc2, Dock7, Grip1, Sorbs2, Dach1, Cadm1, Hmga2, Nfib, Tox, Sdk1, Tmtc2, Hs3st3b1, Scn8a, Gpc3, Hoxb3, Hs3st3a1, Ppfibp1, Tenm3, Ppp1r9a, Mecom, Nav3, Adgrl2, Limch1, Frem2, Auts2, Prdm16, Mpped2, Calb1, Pax2",CELLxGENE Census 2025-11-08,25818bf7-e2a7-41ec-8ff2-bc369c0ff4f5,multiome_atac,orthogonal_molecular,10x multiome RNA plus ATAC from the same nuclei supports kidney segment identity; ATAC is independent molecular evidence but not a pure experimental gate.,Chen et al. 2025 Nat Genet DOI:10.1038/s41588-025-02161-x,2025-06-01,,True,2026-06-17,low,lineage_or_subtype,data/raw/kidney_mouse_multiome.h5ad,scanpy.rank_genes_groups[wilcoxon]+autozyme,1473,mouse,313,Kidney epithelial,rare_or_state,
kidney_mouse_multiome__podocyte,kidney_mouse_multiome,kidney,mouse,Podocyte,Kidney epithelial,easy,canonical_lineage,podocyte/glomerular epithelial/visceral epithelial,1,"Srgap1, Robo2, Wt1, Pard3b, Ptpro, Dach1, Nebl, Zfp385b, Magi2, Wt1os, St6galnac3, Thsd7a, Dock4, Arhgap28, Unc5c, Podxl, Zbtb7c, Sncaip, Dpp4, Cdc14a, Plekhg1, Sgip1, Nphs1, Maml3, Plce1, Gab2, Enpep, Iqgap2, Auts2, Mgat5, Golim4, Cers6, Tmod3, Ptprd, Parva, Kcnq1ot1, Vegfa, Epb41l5, Tmem150c, Qki, Csnk1a1, Gm29266, Foxd2os, Pde3a, Nphs2, Igfbp7, Septin11, Rnf150, Mcc, Clic5",CELLxGENE Census 2025-11-08,25818bf7-e2a7-41ec-8ff2-bc369c0ff4f5,multiome_atac,orthogonal_molecular,10x multiome RNA plus ATAC from the same nuclei supports kidney segment identity; ATAC is independent molecular evidence but not a pure experimental gate.,Chen et al. 2025 Nat Genet DOI:10.1038/s41588-025-02161-x,2025-06-01,,True,2026-06-17,low,lineage_or_subtype,data/raw/kidney_mouse_multiome.h5ad,scanpy.rank_genes_groups[wilcoxon]+autozyme,1500,mouse,314,Kidney epithelial,canonical_lineage,
kidney_mouse_multiome__epithelial_cell_of_proximal_tubule,kidney_mouse_multiome,kidney,mouse,Proximal tubule cell,Kidney epithelial,medium,subtype_resolution,proximal tubule/proximal convoluted/PT cell/PCT,1,"Ghr, Lrp2, Trps1, Gramd1b, Fut9, Gk, Keg1, Slc6a18, Aadat, Fggy, Cubn, Gpm6a, Slc27a2, Slc7a12, Mep1a, Oxr1, Slc23a1, Gpc4, Cdh6, Slc25a21, Sugct, Atp11a, Satb2, Gcnt1, Nhs, Pdzk1, Myo5b, Osbpl8, Pter, Napsa, Ccser1, Slc47a1, Itgb6, Arhgap42, Sema3c, Gm39079, Snx29, Npnt, B3gat2, Itga1, Lactb2, Chpt1, Hoga1, Slc6a15, Auts2, Nceh1, Galnt14, Gm45792, Kansl1l, Hnf1aos1",CELLxGENE Census 2025-11-08,25818bf7-e2a7-41ec-8ff2-bc369c0ff4f5,multiome_atac,orthogonal_molecular,10x multiome RNA plus ATAC from the same nuclei supports kidney segment identity; ATAC is independent molecular evidence but not a pure experimental gate.,Chen et al. 2025 Nat Genet DOI:10.1038/s41588-025-02161-x,2025-06-01,,True,2026-06-17,low,lineage_or_subtype,data/raw/kidney_mouse_multiome.h5ad,scanpy.rank_genes_groups[wilcoxon]+autozyme,1500,mouse,315,Kidney epithelial,subtype_resolution,
kidney_mouse_multiome__fibroblast,kidney_mouse_multiome,kidney,mouse,Fibroblast,Stromal,easy,canonical_lineage,fibroblast/stromal/mesenchymal,1,"Cfh, Dlc1, Pde3a, Ldb2, Meis1, Rbms3, Meis2, Lhfpl6, Kcnt2, Lama2, Cdh11, Ebf1, Gpc6, Gria4, Pbx1, Tenm3, Frem1, B130024G19Rik, Zeb2, Nr2f2, Fign, Fbxl7, Cald1, Cped1, Tshz2, Gulp1, Atrnl1, Prkg1, Rora, Col1a2, Robo2, Nfia, B3galt1, Gucy1a2, Gab2, Hmcn1, Adgrl3, Sox5, Col3a1, Zfpm2, Gucy1a1, Ttc28, Mir100hg, Fhl2, Pcdh9, Colec12, Gpc3, Prickle2, Itga9, Adamtsl1",CELLxGENE Census 2025-11-08,25818bf7-e2a7-41ec-8ff2-bc369c0ff4f5,multiome_atac,orthogonal_molecular,10x multiome RNA plus ATAC from the same nuclei supports kidney segment identity; ATAC is independent molecular evidence but not a pure experimental gate.,Chen et al. 2025 Nat Genet DOI:10.1038/s41588-025-02161-x,2025-06-01,,True,2026-06-17,low,lineage_or_subtype,data/raw/kidney_mouse_multiome.h5ad,scanpy.rank_genes_groups[wilcoxon]+autozyme,1500,mouse,316,Stromal,canonical_lineage,
kidney_mouse_multiome__parietal_epithelial_cell,kidney_mouse_multiome,kidney,mouse,Parietal epithelial cell,Kidney epithelial,medium,subtype_resolution,parietal epithelial/Bowman/parietal,1,"Cdh6, Ptpn13, Ncam1, Myo9a, Gpc6, Oxr1, Erbb4, Epha7, Dcdc2a, Ptprk, Robo1, Fhod3, Grip1, Lama1, Auts2, Lgr4, Grid1, Col4a1, Bicc1, Adamts16, Gpc3, Slit3, Col18a1, Etl4, Igfbp7, Lpp, Pdgfd, Dmd, Srgap1, Tshz2, Vps13b, Fras1, Adamts1, Farp1, Trpm3, Bnc2, Cacna2d1, Dach1, Dpp4, Glis3, Sema3c, Myo5b, Sh3d19, Rai14, Greb1l, Stxbp6, Epb41l5, Npas3, Adamts9, Pard3b",CELLxGENE Census 2025-11-08,25818bf7-e2a7-41ec-8ff2-bc369c0ff4f5,multiome_atac,orthogonal_molecular,10x multiome RNA plus ATAC from the same nuclei supports kidney segment identity; ATAC is independent molecular evidence but not a pure experimental gate.,Chen et al. 2025 Nat Genet DOI:10.1038/s41588-025-02161-x,2025-06-01,,True,2026-06-17,low,lineage_or_subtype,data/raw/kidney_mouse_multiome.h5ad,scanpy.rank_genes_groups[wilcoxon]+autozyme,1500,mouse,317,Kidney epithelial,subtype_resolution,
kidney_mouse_multiome__kidney_collecting_duct_principal_cell,kidney_mouse_multiome,kidney,mouse,Collecting duct principal cell,Kidney epithelial,medium,subtype_resolution,principal cell/collecting duct principal/principal,1,"Frmpd4, Phactr1, Cacnb2, Sox6, Veph1, Phactr2, Mecom, Mgat4c, Tmem45b, Bmpr1b, Pde8b, Pde1c, Mpped2, Cdkl1, Plcl1, Naaladl2, Nckap5, Lrba, Npnt, Grip1, Pde7b, Nr3c2, Ccser1, Tmem117, Kif26b, Srgap3, Aqp2, Shroom3, Fxyd4, Sorbs2, Fam110b, Mpp7, Dnm3, Sim1, Reps2, Setbp1, Crybg1, Kcnc2, Tfcp2l1, Dock7, Ptprj, Aqp4, Pax2, Nedd4l, Dab1, Gls, Magi1, Glis3, Prdm16, Frk",CELLxGENE Census 2025-11-08,25818bf7-e2a7-41ec-8ff2-bc369c0ff4f5,multiome_atac,orthogonal_molecular,10x multiome RNA plus ATAC from the same nuclei supports kidney segment identity; ATAC is independent molecular evidence but not a pure experimental gate.,Chen et al. 2025 Nat Genet DOI:10.1038/s41588-025-02161-x,2025-06-01,,True,2026-06-17,low,lineage_or_subtype,data/raw/kidney_mouse_multiome.h5ad,scanpy.rank_genes_groups[wilcoxon]+autozyme,1500,mouse,318,Kidney epithelial,subtype_resolution,
kidney_mouse_multiome__endothelial_cell,kidney_mouse_multiome,kidney,mouse,Endothelial cell,Endothelial,easy,canonical_lineage,endothelial/endothelium,1,"Meis2, Flt1, Plpp1, Emcn, Adgrl4, Pbx1, Ptprm, Ldb2, Ptprb, Tcf4, Tek, Prex2, Sptbn1, Rbms1, Cyyr1, Rapgef4, Apbb2, Zeb1, Prkch, Fam117b, Rapgef5, Ebf1, Limch1, Arhgap31, Dysf, Calcrl, Rasal2, Arhgap26, Heg1, Eng, Hecw2, Plpp3, Dock4, Csgalnact1, Pecam1, Mef2c, Inpp4b, Fbxl7, Dnm3, Adgrf5, Exoc3l2, Shank3, Ptk2, Ccdc85a, Asap1, Fmnl2, Prkg1, Peak1, Chrm3, Nrp1",CELLxGENE Census 2025-11-08,25818bf7-e2a7-41ec-8ff2-bc369c0ff4f5,multiome_atac,orthogonal_molecular,10x multiome RNA plus ATAC from the same nuclei supports kidney segment identity; ATAC is independent molecular evidence but not a pure experimental gate.,Chen et al. 2025 Nat Genet DOI:10.1038/s41588-025-02161-x,2025-06-01,,True,2026-06-17,low,lineage_or_subtype,data/raw/kidney_mouse_multiome.h5ad,scanpy.rank_genes_groups[wilcoxon]+autozyme,1500,mouse,319,Endothelial,canonical_lineage,
kidney_mouse_multiome__kidney_connecting_tubule_epithelial_cell,kidney_mouse_multiome,kidney,mouse,Connecting tubule cell,Kidney epithelial,hard,rare_or_state,connecting tubule/CNT,1,"Slc8a1, Phactr1, Slit2, Mecom, Calb1, Tox3, Tmem52b, Nr3c2, Dach1, Kl, Nudt4, Pkhd1, Ipcef1, Tsc22d2, Tfcp2l1, Tsc22d1, Sox6, Sorbs2, Arl15, Tdrd3, Plcl1, Phactr2, Kcnq1, Cadps2, Stox2, Slc2a9, Grb14, Kng2, Klhl3, Gls, Sgms2, Ccdc141, Sdk1, Wnk1, Kcnj16, Scnn1b, Esrrg, Atp1a1, Acss3, Defb1, Prdm16, AI838599, Ank3, Tmem117, Peli2, Abca13, Magi1, Trpm6, Vdr, Ppargc1a",CELLxGENE Census 2025-11-08,25818bf7-e2a7-41ec-8ff2-bc369c0ff4f5,multiome_atac,orthogonal_molecular,10x multiome RNA plus ATAC from the same nuclei supports kidney segment identity; ATAC is independent molecular evidence but not a pure experimental gate.,Chen et al. 2025 Nat Genet DOI:10.1038/s41588-025-02161-x,2025-06-01,,True,2026-06-17,low,lineage_or_subtype,data/raw/kidney_mouse_multiome.h5ad,scanpy.rank_genes_groups[wilcoxon]+autozyme,1500,mouse,320,Kidney epithelial,rare_or_state,
kidney_mouse_multiome__kidney_collecting_duct_intercalated_cell,kidney_mouse_multiome,kidney,mouse,Collecting duct intercalated cell,Kidney epithelial,medium,subtype_resolution,intercalated cell/intercalated,1,"Tmem117, Atp6v0d2, Dmxl1, Pam, Pde1a, Itpr2, Rcan2, Atp6v1c2, Tfcp2l1, Cpeb2, Wdr72, Atp6v1g3, Ralgapa2, Nedd4l, Bmpr1b, Ncoa7, Slc4a9, Car12, Syn2, Eps8, Rnf152, Atp6v0a4, Esrrg, Adgrf5, Nr3c2, Pde4b, Tmcc3, Atp6v1b1, Atp6v1a, Ccbe1, Clnk, Fam13a, Gm12121, Arl15, Kcnq1, Rhcg, Exoc6b, Atp6v1h, Arhgap18, Kit, Mecom, Epb41l2, Car2, Naaladl2, Magi1, Gclc, Alcam, Gm20732, Foxp1, Met",CELLxGENE Census 2025-11-08,25818bf7-e2a7-41ec-8ff2-bc369c0ff4f5,multiome_atac,orthogonal_molecular,10x multiome RNA plus ATAC from the same nuclei supports kidney segment identity; ATAC is independent molecular evidence but not a pure experimental gate.,Chen et al. 2025 Nat Genet DOI:10.1038/s41588-025-02161-x,2025-06-01,,True,2026-06-17,low,lineage_or_subtype,data/raw/kidney_mouse_multiome.h5ad,scanpy.rank_genes_groups[wilcoxon]+autozyme,1500,mouse,321,Kidney epithelial,subtype_resolution,
kidney_mouse_multiome__epithelial_cell_of_proximal_tubule_segment_1,kidney_mouse_multiome,kidney,mouse,Proximal tubule cell (S1),Kidney epithelial,medium,subtype_resolution,proximal tubule/proximal convoluted/PT cell/PCT,1,"Slc34a1, Slc5a12, Slc4a4, Nox4, Dab2, Fut9, Bnc2, Acsm2, Nhs, Kcnj15, Pik3c2g, Ndrg1, Cryl1, Ptprd, Snx29, Lrp2, Pah, Slc13a1, Gatm, Tnfaip8, Abcc2, Gpx3, Pde4d, Nr1h4, Errfi1, Tinag, Fggy, Plcb1, Rab11fip3, Frmd4b, Cyp2j5, Maf, Dpyd, Folh1, Cubn, Glyat, Sord, Slc5a2, Fhit, C330002G04Rik, Atxn1, Ppara, Pdzk1, Itpr1, Slc7a7, Magi2, Gldc, Timp3, Gm37245, Adra1a",CELLxGENE Census 2025-11-08,25818bf7-e2a7-41ec-8ff2-bc369c0ff4f5,multiome_atac,orthogonal_molecular,10x multiome RNA plus ATAC from the same nuclei supports kidney segment identity; ATAC is independent molecular evidence but not a pure experimental gate.,Chen et al. 2025 Nat Genet DOI:10.1038/s41588-025-02161-x,2025-06-01,,True,2026-06-17,low,lineage_or_subtype,data/raw/kidney_mouse_multiome.h5ad,scanpy.rank_genes_groups[wilcoxon]+autozyme,1500,mouse,322,Kidney epithelial,subtype_resolution,
kidney_mouse_multiome__epithelial_cell_of_proximal_tubule_segment_2,kidney_mouse_multiome,kidney,mouse,Proximal tubule cell (S2),Kidney epithelial,medium,subtype_resolution,proximal tubule/proximal convoluted/PT cell/PCT,1,"Slc34a1, Dab2, Slc4a4, Slc13a1, Kcnj15, Pde4d, Lrp2, Snx29, Slc27a2, Fut9, Cyp2j5, Gk, Abcc2, Nr1h4, Gm39079, Slc13a3, Phyhipl, Hnf4aos, Bnc2, Slc25a21, Keg1, Slc47a1, Nhs, Cubn, Acsm2, Fggy, Slc17a1, Gm42397, Ndrg1, Errfi1, Sugct, Acox1, Chpt1, Pter, Pah, Tnfrsf21, Ghr, Itpr1, Pdzk1, Them7, Aass, Slc6a20b, Nox4, Gm45792, Aspa, A1cf, Cryl1, Frmd4b, Ar, Tns1",CELLxGENE Census 2025-11-08,25818bf7-e2a7-41ec-8ff2-bc369c0ff4f5,multiome_atac,orthogonal_molecular,10x multiome RNA plus ATAC from the same nuclei supports kidney segment identity; ATAC is independent molecular evidence but not a pure experimental gate.,Chen et al. 2025 Nat Genet DOI:10.1038/s41588-025-02161-x,2025-06-01,,True,2026-06-17,low,lineage_or_subtype,data/raw/kidney_mouse_multiome.h5ad,scanpy.rank_genes_groups[wilcoxon]+autozyme,1500,mouse,323,Kidney epithelial,subtype_resolution,
kidney_mouse_multiome__kidney_distal_convoluted_tubule_epithelial_cell,kidney_mouse_multiome,kidney,mouse,Distal convoluted tubule cell,Kidney epithelial,medium,subtype_resolution,distal convoluted tubule/DCT/distal tubule,1,"Slc12a3, Trpm7, Abca13, Wnk1, Trpm6, Klhl3, Tsc22d1, Kng2, Cadps2, Mecom, Atp1a1, Slc16a7, Sgms2, Tdrd3, Ank3, Tox3, Cacnb4, Egf, Ccdc141, Cnnm2, Pkhd1, Kctd1, Tmem52b, Esrrg, Ppargc1a, Tsc22d2, Rgs6, Atp1b1, Stk32b, Prkd1, Tmem72, Esrrb, Ptgfr, Phactr1, Stk39, Slit2, Kcnj1, Acss3, Oxct1, Nr3c2, Defb1, Pkp4, Erbb4, Larp1b, Pde7b, Magi1, Dach1, Grb14, Me3, Chka",CELLxGENE Census 2025-11-08,25818bf7-e2a7-41ec-8ff2-bc369c0ff4f5,multiome_atac,orthogonal_molecular,10x multiome RNA plus ATAC from the same nuclei supports kidney segment identity; ATAC is independent molecular evidence but not a pure experimental gate.,Chen et al. 2025 Nat Genet DOI:10.1038/s41588-025-02161-x,2025-06-01,,True,2026-06-17,low,lineage_or_subtype,data/raw/kidney_mouse_multiome.h5ad,scanpy.rank_genes_groups[wilcoxon]+autozyme,1500,mouse,324,Kidney epithelial,subtype_resolution,
kidney_mouse_multiome__urothelial_cell,kidney_mouse_multiome,kidney,mouse,Urothelial cell,Kidney epithelial,medium,subtype_resolution,urothelial/urothelium/uroepithelial,1,"Myof, Crybg1, Rab27b, Ikzf2, Naaladl2, Nckap5, Tmprss2, Atp8b1, Alcam, Rbms3, Grip1, Slc12a2, Ttc6, Cd2ap, Celf2, Junos, Col4a5, Col4a6, Nfat5, Upk1b, Airn, Gata3, Mcu, Etl4, Mecom, 2610307P16Rik, Phactr2, Fry, Ptpn14, Tmem45b, Gpr39, Fras1, Mpp7, Mllt3, Adgrg6, Psd3, Ahr, Pard3, Maml2, Pparg, Rbpms, Pof1b, Sorbs2, Gsdmc2, Dusp16, Lurap1l, Limk2, Gpc5, Sytl5, Capn13",CELLxGENE Census 2025-11-08,25818bf7-e2a7-41ec-8ff2-bc369c0ff4f5,multiome_atac,orthogonal_molecular,10x multiome RNA plus ATAC from the same nuclei supports kidney segment identity; ATAC is independent molecular evidence but not a pure experimental gate.,Chen et al. 2025 Nat Genet DOI:10.1038/s41588-025-02161-x,2025-06-01,,True,2026-06-17,low,lineage_or_subtype,data/raw/kidney_mouse_multiome.h5ad,scanpy.rank_genes_groups[wilcoxon]+autozyme,715,mouse,325,Kidney epithelial,subtype_resolution,
kidney_mouse_multiome__kidney_loop_of_Henle_descending_limb_epithelial_cell,kidney_mouse_multiome,kidney,mouse,Descending limb cell (LoH),Kidney epithelial,hard,rare_or_state,descending limb/thin descending/loop of Henle,1,"Tbc1d4, Rbms3, Dnm3, Tshz2, Pkhd1, Chn2, Bicc1, Rora, Cobll1, Wwc1, Myo9a, Gls, Cobl, Glis3, Veph1, Ext1, Galnt18, Sema5a, Slc6a6, Scel, Utrn, Elovl7, Col4a3, Ptpn13, Col4a4, Pax8, Gramd1b, Stxbp6, Pax2, Tns3, Ptpn14, Pgm5, Lmo7, Fry, Chst9, Satb2, Dock1, Col4a5, Zbtb20, Shank2, Myo5b, Sorcs3, Nfat5, Myo1d, Ranbp3l, Arhgap24, Dtnb, Apela, Met, Svil",CELLxGENE Census 2025-11-08,25818bf7-e2a7-41ec-8ff2-bc369c0ff4f5,multiome_atac,orthogonal_molecular,10x multiome RNA plus ATAC from the same nuclei supports kidney segment identity; ATAC is independent molecular evidence but not a pure experimental gate.,Chen et al. 2025 Nat Genet DOI:10.1038/s41588-025-02161-x,2025-06-01,,True,2026-06-17,low,lineage_or_subtype,data/raw/kidney_mouse_multiome.h5ad,scanpy.rank_genes_groups[wilcoxon]+autozyme,1500,mouse,326,Kidney epithelial,rare_or_state,
kidney_mouse_multiome__epithelial_cell_of_proximal_tubule_segment_3,kidney_mouse_multiome,kidney,mouse,Proximal tubule cell (S3),Kidney epithelial,medium,subtype_resolution,proximal tubule/proximal convoluted/PT cell/PCT,1,"Gramd1b, Atp11a, Slc27a2, Ghr, Slc6a18, Sugct, Aadat, Gk, Chpt1, Osbpl8, Napsa, Keg1, Slc23a1, Gpm6a, Thrb, Nceh1, Slco1a6, Mep1a, Gcnt1, Cubn, Lrp2, Trps1, Slc3a1, Hnf4aos, Itgb8, Mat2a, Pdzk1, Pter, Lactb2, Slc25a21, Gm42397, Pde4d, Slc1a1, Mpv17l, Hgd, Slc6a20b, Slc5a8, Slc17a3, Kap, 4930533I22Rik, Ugt3a1, Slc17a1, Cyp2j5, Fggy, Agps, Slc22a19, Tnfrsf21, Them7, Satb2, Gm43190",CELLxGENE Census 2025-11-08,25818bf7-e2a7-41ec-8ff2-bc369c0ff4f5,multiome_atac,orthogonal_molecular,10x multiome RNA plus ATAC from the same nuclei supports kidney segment identity; ATAC is independent molecular evidence but not a pure experimental gate.,Chen et al. 2025 Nat Genet DOI:10.1038/s41588-025-02161-x,2025-06-01,,True,2026-06-17,low,lineage_or_subtype,data/raw/kidney_mouse_multiome.h5ad,scanpy.rank_genes_groups[wilcoxon]+autozyme,1500,mouse,327,Kidney epithelial,subtype_resolution,
kidney_mouse_multiome__kidney_loop_of_Henle_ascending_limb_epithelial_cell,kidney_mouse_multiome,kidney,mouse,Ascending limb cell (LoH),Kidney epithelial,medium,subtype_resolution,ascending limb/thick ascending/loop of Henle/TAL,1,"Slc12a1, Erbb4, Slc5a3, Bckdhb, Kng2, Egf, Ppargc1a, Ank3, Cacnb4, Abca13, Sgcz, Cgnl1, Dst, Atp1b1, Esrrb, Ptger3, Tmem72, Stxbp4, Me3, Slc16a7, Paqr5, Pkp4, Pde1a, Cyfip2, Umod, Lrba, Pkhd1, Mecom, Tenm2, Dnm3, Plekhg1, Atp1a1, Nudt4, Esrrg, Fxyd2, Arhgap6, Pcsk6, Efna5, Syne2, Plekha6, Cdkl1, Plcb1, P3h2, Slc9a3, Stk39, Lmo7, Pdgfd, Epb41, Shroom3, Ppp2r3a",CELLxGENE Census 2025-11-08,25818bf7-e2a7-41ec-8ff2-bc369c0ff4f5,multiome_atac,orthogonal_molecular,10x multiome RNA plus ATAC from the same nuclei supports kidney segment identity; ATAC is independent molecular evidence but not a pure experimental gate.,Chen et al. 2025 Nat Genet DOI:10.1038/s41588-025-02161-x,2025-06-01,,True,2026-06-17,low,lineage_or_subtype,data/raw/kidney_mouse_multiome.h5ad,scanpy.rank_genes_groups[wilcoxon]+autozyme,1500,mouse,328,Kidney epithelial,subtype_resolution,
cortex_mouse_yao_2021__glutamatergic_neuron,cortex_mouse_yao_2021,cortex,mouse,Glutamatergic neuron,Neural,medium,subtype_resolution,glutamatergic/excitatory neuron/excitatory,1,"Arpp21, Pcsk2, Sv2b, Celf2, Car10, Ryr2, Nrg1, Satb2, Ano3, Kcnh7, Snap25, Ptprd, Slc17a7, Kcnh1, Hecw1, Rbfox3, Kalrn, Phactr1, Cnksr2, Cacnb4, Camk2a, Kcnma1, Sh3gl2, Syt1, Grin2a, Atp2b2, Grin2b, Gabrb3, Camk4, Tenm4, Kcnip4, Erc2, Dlgap2, Khdrbs3, Ppp3ca, Nrg3, Lrfn5, Cdh12, Cacna1e, Clstn2, Grin1, Lrrc7-1, Nell2, D430041D05Rik, Tenm2, R3hdm1, Homer1, Agbl4, Mef2c, Rims1",CELLxGENE Census 2025-11-08 (mouse motor cortex (mirrors human neocortex)),10.1038/s41586-021-03500-8,snmc_snatac_epigenomic,orthogonal_molecular,snmC-seq2 + snATAC-seq epigenomic cross-validation of MOp RNA taxonomy (BICCN),mouse motor cortex (mirrors human neocortex),2021,2021.0,False,2026-06-17,low,type,data/raw/cortex_mouse_yao_2021.h5ad,scanpy.rank_genes_groups[wilcoxon]+autozyme,120,mouse,329,Neural,subtype_resolution,
cortex_mouse_yao_2021__GABAergic_neuron,cortex_mouse_yao_2021,cortex,mouse,GABAergic neuron,Neural,medium,subtype_resolution,GABAergic/inhibitory neuron/inhibitory,1,"Cntnap2, Meg3, Galntl6, Grip1, Snhg11, Gad2, Gad1, Rab3c, Kcnc1, Kcnmb2, Elavl2, Nrxn3, Dlx6os1, Hcn1, Gria1, Kcnip1, Slc2a13, Syt1, Grin2b, Cadps, Robo2, Atp1a3, Ptprn2, Vstm2a, Dlgap1, Xkr4, Epha6, Kctd16, Cntn5, Spock3, Gabrg3, Scn1a, Rbfox1, Dlgap2, Atp1b1, Ptchd4, Usp29, Celf4, Kcnc2, Cit, Dner, Nap1l5, Ttc3, Frmpd4, Tmem130, Grm5, Grin1, Nrg3, Ube3a, Myt1l",CELLxGENE Census 2025-11-08 (mouse motor cortex (mirrors human neocortex)),10.1038/s41586-021-03500-8,snmc_snatac_epigenomic,orthogonal_molecular,snmC-seq2 + snATAC-seq epigenomic cross-validation of MOp RNA taxonomy (BICCN),mouse motor cortex (mirrors human neocortex),2021,2021.0,False,2026-06-17,low,type,data/raw/cortex_mouse_yao_2021.h5ad,scanpy.rank_genes_groups[wilcoxon]+autozyme,120,mouse,330,Neural,subtype_resolution,
cortex_mouse_yao_2021__oligodendrocyte,cortex_mouse_yao_2021,cortex,mouse,Oligodendrocyte,Glial,easy,canonical_lineage,oligodendrocyte,1,"St18, Plp1, Mbp, Pde4b, Edil3, Mobp, Nkain2, Dock10, Mag, Tmeff2, Mog, Ppp1r16b, Pex5l, Prr5l, Pcdh9, Bin1, Map7, Mal, Slc24a2, Enpp2, Qki, Arhgap23, Cldn11, Phlpp1, Magi2, Mapt, Frmd5, Ugt8a, Tubb4a, Vmp1, Tspan2, Cnp, St6galnac3, Fnbp1, Zfp536, Gjc3, Tmod2, Aspa, Mast3, Fa2h, Qdpr, Sec14l5, Zeb2, Rnf220, Cryab, Bcas1, Aplp1, Elmo1, Septin7, Car2",CELLxGENE Census 2025-11-08 (mouse motor cortex (mirrors human neocortex)),10.1038/s41586-021-03500-8,snmc_snatac_epigenomic,orthogonal_molecular,snmC-seq2 + snATAC-seq epigenomic cross-validation of MOp RNA taxonomy (BICCN),mouse motor cortex (mirrors human neocortex),2021,2021.0,False,2026-06-17,low,type,data/raw/cortex_mouse_yao_2021.h5ad,scanpy.rank_genes_groups[wilcoxon]+autozyme,120,mouse,331,Glial,canonical_lineage,
cortex_mouse_yao_2021__endothelial_cell,cortex_mouse_yao_2021,cortex,mouse,Endothelial cell,Endothelial,easy,canonical_lineage,endothelial/endothelium,1,"Slco1a4, Sgms1, Flt1, Slc2a1, Cldn5, Mecom, Igf1r, Ptprb, Bsg, Atp10a, Ly6c1, Sptbn1, Klf2, Pltp, Rundc3b, Ly6a, Nostrin, Itm2a, Gpcpd1, Abcb1a, Abcg2, Paqr5, Lef1, Nebl, Spock2, Abcc4, Pecam1, Kank3, Epas1, Ramp2, Id1, Kitl, Ccdc141, Slco1c1, Eng, Ptprm, Tbc1d4, Dock9, Sema3c, Slc39a10, Hmcn1, Cyyr1, Fli1, Slc6a6, Igfbp7, Heg1, Ly6e, Tek, Utrn, Sorbs1",CELLxGENE Census 2025-11-08 (mouse motor cortex (mirrors human neocortex)),10.1038/s41586-021-03500-8,snmc_snatac_epigenomic,orthogonal_molecular,snmC-seq2 + snATAC-seq epigenomic cross-validation of MOp RNA taxonomy (BICCN),mouse motor cortex (mirrors human neocortex),2021,2021.0,False,2026-06-17,low,type,data/raw/cortex_mouse_yao_2021.h5ad,scanpy.rank_genes_groups[wilcoxon]+autozyme,120,mouse,332,Endothelial,canonical_lineage,
cortex_mouse_yao_2021__astrocyte,cortex_mouse_yao_2021,cortex,mouse,Astrocyte,Glial,easy,canonical_lineage,astrocyte/astroglia,1,"Slc1a2, Gabrb1, Acsl3, Mertk, Htra1, Wdr17, Dtna, Cpe, Slc4a4, Slc1a3, Gpc5, Frmd4a, Ntm, Sfxn5, Rgs20, Rorb, Cadm1, Aldoc, Rmst, Prdx6, Paqr8, Nrxn1, Ntsr2, Lsamp, Slc39a12, Ttyh1, Tspan7, Msi2, F3, Dgkb, Gja1, Nwd1, Phkg1, Kcnn2, Acsbg1, Npas3, Ctnnd2, Prex2, Spire1, Tnik, Pla2g7, Abr, Bcan, Hivep3, Cst3, Farp1, Gli3, Fgfr3, Mapk4, Glis3",CELLxGENE Census 2025-11-08 (mouse motor cortex (mirrors human neocortex)),10.1038/s41586-021-03500-8,snmc_snatac_epigenomic,orthogonal_molecular,snmC-seq2 + snATAC-seq epigenomic cross-validation of MOp RNA taxonomy (BICCN),mouse motor cortex (mirrors human neocortex),2021,2021.0,False,2026-06-17,low,type,data/raw/cortex_mouse_yao_2021.h5ad,scanpy.rank_genes_groups[wilcoxon]+autozyme,120,mouse,333,Glial,canonical_lineage,
cortex_mouse_yao_2021__oligodendrocyte_precursor_cell,cortex_mouse_yao_2021,cortex,mouse,Oligodendrocyte precursor cell,Glial,medium,subtype_resolution,oligodendrocyte precursor/OPC,1,"Lhfpl3, Vcan, Dscam, Epn2, Tnr, Xylt1, Slc35f1, Lrrc4c, Pcdh15, Cacng4, Kcnd2, Ptprz1, Gm4876, Csmd3, Sgcd, Anks1b, Megf11, Pdgfra, Nlgn1, Marchf1, Brinp3, Nxph1, Grid2, Sox6, Nav3, Zfp462, Emid1, Dpyd, Opcml, Stk32a, Cspg5, Sntg1, Tmem132d, Csmd1, Grid1, Lrp1b, Adarb2, Cntn1, Spon1, Lrrtm4, Il1rapl1, Chst11, Csmd2, Sema6d, Serpine2, Mmp16, Usp24, Cdh13, Ctnna2, Nrxn2",CELLxGENE Census 2025-11-08 (mouse motor cortex (mirrors human neocortex)),10.1038/s41586-021-03500-8,snmc_snatac_epigenomic,orthogonal_molecular,snmC-seq2 + snATAC-seq epigenomic cross-validation of MOp RNA taxonomy (BICCN),mouse motor cortex (mirrors human neocortex),2021,2021.0,False,2026-06-17,low,type,data/raw/cortex_mouse_yao_2021.h5ad,scanpy.rank_genes_groups[wilcoxon]+autozyme,120,mouse,334,Glial,subtype_resolution,
cortex_mouse_yao_2021__pericyte,cortex_mouse_yao_2021,cortex,mouse,Pericyte,Vascular,medium,subtype_resolution,pericyte/mural cell,1,"Atp13a5, Dlc1, Cald1, Pde8b, Vtn, Prkg1, Adap2, Myo1b, Ebf1, Pdgfrb, Plxdc2, Rapgef5, Abcc9, Grm7, Pitpnc1, Tbx3os1, Rbpms, Plce1, Plcl1, Dock6, Slc38a11, Lin7a, Cacna1c, Arhgap42, Rgs5, Inpp4b, Ctdspl, Slc6a20a, Igfbp7, Arhgap6, Colec12, Atp1a2, Lhfpl6, Pten, Notch3, Fry, Trpc3, Utrn, Apbb2, Slco3a1, Gucy1a2, Il34, Ptn, Grm3, Phldb2, Slc16a12, Ptprk, Egflam, Itga1, Eps8",CELLxGENE Census 2025-11-08 (mouse motor cortex (mirrors human neocortex)),10.1038/s41586-021-03500-8,snmc_snatac_epigenomic,orthogonal_molecular,snmC-seq2 + snATAC-seq epigenomic cross-validation of MOp RNA taxonomy (BICCN),mouse motor cortex (mirrors human neocortex),2021,2021.0,False,2026-06-17,low,type,data/raw/cortex_mouse_yao_2021.h5ad,scanpy.rank_genes_groups[wilcoxon]+autozyme,120,mouse,335,Vascular,subtype_resolution,
cortex_mouse_yao_2021__leptomeningeal_cell,cortex_mouse_yao_2021,cortex,mouse,Leptomeningeal cell,Vascular,medium,subtype_resolution,leptomeningeal/vascular leptomeningeal/VLMC/meningeal fibroblast,1,"Cped1, Ptgds, Eya2, Prkag2, Bmp6, Alcam, Tgfbr3, Slc38a2, Apod, Zfhx4, Fkbp5, Bicc1, Notch2, Pbx3, Col1a2, Zic4, Pals2, 9530026P05Rik, Mical3, Cfh, Gjb6, Adam12, Slc24a3, Eva1c, Aebp1, Tmtc1, Igfbp2, Lama1, Trabd2b, Fbxl7, Ranbp3l, Tmtc4, Sned1, Zic1, Dcn, Uaca, Rbms3, Slc6a13, Zic2, Slc7a11, Foxp2, Auts2, Foxd1, Maf, Gmds, Ust, Nedd4, Slc13a4, Foxp1, Pcca",CELLxGENE Census 2025-11-08 (mouse motor cortex (mirrors human neocortex)),10.1038/s41586-021-03500-8,snmc_snatac_epigenomic,orthogonal_molecular,snmC-seq2 + snATAC-seq epigenomic cross-validation of MOp RNA taxonomy (BICCN),mouse motor cortex (mirrors human neocortex),2021,2021.0,False,2026-06-17,low,type,data/raw/cortex_mouse_yao_2021.h5ad,scanpy.rank_genes_groups[wilcoxon]+autozyme,120,mouse,336,Vascular,subtype_resolution,
cerebellum_mouse_2021__inhibitory_interneuron,cerebellum_mouse_2021,cerebellum,mouse,Inhibitory interneuron,Neural,medium,subtype_resolution,interneuron/inhibitory/GABAergic,1,"Rora, Cntn4, Sorcs3, Marchf11, Kirrel3, Slc24a3, Inpp4b, Hcn1, Adarb2, Cacna1d, Eml5, Nrxn3, Cabp1, Cacna2d3, Asic2, Plxna4, Kit, Socs2, Myt1l, Galnt17, Adgrl3, Erc2, Gm11417, Gria3, Ntn1, Grid1, Clmp, Esrrg, Xkr4, Tbc1d4, Ptprk, Galnt18, Frmpd4, Atp1a3, Unc5c, Frmd3, Hecw1, Cacng2, Atp2b1, Slc24a2, Ccser1, Rab3c, Gad1, Rtl4, Csmd1, Nos1ap, Atp1b1, Pkp4, Grik3, Meg3",CELLxGENE Census 2025-11-08 (mouse cerebellum (mirrors human cerebellum)),10.1038/s41586-021-03220-z,spatial_slideseq,spatial_anatomical,Slide-seqV2 spatial mapping of cerebellar cell types (companion RCTD paper),mouse cerebellum (mirrors human cerebellum),2021,2021.0,False,2026-06-17,low,type,data/raw/cerebellum_mouse_2021.h5ad,scanpy.rank_genes_groups[wilcoxon]+autozyme,120,mouse,337,Neural,subtype_resolution,
cerebellum_mouse_2021__Purkinje_cell,cerebellum_mouse_2021,cerebellum,mouse,Purkinje cell,Neural,medium,subtype_resolution,Purkinje/cerebellar Purkinje/PCP2/CALB1;neuron,1,"Itpr1, Anks1b, Cntnap5b, Car8, Trpc3, Nell1, Cntnap5c, Grid2, Auts2, Garnl3, Gpr63, Stac, Inpp5a, Prkg1, Cdh18, Arhgef33, Paxbp1, Dlg2, Myo10, Pcp2, Calb1, Fam107b, Grid2ip, Ptchd4, Ryr1, Kcnip1, Dgkz, Ksr2, Kalrn, Ebf1, Washc2, Col18a1, Mtss1, Gm44040, Dpp10, Slc1a6, Pde5a, Ttll5, Ppp4r4, Casq2, Large1, Plekhd1, Zfp385c, Shisa6, Arhgap20, Atl2, Slc9a3, Ppp1r17, Dmd, Dner",CELLxGENE Census 2025-11-08 (mouse cerebellum (mirrors human cerebellum)),10.1038/s41586-021-03220-z,spatial_slideseq,spatial_anatomical,Slide-seqV2 spatial mapping of cerebellar cell types (companion RCTD paper),mouse cerebellum (mirrors human cerebellum),2021,2021.0,False,2026-06-17,low,type,data/raw/cerebellum_mouse_2021.h5ad,scanpy.rank_genes_groups[wilcoxon]+autozyme,120,mouse,338,Neural,subtype_resolution,
cerebellum_mouse_2021__ependymal_cell,cerebellum_mouse_2021,cerebellum,mouse,Ependymal cell,Glial,medium,subtype_resolution,ependymal/ependymocyte,1,"Ecrg4, Glis3, Spag16, Agbl4, Lrriq1, Ezr, Ttr, Ccdc30, Dnai4, Fhad1, Nxn, Cfap69, Cfap54, Tubb4b, Gm29266, Gas6, Slit2, Otx2os1, Cachd1, Folr1, Tead1, Rbm47, Cfap44, Clu, Igfbp2, Wls, Rfx3, Prdm16, Slc16a2, Spata17, Htr2c, Cimap3, Spef2, Esrrg, Col8a1, Arl6ip1, Gm14964, Gmnc, L3mbtl3, Gm4876, Kif9, Tmem72, Bmp6, Nme5, Clic6, Calml4, Cfap65, Armc2, Enpp2, Apoe",CELLxGENE Census 2025-11-08 (mouse cerebellum (mirrors human cerebellum)),10.1038/s41586-021-03220-z,spatial_slideseq,spatial_anatomical,Slide-seqV2 spatial mapping of cerebellar cell types (companion RCTD paper),mouse cerebellum (mirrors human cerebellum),2021,2021.0,False,2026-06-17,low,type,data/raw/cerebellum_mouse_2021.h5ad,scanpy.rank_genes_groups[wilcoxon]+autozyme,120,mouse,339,Glial,subtype_resolution,
cerebellum_mouse_2021__Bergmann_glial_cell,cerebellum_mouse_2021,cerebellum,mouse,Bergmann glia,Glial,hard,rare_or_state,Bergmann glia/Bergmann glial/cerebellar radial glia/GDF10;glia,1,"Gria1, Slc1a3, Gria4, Ank2, Prex2, Gpc6, Lama2, Gsdme, Nhsl1, Map2k6, Gpm6b, Ust, Hdac8, Pals2, Plpp3, Slc4a4, Septin4, Luzp2, Lrig1, Mertk, Ptprz1, Sparcl1, Wdr17, Plce1, Gabrb1, Gm3764, Ttll3, Dtna, Npas3, Ctnnd2, Adgrl3, Paqr8, Pde8b, A2m, Mcc, Cap2, Cdh22, Samd4, Greb1l, Sfxn5, Cables1, Cdh4, Stk32a, Pde7b, Mt1, Slc1a2, Fam107a, Gsap, Pla2g7, Nwd1",CELLxGENE Census 2025-11-08 (mouse cerebellum (mirrors human cerebellum)),10.1038/s41586-021-03220-z,spatial_slideseq,spatial_anatomical,Slide-seqV2 spatial mapping of cerebellar cell types (companion RCTD paper),mouse cerebellum (mirrors human cerebellum),2021,2021.0,False,2026-06-17,low,type,data/raw/cerebellum_mouse_2021.h5ad,scanpy.rank_genes_groups[wilcoxon]+autozyme,120,mouse,340,Glial,rare_or_state,
cerebellum_mouse_2021__astrocyte_of_the_cerebellum,cerebellum_mouse_2021,cerebellum,mouse,Cerebellar astrocyte,Glial,medium,subtype_resolution,astrocyte/cerebellar astrocyte/velate astrocyte;glia,1,"Farp1, Plcb1, Lsamp, Tprkb, Aqp4, Atp1a2, Slc1a2, Npas3, St3gal4, Gabrb1, Gm3764, Pla2g7, Slc39a12, Cyp26b1, Gja1, Stk32a, Slc4a4, Pitpnc1, Htra1, Ttyh1, Rorb, Tnik, Apoe, Atp1b2, Paqr8, Ctnnd2, Dtna, Kcnn2, Nebl, F3, Fam20a, B3galt1, Fry, Acsl3, Sema6d, Glul, Cd81, Sfxn5, Dao, Ntm, Hacd2, Pdgfd, Zbtb20, Sparcl1, 4930578G10Rik, Phkg1, Kank1, Cntn1, Acsbg1, Luzp2",CELLxGENE Census 2025-11-08 (mouse cerebellum (mirrors human cerebellum)),10.1038/s41586-021-03220-z,spatial_slideseq,spatial_anatomical,Slide-seqV2 spatial mapping of cerebellar cell types (companion RCTD paper),mouse cerebellum (mirrors human cerebellum),2021,2021.0,False,2026-06-17,low,type,data/raw/cerebellum_mouse_2021.h5ad,scanpy.rank_genes_groups[wilcoxon]+autozyme,120,mouse,341,Glial,subtype_resolution,
cerebellum_mouse_2021__oligodendrocyte,cerebellum_mouse_2021,cerebellum,mouse,Oligodendrocyte,Glial,easy,canonical_lineage,oligodendrocyte,1,"Prr5l, Pex5l, Nkain2, Edil3, Mast4, Plp1, Plcl1, Pde4b, Tmeff2, Mbp, Dock10, Ptprd, Adipor2, Slc24a2, Phlpp1, Map7, Mobp, St18, St6galnac3, Mog, Mag, Pcdh9, Vmp1, Prickle2, Arhgap23, Aspa, Hecw2, Rnf220, Frmd5, Fnbp1, Rab31, Septin7, Plxdc2, 4930419G24Rik, Car2, Cldn11, Ppp1r16b, Zdhhc20, Cdc37l1, Plekhh1, Qki, Zeb2, Fa2h, Mapt, Pip4k2a, Sec14l5, Usp54, Gatm, Zfp536, Dnm3",CELLxGENE Census 2025-11-08 (mouse cerebellum (mirrors human cerebellum)),10.1038/s41586-021-03220-z,spatial_slideseq,spatial_anatomical,Slide-seqV2 spatial mapping of cerebellar cell types (companion RCTD paper),mouse cerebellum (mirrors human cerebellum),2021,2021.0,False,2026-06-17,low,type,data/raw/cerebellum_mouse_2021.h5ad,scanpy.rank_genes_groups[wilcoxon]+autozyme,120,mouse,342,Glial,canonical_lineage,
cerebellum_mouse_2021__oligodendrocyte_precursor_cell,cerebellum_mouse_2021,cerebellum,mouse,Oligodendrocyte precursor cell,Glial,medium,subtype_resolution,oligodendrocyte precursor/OPC,1,"Opcml, Tnr, Dscam, Vcan, Ppfibp1, Sox6, Sema3d, Sox10, Slc35f1, Erbb4, Xylt1, Tmem132b, Lhfpl3, Lrrc4c, Lrrtm4, Itga9, Tmem132d, Csmd1, Nxph1, Csmd2, Grm5, Ptprt, Neu4, Pcdh15, Pcdh7, Epn2, Arhgap31, Csmd3, Cdh13, Gm4876, Itpr2, Bcas1, Dnm3, Spon1, Fchsd2, Mmp16, Brinp3, Sntg1, Sulf2, Nav1, Il1rapl1, Olig1, Gjc3, Ncam2, Pdgfra, Sema5a, Sorcs1, Adarb2, Cask, Abtb2",CELLxGENE Census 2025-11-08 (mouse cerebellum (mirrors human cerebellum)),10.1038/s41586-021-03220-z,spatial_slideseq,spatial_anatomical,Slide-seqV2 spatial mapping of cerebellar cell types (companion RCTD paper),mouse cerebellum (mirrors human cerebellum),2021,2021.0,False,2026-06-17,low,type,data/raw/cerebellum_mouse_2021.h5ad,scanpy.rank_genes_groups[wilcoxon]+autozyme,120,mouse,343,Glial,subtype_resolution,
cerebellum_mouse_2021__cerebellar_Golgi_cell,cerebellum_mouse_2021,cerebellum,mouse,Cerebellar Golgi cell,Neural,hard,rare_or_state,Golgi cell/cerebellar Golgi/inhibitory interneuron;neuron,1,"Lingo2, Elavl2, Nrg1, Rgs6, Cacng3, Lgi2, Kcnn3, Sgcd, Pax2, Dlgap2, Lrp1b, Rbms3, Hs6st3, Zmat4, Ube3a, Hs3st5, Gabrg3, Tenm4, Grm8, Fgf13, Epha10, Etl4, Meg3, Apba1, Mgat4c, Rap1gap2, Gm45837, Efna5, Cacna2d3, Rgs7, Syt1, Gpr158, Spock1, Chrm2, Nkain3, Tfap2b, Kctd16, Egfem1, Frmd4a, Lama1, Grik3, Plcl2, Grip1, Cadps, Wwc1, Bmper, Nhs, Kcnj6, Nrxn3, Oxr1",CELLxGENE Census 2025-11-08 (mouse cerebellum (mirrors human cerebellum)),10.1038/s41586-021-03220-z,spatial_slideseq,spatial_anatomical,Slide-seqV2 spatial mapping of cerebellar cell types (companion RCTD paper),mouse cerebellum (mirrors human cerebellum),2021,2021.0,False,2026-06-17,low,type,data/raw/cerebellum_mouse_2021.h5ad,scanpy.rank_genes_groups[wilcoxon]+autozyme,120,mouse,344,Neural,rare_or_state,
cerebellum_mouse_2021__cerebellar_granule_cell,cerebellum_mouse_2021,cerebellum,mouse,Cerebellar granule cell,Neural,medium,subtype_resolution,granule cell/cerebellar granule/GABRA6/RBFOX3;neuron,1,"Tenm1, Kcnd2, Fgf14, Rbfox3, Grik2, Rims1, Cadps2, Chn2, Mctp1, Car10, Grin2a, Galnt13, Olfm3, Dpp6, Nrxn1, Pde10a, Rbfox1, Camk4, Stxbp5l, Kcnip4, Ablim1, Negr1, Cntn6, Lin7a, Cntnap2, Caln1, Rims2, Snap25, Scn2a, Syt1, Reln, Zfp385b, Cacna1c, Etv1, Cadm2, Prkce, Sh3gl2, Ndst3, Pld5, Unc13c, Nedd4l, Trhde, Gabra6, Specc1, Astn2, Plcxd3, Tmem163, Cacna2d1, Sphkap, Rapgef4",CELLxGENE Census 2025-11-08 (mouse cerebellum (mirrors human cerebellum)),10.1038/s41586-021-03220-z,spatial_slideseq,spatial_anatomical,Slide-seqV2 spatial mapping of cerebellar cell types (companion RCTD paper),mouse cerebellum (mirrors human cerebellum),2021,2021.0,False,2026-06-17,low,type,data/raw/cerebellum_mouse_2021.h5ad,scanpy.rank_genes_groups[wilcoxon]+autozyme,120,mouse,345,Neural,subtype_resolution,
lung_mouse_zepp_2021__aortic_smooth_muscle_cell,lung_mouse_zepp_2021,lung,mouse,Aortic smooth muscle cell,Vascular,medium,subtype_resolution,smooth muscle/aortic smooth muscle/vascular smooth muscle;ACTA2,1,"Lgals1, Tgfbi, Col3a1, Cald1, Tagln, Col1a2, Myl9, Acta2, Col1a1, Tpm2, Bgn, Mfap2, 6330403K07Rik, Serpine2, Mylk, Ckb, Fstl1, Palld, Col6a1, Serpinh1, Col6a2, Actg2, Sdc2, Pdlim3, Mmp2, Nrep, Igf1, Cd81, Lsp1, P2ry14, Csrp1, Map1b, Tpm1, Maged2, Rcn3, Emp3, Agt, Sparcl1, Mdk, Cnn3, Mustn1, Gm13889, Myh11, Eln, Celf2, Tuba1a, Htra1, Socs2, Spon2, Pdlim7",CELLxGENE Census 2025-11-08 (mouse lung (mirrors human lung; marginal backing)),10.1126/science.abc3172,scatac_labeltransfer,orthogonal_molecular,scATAC-seq (P3) label-transfer backing; developmental lung (marginal orthogonality),mouse lung (mirrors human lung; marginal backing),2021,2021.0,False,2026-06-17,low,type,data/raw/lung_mouse_zepp_2021.h5ad,scanpy.rank_genes_groups[wilcoxon]+autozyme,120,mouse,346,Vascular,subtype_resolution,
lung_mouse_zepp_2021__pulmonary_alveolar_type_2_cell,lung_mouse_zepp_2021,lung,mouse,Alveolar type 2 cell (AT2),Lung epithelial,easy,canonical_lineage,alveolar type 2/AT2/type II pneumocyte/AT-II,1,"Sftpc, Sftpb, Npc2, Napsa, Slc34a2, Fabp5, Cxcl15, Dram1, Sftpa1, Lpcat1, Lamp3, Pla2g1b, Sfta2, Bex4, S100g, Sftpd, Pi4k2b, Ppp1r14c, Abca3, Muc1, Chi3l1, Lgi3, Bex2, Mgst1, Rnase4, Ctsc, Ctsh, Egfl6, Chia1, Tmem243, Trf, Lcn2, Scd1, Dbi, Cbr2, Etv5, Atp1b1, Acot1, Cldn3, Wfdc2, Cebpa, Sdc4, H2aj, Hc, Cd74, Atp6v1c2, Dcxr, Car8, Chchd10, Apoc1",CELLxGENE Census 2025-11-08 (mouse lung (mirrors human lung; marginal backing)),10.1126/science.abc3172,scatac_labeltransfer,orthogonal_molecular,scATAC-seq (P3) label-transfer backing; developmental lung (marginal orthogonality),mouse lung (mirrors human lung; marginal backing),2021,2021.0,False,2026-06-17,low,type,data/raw/lung_mouse_zepp_2021.h5ad,scanpy.rank_genes_groups[wilcoxon]+autozyme,120,mouse,347,Lung epithelial,canonical_lineage,
lung_mouse_zepp_2021__club_cell,lung_mouse_zepp_2021,lung,mouse,Club cell,Lung epithelial,medium,subtype_resolution,club cell/Clara cell/club,1,"Cdkn1c, Cd24a, Gsta4, Krt8, Cldn10, Aldh1a7, Epcam, Krt18, Cldn7, Wfdc2, Igfbp5, Ccnd2, Aldh1a1, Hmgn3, Pebp1, Sox2, Gapdh, Anxa1, H19, Tpi1, Krt19, Enah, Ldhb, Homer2, Hsp90aa1, H2az1, Klf5, Fam13a, Dpy30, Tpd52, Cldn3, Foxa1, Hbb-bt, Srsf10, Tspan1, Hbb-bs, B9d1, Mt2, Erh, Ppia, Cldn6, Ran, Ces1d, Mdh1, Kcnq1ot1, Igf2, Lypd2, Selenoh, Slc38a1, Tspan3",CELLxGENE Census 2025-11-08 (mouse lung (mirrors human lung; marginal backing)),10.1126/science.abc3172,scatac_labeltransfer,orthogonal_molecular,scATAC-seq (P3) label-transfer backing; developmental lung (marginal orthogonality),mouse lung (mirrors human lung; marginal backing),2021,2021.0,False,2026-06-17,low,type,data/raw/lung_mouse_zepp_2021.h5ad,scanpy.rank_genes_groups[wilcoxon]+autozyme,120,mouse,348,Lung epithelial,subtype_resolution,
lung_mouse_zepp_2021__pulmonary_alveolar_type_1_cell,lung_mouse_zepp_2021,lung,mouse,Alveolar type 1 cell (AT1),Lung epithelial,medium,subtype_resolution,alveolar type 1/AT1/type I pneumocyte/AT-I,1,"Krt7, Cldn18, Gprc5a, Tmsb4x, Tspan8, Bcam, Ager, Lmo7, Fbln5, Clic3, Hopx, Akap5, Tspan15, Cryab, Mal2, Pdpn, Timp3, Emp2, Col4a4, Krt19, Bsg, Crlf1, Vegfa, Prdx6, Cystm1, Icam1, Fads3, Dag1, Pdgfa, Serpinb6b, Anxa3, Lrpap1, Ndnf, 2200002D01Rik, Aqp5, S100a6, Mthfd1, Flrt3, S100a11, Fam174b, Rtkn2, Nkx2-1, Npnt, Cdkn2b, Tinagl1, Sec14l3, Cadm1, Limch1, Cd9, Hs2st1",CELLxGENE Census 2025-11-08 (mouse lung (mirrors human lung; marginal backing)),10.1126/science.abc3172,scatac_labeltransfer,orthogonal_molecular,scATAC-seq (P3) label-transfer backing; developmental lung (marginal orthogonality),mouse lung (mirrors human lung; marginal backing),2021,2021.0,False,2026-06-17,low,type,data/raw/lung_mouse_zepp_2021.h5ad,scanpy.rank_genes_groups[wilcoxon]+autozyme,120,mouse,349,Lung epithelial,subtype_resolution,
lung_mouse_zepp_2021__capillary_endothelial_cell,lung_mouse_zepp_2021,lung,mouse,Capillary endothelial cell,Endothelial,medium,subtype_resolution,endothelial/endothelium/capillary,1,"Ramp2, Cldn5, Ctla2a, Egfl7, BC028528, Acvrl1, Plvap, Fkbp1a, Ly6e, Ifitm3, Gpihbp1, Ehd4, Eng, Icam2, Pltp, Cdh5, Pecam1, Clec14a, B2m, Gnai2, Esam, Clec1a, Tspan13, Tspan7, S100a16, H2-D1, Aqp1, Ifitm2, Cd93, Nherf2, Tcn2, Cav1, Srgn, Tm4sf1, Rasip1, Itm2b, Klf2, Hpgd, Ecscr, Arhgap31, Calcrl, Vim, Gng11, Epas1, Ace, Slc43a3, Gimap6, Cavin2, Ly6a, Tmem100",CELLxGENE Census 2025-11-08 (mouse lung (mirrors human lung; marginal backing)),10.1126/science.abc3172,scatac_labeltransfer,orthogonal_molecular,scATAC-seq (P3) label-transfer backing; developmental lung (marginal orthogonality),mouse lung (mirrors human lung; marginal backing),2021,2021.0,False,2026-06-17,low,type,data/raw/lung_mouse_zepp_2021.h5ad,scanpy.rank_genes_groups[wilcoxon]+autozyme,120,mouse,350,Endothelial,subtype_resolution,
heart_mouse_2024__endocardial_cell,heart_mouse_2024,heart,mouse,Endocardial cell,Endothelial,hard,rare_or_state,endocardial/endocardium/endothelial of heart;NPR3/NFATC1,1,"H19, Fabp5, Ednrb, Apoe, Ece1, Tm4sf1, Emcn, Cgnl1, Plagl1, Eng, Aplp2, Cavin2, Cfh, Ramp2, Npr3, Hand2os1, Ctla2a, Ctsl, Fn1, Cpe, Cdh11, Itm2b, Rdx, Cdkn1c, Mgp, Igfbp5, Igf2, Egfl7, Cd93, Hmcn1, Cdh5, Mmrn2, F2r, Cemip2, Igfbp4, Cd59a, Tmsb10, Rbp1, Tspan6, Tek, Klhl4, Ecscr, Col5a2, Tmem108, Igf2r, Ccdc80, Ctsh, Marcks, Adgrg6, Adgrf5","CELLxGENE Census 2025-11-08 (mouse heart RNA (mirrors human heart; RNA-only, discrete types))",731e0ae7-e600-470f-a6dc-8c35c28d6c3d,mouse_scrna_discrete,single_study_transcriptomic,RNA-only Drop-seq perinatal heart; discrete cardiac types (atrial/ventricular CM),"mouse heart RNA (mirrors human heart; RNA-only, discrete types)",2024,2024.0,True,2026-06-17,low,type,data/raw/heart_mouse_2024.h5ad,scanpy.rank_genes_groups[wilcoxon]+autozyme,120,mouse,351,Endothelial,rare_or_state,
heart_mouse_2024__regular_ventricular_cardiac_myocyte,heart_mouse_2024,heart,mouse,Ventricular cardiomyocyte,Cardiomyocyte,medium,subtype_resolution,cardiomyocyte/cardiac myocyte/cardiac muscle/CM;ventricular,1,"Myl2, Myl3, Tnni1, Tnnt2, Cox6c, Slc25a4, Mdh1, Idh2, Actc1, Atp5mc3, Fabp3, Myh7, Atp5f1b, Cox6b1, Pln, Cox7b, Atp5me, Tnnc1, Nexn, Ckm, Ldhb, Sh3bgr, Tnni3, Atp5po-1, Tpm1, Atp5mc1, Atp5pd, Cox4i1, Acadl, Uqcr10, Ndufc1, Uqcr11, Atp5pf, Cox7a2, Atp5mk, Smpx, Cox7c, Atp5f1c, Ndufs6, Ndufab1, Atp5f1a, Mdh2, Atp5mf, Atp5pb, Atp5mj, Cox6a2, Sdhb, Uqcrh, Csrp3, Uqcrq","CELLxGENE Census 2025-11-08 (mouse heart RNA (mirrors human heart; RNA-only, discrete types))",731e0ae7-e600-470f-a6dc-8c35c28d6c3d,mouse_scrna_discrete,single_study_transcriptomic,RNA-only Drop-seq perinatal heart; discrete cardiac types (atrial/ventricular CM),"mouse heart RNA (mirrors human heart; RNA-only, discrete types)",2024,2024.0,True,2026-06-17,low,type,data/raw/heart_mouse_2024.h5ad,scanpy.rank_genes_groups[wilcoxon]+autozyme,120,mouse,352,Cardiomyocyte,subtype_resolution,
heart_mouse_2024__vascular_associated_smooth_muscle_cell,heart_mouse_2024,heart,mouse,Vascular smooth muscle cell,Vascular,medium,subtype_resolution,smooth muscle/vascular smooth muscle/VSMC;ACTA2/MYH11,1,"Acta2, Eln, Fbln5, Tagln, Cald1, Myl6, Tpm2, Fstl1, Lgals1, Gm55330, Col1a2, Mgp, Gm48942, Gpc3, Myh11, Lox, Myl9, Csrp2, Myh10, Actn1, Col1a1, Cxcl12, Bgn, Actb, Mfap4, Gm12840, Sparc, Lmod1, Fblim1, Rgs5, Flna, Cnn1, Spon1, Nupr1, Itga8, Hmgn1, Pls3, Alcam, Gm9973, Gpc6, Cst3, Rcn3, Map3k7cl, Or5m3b, Lmna, Cnn2, Sh3bgrl, Sfrp2, Arpc2, Serpinh1","CELLxGENE Census 2025-11-08 (mouse heart RNA (mirrors human heart; RNA-only, discrete types))",731e0ae7-e600-470f-a6dc-8c35c28d6c3d,mouse_scrna_discrete,single_study_transcriptomic,RNA-only Drop-seq perinatal heart; discrete cardiac types (atrial/ventricular CM),"mouse heart RNA (mirrors human heart; RNA-only, discrete types)",2024,2024.0,True,2026-06-17,low,type,data/raw/heart_mouse_2024.h5ad,scanpy.rank_genes_groups[wilcoxon]+autozyme,120,mouse,353,Vascular,subtype_resolution,
heart_mouse_2024__fibroblast_of_cardiac_tissue,heart_mouse_2024,heart,mouse,Cardiac fibroblast,Stromal,medium,subtype_resolution,fibroblast/cardiac fibroblast/cardiac stromal;heart,1,"Col3a1, Dcn, Col1a2, Col1a1, Postn, Dpt, Ptn, Lum, Lgals1, Itm2a, Fstl1, Ogn, Sparc, Aspn, Loxl2, Rcn3, Meg3, Mmp2, Col14a1, Tcf21, Lsp1, Col6a1, Pcolce, Col5a1, Cd63, Mdk, Mfap2, S100a6, Serpinh1, Fbn1, Gm55330, Col5a2, Gsn, S100a10, Angptl2, Itih5, Col6a2, Thbs1, Serpine2, Vim, Mfap5, Lamb1, Smoc2, Mfap4, Thbs2, Septin11, Mmp14, Bgn, Rbp1, Vcan","CELLxGENE Census 2025-11-08 (mouse heart RNA (mirrors human heart; RNA-only, discrete types))",731e0ae7-e600-470f-a6dc-8c35c28d6c3d,mouse_scrna_discrete,single_study_transcriptomic,RNA-only Drop-seq perinatal heart; discrete cardiac types (atrial/ventricular CM),"mouse heart RNA (mirrors human heart; RNA-only, discrete types)",2024,2024.0,True,2026-06-17,low,type,data/raw/heart_mouse_2024.h5ad,scanpy.rank_genes_groups[wilcoxon]+autozyme,120,mouse,354,Stromal,subtype_resolution,
heart_mouse_2024__regular_atrial_cardiac_myocyte,heart_mouse_2024,heart,mouse,Atrial cardiomyocyte,Cardiomyocyte,medium,subtype_resolution,cardiomyocyte/cardiac myocyte/cardiac muscle/CM;atrial,1,"Myl7, Myl4, Myh6, Sln, Gpx3, Ankrd1, Tnni3, Csrp3, Nppa, Myl1, Tpm1, Tnnc1, Cox6a2, Actc1, Cryab, Pam, Tnnt2, Smpx, Pgam2, Ttn, Slc25a4, Mdh1, Myl9, Atp2a2, Tnni1, Ldb3, Trdn, Ndufa4, Sh3bgr, Atp5po-1, Nexn, Eno3, Cox6c, Ldhb, Atp5pf, Atp5f1b, Chchd10, Mlf1, Uqcr11, Cox7b, Casq2, Ndufa11, Uqcr10, Atp5mj, Nebl, Fgf12, Mylk3, Actn2, Atp5mf, Atp5mc1","CELLxGENE Census 2025-11-08 (mouse heart RNA (mirrors human heart; RNA-only, discrete types))",731e0ae7-e600-470f-a6dc-8c35c28d6c3d,mouse_scrna_discrete,single_study_transcriptomic,RNA-only Drop-seq perinatal heart; discrete cardiac types (atrial/ventricular CM),"mouse heart RNA (mirrors human heart; RNA-only, discrete types)",2024,2024.0,True,2026-06-17,low,type,data/raw/heart_mouse_2024.h5ad,scanpy.rank_genes_groups[wilcoxon]+autozyme,120,mouse,355,Cardiomyocyte,subtype_resolution,
heart_mouse_2024__blood_vessel_endothelial_cell,heart_mouse_2024,heart,mouse,Blood vessel endothelial cell,Endothelial,medium,canonical_lineage,endothelial/blood vessel endothelial/vascular endothelial;PECAM1,1,"Fabp4, Cav1, Cd36, Gpihbp1, Calm1, Gng11, Sparcl1, Cdh5, Tmsb4x, Ly6e, Kitl, Cldn5, Kdr, Rgcc, Ptma, Sgk1, Tcf4, Tmem88, Apold1, Mgll, Tspan13, Flt1, Cd34, Ccnd1, Cd93, Cavin2, Msn, Plk2, Fkbp1a, Icam2, Egfl7, Myct1, S100a16, Ppp1r2, B2m, Actg1, H2-D1, Pecam1, Rbp7, Esam, Ifitm3, Tmod3, Gimap6, Tpm4, Col4a1, Btnl9, Ly6c1, Actb, Fscn1, Vim","CELLxGENE Census 2025-11-08 (mouse heart RNA (mirrors human heart; RNA-only, discrete types))",731e0ae7-e600-470f-a6dc-8c35c28d6c3d,mouse_scrna_discrete,single_study_transcriptomic,RNA-only Drop-seq perinatal heart; discrete cardiac types (atrial/ventricular CM),"mouse heart RNA (mirrors human heart; RNA-only, discrete types)",2024,2024.0,True,2026-06-17,low,type,data/raw/heart_mouse_2024.h5ad,scanpy.rank_genes_groups[wilcoxon]+autozyme,120,mouse,356,Endothelial,canonical_lineage,
heart_mouse_2024__pericyte,heart_mouse_2024,heart,mouse,Pericyte,Vascular,medium,subtype_resolution,pericyte/mural cell,1,"Rgs5, Septin7, Ndufa4l2, Col4a1, Pdgfrb, Actb, Abcc9, Kcnj8, Colec11, Postn, Cygb, Aspn, Gucy1a1, Cald1, Gucy1b1, Tpm4, Higd1b, Itga1, Tuba1a, Maged2, Mfge8, Lhfpl6, Fermt2, Sparcl1, Cox4i2, Gjc1, Col4a2, Lgals1, Meg3, Mcam, Septin11, H3f3b, Cd63, Anxa1, Sparc, Id3, Fn1, Oaz2, Ptma, Steap4, Cfl1, Stc1, Plat, Itgb1, Calm2, Tpm2, Gm13889, Fabp7, Phlda1, Nid1","CELLxGENE Census 2025-11-08 (mouse heart RNA (mirrors human heart; RNA-only, discrete types))",731e0ae7-e600-470f-a6dc-8c35c28d6c3d,mouse_scrna_discrete,single_study_transcriptomic,RNA-only Drop-seq perinatal heart; discrete cardiac types (atrial/ventricular CM),"mouse heart RNA (mirrors human heart; RNA-only, discrete types)",2024,2024.0,True,2026-06-17,low,type,data/raw/heart_mouse_2024.h5ad,scanpy.rank_genes_groups[wilcoxon]+autozyme,120,mouse,357,Vascular,subtype_resolution,
liver_mouse_2024__hepatic_stellate_cell,liver_mouse_2024,liver,mouse,Hepatic stellate cell,Stromal,medium,subtype_resolution,stellate/Ito cell/hepatic stellate/HSC/perisinusoidal,1,"Dcn, Ecm1, Bgn, Cxcl12, Colec11, Prelp, Tlcd4, Reln, Angptl6, Plvap, Sod3, Col14a1, Masp1, Pth1r, Tmem176a, Raph1, Nrxn1, Tgfbi, Hgf, Ifitm1, Ank3, Septin4, Sparc, Abcc9, Lrat, Rbp1, Gdf2, Steap4, Ramp1, Pam, Hand2os1, Ednrb, Angptl2, Tmem176b, Gucy1a1, Colec10, Agtr1a, Cygb, Rgs5, Col3a1, Bmp5, Pdgfrb, Igfbp7, Zbtb20, Rspo3, Fermt2, Col1a2, Igfbp3, G0s2, Fgfr2","CELLxGENE Census 2025-11-08 (mouse liver RNA (mirrors human liver; RNA-only, no zonation/cholangiocyte))",7b6bab5a-f9c4-4a56-9ed4-3b9079b14867,mouse_scrna_discrete,single_study_transcriptomic,RNA-only multi-organ (subset liver); discrete hepatocyte/Kupffer/stellate,"mouse liver RNA (mirrors human liver; RNA-only, no zonation/cholangiocyte)",2024,2024.0,True,2026-06-17,low,type,data/raw/liver_mouse_2024.h5ad,scanpy.rank_genes_groups[wilcoxon]+autozyme,120,mouse,358,Stromal,subtype_resolution,
liver_mouse_2024__hepatocyte,liver_mouse_2024,liver,mouse,Hepatocyte,Hepatocyte,easy,canonical_lineage,hepatocyte/hepatic/liver parenchymal;ALB,1,"Serpina1e, Apoc3, Serpina1c, Serpina1a, Apoc1, Apoa2, Chchd10, Ttr, Aldob, Serpina1b, Wfdc21, Cyb5a, Bhmt, Mgst1, Ttc36, Apoc4, Rbp4, Scp2, Trf, Tdo2, Dbi, Apoa1, Ass1, Gsta3, Phyh, Fabp1, Ahsg, Ddt, Gnmt, Akr1c6, Arg1, Alb, Serpina1d, Pck1, Rida, Fgg, Asl, Hamp, Hpd, Ndufa4, Gc, Cat, H2-Q10, Fbp1, Sord, Mat1a, Cdo1, Stard10, Gstp1, Otc","CELLxGENE Census 2025-11-08 (mouse liver RNA (mirrors human liver; RNA-only, no zonation/cholangiocyte))",7b6bab5a-f9c4-4a56-9ed4-3b9079b14867,mouse_scrna_discrete,single_study_transcriptomic,RNA-only multi-organ (subset liver); discrete hepatocyte/Kupffer/stellate,"mouse liver RNA (mirrors human liver; RNA-only, no zonation/cholangiocyte)",2024,2024.0,True,2026-06-17,low,type,data/raw/liver_mouse_2024.h5ad,scanpy.rank_genes_groups[wilcoxon]+autozyme,120,mouse,359,Hepatocyte,canonical_lineage,
liver_mouse_2024__Kupffer_cell,liver_mouse_2024,liver,mouse,Kupffer cell,Hepatic macrophage,medium,subtype_resolution,Kupffer/liver-resident macrophage/hepatic macrophage,1,"Tmsb4x, Actb, Tyrobp, Wfdc17, Lyz2, Fcer1g, Laptm5, Cybb, Ctss, Mpeg1, Csf1r, C1qa, Slc40a1, C1qc, C1qb, Clec4f, Lcp1, Ctsb, Cd5l, Grn, Cd74, Ctsc, Ccl6, Sdc3, Ucp2, Adgre1, Cd44, Lgmn, Cd300ld, Sat1, Cd52, Itgal, Cfp, Fyb1, Ptprc, Smpdl3a, Axl, Pfn1, Ifi30, Npc2, Spi1, Actr3, Psap, Cyba, Il18bp, Hmox1, Ctsh, Mafb, Arpc2, Arpc1b","CELLxGENE Census 2025-11-08 (mouse liver RNA (mirrors human liver; RNA-only, no zonation/cholangiocyte))",7b6bab5a-f9c4-4a56-9ed4-3b9079b14867,mouse_scrna_discrete,single_study_transcriptomic,RNA-only multi-organ (subset liver); discrete hepatocyte/Kupffer/stellate,"mouse liver RNA (mirrors human liver; RNA-only, no zonation/cholangiocyte)",2024,2024.0,True,2026-06-17,low,type,data/raw/liver_mouse_2024.h5ad,scanpy.rank_genes_groups[wilcoxon]+autozyme,120,mouse,360,Hepatic macrophage,subtype_resolution,
liver_mouse_2024__endothelial_cell,liver_mouse_2024,liver,mouse,Endothelial cell,Endothelial,easy,canonical_lineage,endothelial/endothelium,1,"Ptprb, Plpp3, Clec4g, Dnase1l3, Aqp1, Kdr, Gpr182, Gpihbp1, Selenop, Egfl7, Fcgr2b, Adgrf5, F8, Maf, Oit3, Ehd3, Flt4, Bmp2, Cemip2, Mrc1, Flt1, Stab2, Stab1, Cd300lg, Snrk, Jak1, Tspan7, Mmrn2, Nrp1, Adgrl4, Plpp1, Adam23, Timp3, Cavin2, Plxnc1, Pde2a, Cd55, Meis2, Fam167b, Pecam1, Lifr, Cldn5, Esam, Fkbp1a, Dpp4, Cd93, Arhgap31, Tpbgl, Cd36, Fyn","CELLxGENE Census 2025-11-08 (mouse liver RNA (mirrors human liver; RNA-only, no zonation/cholangiocyte))",7b6bab5a-f9c4-4a56-9ed4-3b9079b14867,mouse_scrna_discrete,single_study_transcriptomic,RNA-only multi-organ (subset liver); discrete hepatocyte/Kupffer/stellate,"mouse liver RNA (mirrors human liver; RNA-only, no zonation/cholangiocyte)",2024,2024.0,True,2026-06-17,low,type,data/raw/liver_mouse_2024.h5ad,scanpy.rank_genes_groups[wilcoxon]+autozyme,120,mouse,361,Endothelial,canonical_lineage,
pancreas_mouse_2023__pancreatic_D_cell,pancreas_mouse_2023,pancreas,mouse,Delta cell,Pancreatic endocrine,hard,subtype_resolution,delta cell/D cell/somatostatin/SST;islet,1,"Sst, Rbp4, Shisal2b, Chgb, Scg2, Ly6h, Cd24a, Arg1, Iapp, Bex2, Hhex, Resp18, Meg3, Fkbp2, Isl1, Gap43, Bsg, Cfap144, Fxyd6, Auts2, Hmgn3, Pam, Mrln, Tent5a, Bex3, Gnas, Pyy, Rab3b, Cpa2, Scg5, Camk2n1, H2bc4, Abcc8, Capsl, Selenom, Pcp4, Hap1, Ncald, Stxbp5l, Srp14, Peg3, Nenf, Bex1, Calm1, Ptprn, Gpx3, Sez6l, Smim22, Pcsk2, Foxp1","CELLxGENE Census 2025-11-08 (mouse pancreas islet RNA (mirrors human pancreas; RNA-only, no acinar))",49e4ffcc-5444-406d-bdee-577127404ba8,mouse_scrna_discrete,single_study_transcriptomic,RNA-only islet atlas; discrete endocrine alpha/beta/delta/PP + ductal/stellate,"mouse pancreas islet RNA (mirrors human pancreas; RNA-only, no acinar)",2024,2024.0,True,2026-06-17,low,type,data/raw/pancreas_mouse_2023.h5ad,scanpy.rank_genes_groups[wilcoxon]+autozyme,120,mouse,362,Pancreatic endocrine,subtype_resolution,
pancreas_mouse_2023__type_B_pancreatic_cell,pancreas_mouse_2023,pancreas,mouse,Beta cell,Pancreatic endocrine,hard,subtype_resolution,beta cell/B cell/insulin/INS;islet,1,"Ins1, Ins2, G6pc2, Prss53, Ero1b, Bace2, Prlr, Ppp1r1a, Papss2, Ucn3, Iapp, Fam246a, Pcsk1, Mafa, Enho, Sytl4, Tmem215, Nkx6-1, Fam151a, Fkbp1b, Spock2, Atp2a2, Trpm5, Zdhhc2, Cox6a2, Syt13, Phactr1, Acly, Slc2a2, Slc30a8, Ddc, Lrrc10b, Syt4, Chga, Gjd2, Hadh, Syndig1l, Pclo, Rasgrf1, Ociad2, Mlxipl, Cyfip2, Pde5a, Sel1l, Defb1, Vstm2l, Chic1, Atf5, Madd, Maob","CELLxGENE Census 2025-11-08 (mouse pancreas islet RNA (mirrors human pancreas; RNA-only, no acinar))",49e4ffcc-5444-406d-bdee-577127404ba8,mouse_scrna_discrete,single_study_transcriptomic,RNA-only islet atlas; discrete endocrine alpha/beta/delta/PP + ductal/stellate,"mouse pancreas islet RNA (mirrors human pancreas; RNA-only, no acinar)",2024,2024.0,True,2026-06-17,low,type,data/raw/pancreas_mouse_2023.h5ad,scanpy.rank_genes_groups[wilcoxon]+autozyme,120,mouse,363,Pancreatic endocrine,subtype_resolution,
pancreas_mouse_2023__pancreatic_stellate_cell,pancreas_mouse_2023,pancreas,mouse,Pancreatic stellate cell,Stromal,medium,subtype_resolution,stellate/PSC/pancreatic stellate/mesenchymal/quiescent stellate,1,"Sparc, Lgals1, Ifitm2, Ifitm3, Igfbp7, Gsn, Serpinh1, Rarres2, Bgn, Dynll1, Cald1, Laptm4a, Pcolce, Vim, Emp3, Sparcl1, Col3a1, Crip1, Serping1, Col1a2, Igfbp4, Mgp, Cd302, Ebf1, Cygb, Id3, Dcn, Septin7, Rcn3, S100a6, Ifitm1, Cd81, Gng11, Selenow, Prdx1, Col1a1, B2m, Gpc3, Tmsb4x, Ppib, Tmsb10, Cavin3, Ccdc80, Fstl1, Aebp1, Morf4l1, Pfn1, Col6a1, Serf2, C1s1","CELLxGENE Census 2025-11-08 (mouse pancreas islet RNA (mirrors human pancreas; RNA-only, no acinar))",49e4ffcc-5444-406d-bdee-577127404ba8,mouse_scrna_discrete,single_study_transcriptomic,RNA-only islet atlas; discrete endocrine alpha/beta/delta/PP + ductal/stellate,"mouse pancreas islet RNA (mirrors human pancreas; RNA-only, no acinar)",2024,2024.0,True,2026-06-17,low,type,data/raw/pancreas_mouse_2023.h5ad,scanpy.rank_genes_groups[wilcoxon]+autozyme,120,mouse,364,Stromal,subtype_resolution,
pancreas_mouse_2023__pancreatic_ductal_cell,pancreas_mouse_2023,pancreas,mouse,Pancreatic ductal cell,Pancreatic epithelial,medium,subtype_resolution,ductal;pancreatic/pancreas,1,"Clu, Krt18, Spp1, Dbi, Krt8, Krt19, Mgst1, Epcam, H3f3b, Myl12a, Cldn3, Fxyd3, Tm4sf4, Hbegf, S100a10, Plaur, Cldn4, Tstd1, Actg1, Anxa5, Anxa2, Tmem176b, Cd9, S100a11, Sdc4, Cd14, Tagln2, Tmem45a, Nfkbia, Klf6, Cstb, F11r, Gas6, Tmem176a, Cp, Ndufa4, Tmbim6, Tgif1, Plet1, Anxa3, Ubc, Cldn7, Cxadr, Junb, Ptma, Tnfrsf12a, Lrrfip1, Cxcl16, Atp1b1, F3","CELLxGENE Census 2025-11-08 (mouse pancreas islet RNA (mirrors human pancreas; RNA-only, no acinar))",49e4ffcc-5444-406d-bdee-577127404ba8,mouse_scrna_discrete,single_study_transcriptomic,RNA-only islet atlas; discrete endocrine alpha/beta/delta/PP + ductal/stellate,"mouse pancreas islet RNA (mirrors human pancreas; RNA-only, no acinar)",2024,2024.0,True,2026-06-17,low,type,data/raw/pancreas_mouse_2023.h5ad,scanpy.rank_genes_groups[wilcoxon]+autozyme,120,mouse,365,Pancreatic epithelial,subtype_resolution,
pancreas_mouse_2023__pancreatic_A_cell,pancreas_mouse_2023,pancreas,mouse,Alpha cell,Pancreatic endocrine,hard,subtype_resolution,alpha cell/A cell/glucagon/GCG;islet,1,"Gcg, Ttr, Pcsk2, Pcsk1n, Mafb, Gnas, Tmsb15b2, Upp1, Cryba2, Higd1a, Cpe, Aplp1, Gpx3, Slc30a8, Chga, Trim35, Cltrn, Sfrp5, Cst3, Castor2, Lpl, Tmed3, Scg5, Irx2, Dnajc12, Npc2, Tmsb15b1, Slc7a2, Resp18, Aard, Slc38a5, Pappa2, Etv1, Tpt1, Spint2, Zcchc18, Slc38a4, Irx1, Rnf130, Dbpht2, Map1b, Rbp4, H2bc27, Atp5mc2, Ssr4, Ang, Eef1a1, Tmsb15l, Cfap144, Ctsz","CELLxGENE Census 2025-11-08 (mouse pancreas islet RNA (mirrors human pancreas; RNA-only, no acinar))",49e4ffcc-5444-406d-bdee-577127404ba8,mouse_scrna_discrete,single_study_transcriptomic,RNA-only islet atlas; discrete endocrine alpha/beta/delta/PP + ductal/stellate,"mouse pancreas islet RNA (mirrors human pancreas; RNA-only, no acinar)",2024,2024.0,True,2026-06-17,low,type,data/raw/pancreas_mouse_2023.h5ad,scanpy.rank_genes_groups[wilcoxon]+autozyme,120,mouse,366,Pancreatic endocrine,subtype_resolution,
pancreas_mouse_2023__pancreatic_PP_cell,pancreas_mouse_2023,pancreas,mouse,PP cell (gamma),Pancreatic endocrine,hard,rare_or_state,PP cell/gamma cell/pancreatic polypeptide/PPY;islet,1,"Ppy, Pyy, Folr1, Cltrn, Ace2, Tspan8, Scg5, Calb1, Tspan13, Arx, Gc, Dbpht2, Etv1, Scgn, H2bc27, Ctxn2, Ugt2b34, Pappa2, Aplp1, Rflna, Gria2, Kcnk16, Resp18, Slc16a10, Tmed3, Snap25, Pcsk1n, Cpe, Elapor1, Smarca1, Nap1l5, Tm4sf4, Kcnk3, Pla2g12a, Rcn3, C1qtnf4, Pnma8b, Sez6l2, Trp53i13, Uchl1, Chgb, Fam174a, Gpx3, Cst3, Zwint, Nbdy, Celf4, Nkx6-1, Slc35g2, Pld3","CELLxGENE Census 2025-11-08 (mouse pancreas islet RNA (mirrors human pancreas; RNA-only, no acinar))",49e4ffcc-5444-406d-bdee-577127404ba8,mouse_scrna_discrete,single_study_transcriptomic,RNA-only islet atlas; discrete endocrine alpha/beta/delta/PP + ductal/stellate,"mouse pancreas islet RNA (mirrors human pancreas; RNA-only, no acinar)",2024,2024.0,True,2026-06-17,low,type,data/raw/pancreas_mouse_2023.h5ad,scanpy.rank_genes_groups[wilcoxon]+autozyme,120,mouse,367,Pancreatic endocrine,rare_or_state,
muscle_mouse_2024__skeletal_muscle_satellite_stem_cell,muscle_mouse_2024,skeletal muscle,mouse,Satellite cell,Skeletal muscle,hard,rare_or_state,satellite/muscle stem/PAX7/myogenic progenitor,1,"Gpx3, Eef1a1, Gnas, Fau, Ptma, Ppia, Eef2, Tmsb4x, Cd63, Hsp90ab1, Tpt1, Hspa1a, Ubb, Meg3, Chodl, Apoe, Crlf1, Crip2, Hspa8, Rack1, Tmsb10, Eef1g, Pdlim4, Egr1, Jun, Naca, Eef1d, Pfdn5, Sparc, Hsp90aa1, Btf3, Cnn3, Jund, Eif3h, Gapdh, Crip1, Itm2b, Cox8a, Nop53, Eif1, Myl12a, Fos, H3f3b, Junb, Eif3k, Npm1, Eef1b2, Hspe1, Hspb1, Lgals1","CELLxGENE Census 2025-11-08 (mouse skeletal muscle RNA (mirrors human muscle; RNA-only, fiber types))",bedee313-cbf4-44a5-a0cd-2ca5bb2068dc,mouse_scrna_discrete,single_study_transcriptomic,RNA-only muscle atlas; discrete fiber type I/IIa/IIb + satellite,"mouse skeletal muscle RNA (mirrors human muscle; RNA-only, fiber types)",2024,2024.0,True,2026-06-17,low,type,data/raw/muscle_mouse_2024.h5ad,scanpy.rank_genes_groups[wilcoxon]+autozyme,120,mouse,368,Skeletal muscle,rare_or_state,
muscle_mouse_2024__type_IIa_muscle_cell,muscle_mouse_2024,skeletal muscle,mouse,Type IIa muscle fiber,Skeletal muscle,hard,rare_or_state,type IIa/fast-twitch oxidative/MYH2;myofiber,1,"Myh2, Ank2, Ckmt2, Esrrg, Mybpc1, Ppp1r12b, Tnni2, Acss2, Vegfa, Neb, Tnnc2, Tnnt3, Atp1a2, Lpl, Atp2a1, Coro6, Mb, Ptpn3, Rmdn1, Stim1, Actn2, Tcap, Ryr1, Tead1, Nrp1, Tacc2, Tbc1d4, Filip1l, Adk, Mef2c, Pdzrn3, Myh1, Slc25a12, Pde4dip, Kcnma1, Atp1b1, Sorbs1, Cd36, Adcy2, Gys1, Fabp3, Coq8a, Dmd, Ppp1r27, Fgf13, Slc2a4, Fyco1, Msi2, Qki, Cox6a2","CELLxGENE Census 2025-11-08 (mouse skeletal muscle RNA (mirrors human muscle; RNA-only, fiber types))",bedee313-cbf4-44a5-a0cd-2ca5bb2068dc,mouse_scrna_discrete,single_study_transcriptomic,RNA-only muscle atlas; discrete fiber type I/IIa/IIb + satellite,"mouse skeletal muscle RNA (mirrors human muscle; RNA-only, fiber types)",2024,2024.0,True,2026-06-17,low,type,data/raw/muscle_mouse_2024.h5ad,scanpy.rank_genes_groups[wilcoxon]+autozyme,120,mouse,369,Skeletal muscle,rare_or_state,
muscle_mouse_2024__type_I_muscle_cell,muscle_mouse_2024,skeletal muscle,mouse,Type I muscle fiber,Skeletal muscle,medium,subtype_resolution,type I muscle/slow-twitch/slow fiber/MYH7;myofiber/skeletal muscle,1,"Tpm3, Tnnc1, Tnnt1, Atp2a2, Myl2, Tnni1, Myl3, Tpm2, Mybpc1, Myh7b, Actn2, Kcnma1, Acta1, Esrrg, Lpl, Atp1a2, Alpk3, Atp1b1, Prkg1, Qki, Aopep, Immp2l, Cox6a2, Car3, Sorbs1, Casq2, Luc7l2, Inpp4b, Ankrd2, Myom3, Pde4dip, Mb, Obscn, Myoz2, Astn2, Limch1, Fzd9, Usp13, Dmd, Cd36, Ckmt2, Ttn, Fhl1, Tacc2, Art1, Amotl1, Lincmd1, Mlxipl, 5430431A17Rik, Myot","CELLxGENE Census 2025-11-08 (mouse skeletal muscle RNA (mirrors human muscle; RNA-only, fiber types))",bedee313-cbf4-44a5-a0cd-2ca5bb2068dc,mouse_scrna_discrete,single_study_transcriptomic,RNA-only muscle atlas; discrete fiber type I/IIa/IIb + satellite,"mouse skeletal muscle RNA (mirrors human muscle; RNA-only, fiber types)",2024,2024.0,True,2026-06-17,low,type,data/raw/muscle_mouse_2024.h5ad,scanpy.rank_genes_groups[wilcoxon]+autozyme,120,mouse,370,Skeletal muscle,subtype_resolution,
muscle_mouse_2024__type_IIb_muscle_cell,muscle_mouse_2024,skeletal muscle,mouse,Type IIb muscle fiber,Skeletal muscle,medium,subtype_resolution,type IIb/fast-twitch glycolytic/fast fiber/MYH4;myofiber,1,"Myh4, Pde4d, Myl1, Mylk4, Gm26740, Trdn, Atp2a1, Tpm1, Tnnt3, Phkg1, Rbfox1, Pygm, Pvalb, Phka1, Mybpc2, Rsrp1, Sox6, Myoz1, Mylpf, Ttn, Rora, Ckm, Ampd1, Prr33, Tnni2, Actn3, Jph1, Mylk2, Ryr1, Eno3, Casq1, Tnnc2, Camk2a, Prkag3, Pfkfb3, Pgam2, Rnf150, Ky, Eya4, Cacng1, Sorbs2, Agl, Pgm1, Cpeb1, Amd1, Maf, Fmnl2, Acta1, Gpd2, Cacna2d1","CELLxGENE Census 2025-11-08 (mouse skeletal muscle RNA (mirrors human muscle; RNA-only, fiber types))",bedee313-cbf4-44a5-a0cd-2ca5bb2068dc,mouse_scrna_discrete,single_study_transcriptomic,RNA-only muscle atlas; discrete fiber type I/IIa/IIb + satellite,"mouse skeletal muscle RNA (mirrors human muscle; RNA-only, fiber types)",2024,2024.0,True,2026-06-17,low,type,data/raw/muscle_mouse_2024.h5ad,scanpy.rank_genes_groups[wilcoxon]+autozyme,120,mouse,371,Skeletal muscle,subtype_resolution,
liver_mouse_spatial__hepatocyte,liver_mouse_spatial,liver,mouse,Hepatocyte,Hepatocyte,easy,canonical_lineage,hepatocyte/hepatic/liver parenchymal;ALB,1,"Car3, Cyp3a11, Gsta3, Rgn, Akr1c6, Cyp2e1, Rnase4, Cyp2c68, Cyp2c50, Pon1, Cdo1, Sult2a8, Cyp2c67, Slco1b2, Cyp2c29, Aldh1a1, Gstm1, Cyp2c40, Elovl3, Cyp1a2, Apoc1, Cyp4a14, Lect2, Phyh, Ang, Gulo, Ces1c, Mup11, Mgst1, Chchd10, Cyp27a1, Cyb5a, Ugt2b1, Cyp4a10, Csad, Ehhadh, Acaa1b, Apoh, Aldh3a2, Stmp1, Aqp9, Sord, Cyp2c70, Cyp2c54, Paqr9, Cyp2c69, Cyp2c37, Lhpp, Cyp2a5, Aldh2",CELLxGENE Discover (spatial; excluded from Census API),45a4966b-3b49-45d3-9299-c7c3df76737e,visium_spatial_spot,spatial_anatomical,"Mouse liver Visium spots; cell-type labels from the Liver Cell Atlas paired snRNA reference mapped onto spatial spots, anchored by hepatic zonation (periportal/pericentral) anatomy.",Guilliams et al. 2022 Cell DOI:10.1016/j.cell.2021.12.018 (GSE192742; livercellatlas.org),2022-01-13,,False,2026-06-17,low,lineage_or_subtype,data/raw/liver_mouse_spatial.h5ad,scanpy.rank_genes_groups[wilcoxon]+autozyme,5183,mouse_spatial,372,Hepatocyte,canonical_lineage,
liver_mouse_spatial__cholangiocyte,liver_mouse_spatial,liver,mouse,Cholangiocyte,Cholangiocyte,medium,canonical_lineage,cholangiocyte/biliary epithelial/bile duct/ductal epithelial,1,"Spp1, Aldob, Aldh1b1, Clu, Thrsp, Mup20, Sds, Gapdh, Apoa4, Pck1, Hsd17b13, Apoc3, Slc25a47, Hpx, Gsn, Ly6a, Tmsb10, Tstd1, Hsd17b6, Fasn, Cyp2f2, Serpina12, Pigr, Tkfc, Serpina1c, Gls2, Gnmt, Fbp1, Ly6e, Hal, Trf, Ugt2b38, Saa1, Atp1a1, H2-Q10, Acly, Mgp, Sult1a1, Rida, Asl, Etnppl, Atp1b1, Anxa5, Selenop, Hp, Tm4sf4, Apoa5, Orm1, Mfge8, Bri3",CELLxGENE Discover (spatial; excluded from Census API),45a4966b-3b49-45d3-9299-c7c3df76737e,visium_spatial_spot,spatial_anatomical,"Mouse liver Visium spots; cell-type labels from the Liver Cell Atlas paired snRNA reference mapped onto spatial spots, anchored by hepatic zonation (periportal/pericentral) anatomy.",Guilliams et al. 2022 Cell DOI:10.1016/j.cell.2021.12.018 (GSE192742; livercellatlas.org),2022-01-13,,False,2026-06-17,low,lineage_or_subtype,data/raw/liver_mouse_spatial.h5ad,scanpy.rank_genes_groups[wilcoxon]+autozyme,159,mouse_spatial,373,Cholangiocyte,canonical_lineage,
liver_mouse_spatial__fibroblast,liver_mouse_spatial,liver,mouse,Fibroblast,Stromal,easy,canonical_lineage,fibroblast/stromal/mesenchymal,1,"Gsn, Col3a1, Igfbp7, Col1a2, Cd74, Bgn, Ly6a, Prelp, Sparc, Cst3, Clu, Tmsb10, Dpt, Eln, Crip1, Col1a1, Cd63, Gnmt, Ltbp4, Actg1, Mgp, Gpx3, Col4a1, Fbln5, H2-Eb1, Krt18, S100a6, Ly6e, Cxcl12, H2-Ab1, Fbln1, Myl6, Cd81, Flna, Gapdh, Tmsb4x, Pcolce, Gas6, Txnip, Tagln2, Mfap4, Ifi35, Igfbp3, Ddb1, H2-Aa, Col6a3, Spp1, Timp2, Tm4sf1, Apoa4",CELLxGENE Discover (spatial; excluded from Census API),45a4966b-3b49-45d3-9299-c7c3df76737e,visium_spatial_spot,spatial_anatomical,"Mouse liver Visium spots; cell-type labels from the Liver Cell Atlas paired snRNA reference mapped onto spatial spots, anchored by hepatic zonation (periportal/pericentral) anatomy.",Guilliams et al. 2022 Cell DOI:10.1016/j.cell.2021.12.018 (GSE192742; livercellatlas.org),2022-01-13,,False,2026-06-17,low,lineage_or_subtype,data/raw/liver_mouse_spatial.h5ad,scanpy.rank_genes_groups[wilcoxon]+autozyme,31,mouse_spatial,374,Stromal,canonical_lineage,
liver_mouse_spatial__endothelial_cell_of_hepatic_sinusoid,liver_mouse_spatial,liver,mouse,Liver sinusoidal endothelial cell,Endothelial,medium,subtype_resolution,endothelial/endothelium/LSEC/sinusoidal endothelial/vascular,1,"Serpina1b, Serpina1c, Serpina1a, Rida, Fabp1, Gpx1, Pck1, Saa1, Mup3, Thrsp, Selenop, Cyp2f2, Saa2, Serpina1d, Cox20, Sds, Clec4g, Trf, Wfdc21, Hsd17b13, Gls2, Mup20, Serpina12, Aldh1b1, Uox, Aldob, Ass1, Orm1, H2-Q10, Pigr, Hal, Fau, Errfi1, Nat8f1, Hsd17b6, Mt1, Ero1b, Leap2, Ccl9, Slc22a7, Slc25a47, Apoc3, Uqcrh, Ctsl, Fkbp11, Fbp1, Gpihbp1, Cyth1, Serpina1e, Tmem86b",CELLxGENE Discover (spatial; excluded from Census API),45a4966b-3b49-45d3-9299-c7c3df76737e,visium_spatial_spot,spatial_anatomical,"Mouse liver Visium spots; cell-type labels from the Liver Cell Atlas paired snRNA reference mapped onto spatial spots, anchored by hepatic zonation (periportal/pericentral) anatomy.",Guilliams et al. 2022 Cell DOI:10.1016/j.cell.2021.12.018 (GSE192742; livercellatlas.org),2022-01-13,,False,2026-06-17,low,lineage_or_subtype,data/raw/liver_mouse_spatial.h5ad,scanpy.rank_genes_groups[wilcoxon]+autozyme,66,mouse_spatial,375,Endothelial,subtype_resolution,
liver_mouse_spatial__Kupffer_cell,liver_mouse_spatial,liver,mouse,Kupffer cell,Hepatic macrophage,medium,subtype_resolution,Kupffer/liver-resident macrophage/hepatic macrophage,1,"Serpina1b, Cd5l, Serpina1a, Vsig4, Serpina1c, Saa1, Clec4f, H2-Q10, Hsd17b13, Thrsp, Fcna, Pigr, Pck1, Saa2, Fcer1g, Sds, Cyp2f2, Fabp1, Gls2, Rida, Tyrobp, Hal, C1qb, Aox3, Aldob, Mt1, Serpina1e, Ctsc, Serpina1d, C1qc, Etnppl, Wfdc21, Aspg, Uox, Serpina12, Hsd17b6, Sfxn1, Ahsg, Ftcd, Hsd11b1, Acly, Amdhd1, Ctsb, Alb, Slc40a1, Mup20, Gldc, Pxmp2, Asl, Slc25a47",CELLxGENE Discover (spatial; excluded from Census API),45a4966b-3b49-45d3-9299-c7c3df76737e,visium_spatial_spot,spatial_anatomical,"Mouse liver Visium spots; cell-type labels from the Liver Cell Atlas paired snRNA reference mapped onto spatial spots, anchored by hepatic zonation (periportal/pericentral) anatomy.",Guilliams et al. 2022 Cell DOI:10.1016/j.cell.2021.12.018 (GSE192742; livercellatlas.org),2022-01-13,,False,2026-06-17,low,lineage_or_subtype,data/raw/liver_mouse_spatial.h5ad,scanpy.rank_genes_groups[wilcoxon]+autozyme,192,mouse_spatial,376,Hepatic macrophage,subtype_resolution,
liver_mouse_spatial__vascular_associated_smooth_muscle_cell,liver_mouse_spatial,liver,mouse,Vascular smooth muscle cell,Vascular,medium,subtype_resolution,smooth muscle/vascular smooth muscle/VSMC;ACTA2/MYH11,1,"Myh11, Col3a1, Gsn, Tpm1, Flna, Myl9, Myl6, Tmsb10, Crip1, Tagln, Col18a1, Acta2, Hbb-bs, Prelp, Nenf, Tagln2, Sbno2, Atp5f1d, Fuom, Tcn2, Dpt, Timp2, Slc25a47, Sod3, Fau, Col1a2, Ethe1, Cst3, Lman2, Actg1, Mfap4, Mlf2, Naa12, Edf1, Dctn2, D8Ertd738e, Tmx2, Mvb12a, H2-Eb1, Ifi27l2a, Eln, Tubb4b, S100a16, Eva1b, Tmem259, Egfl7, Igfbp7, Nherf2, Zswim7, Ddost",CELLxGENE Discover (spatial; excluded from Census API),45a4966b-3b49-45d3-9299-c7c3df76737e,visium_spatial_spot,spatial_anatomical,"Mouse liver Visium spots; cell-type labels from the Liver Cell Atlas paired snRNA reference mapped onto spatial spots, anchored by hepatic zonation (periportal/pericentral) anatomy.",Guilliams et al. 2022 Cell DOI:10.1016/j.cell.2021.12.018 (GSE192742; livercellatlas.org),2022-01-13,,False,2026-06-17,low,lineage_or_subtype,data/raw/liver_mouse_spatial.h5ad,scanpy.rank_genes_groups[wilcoxon]+autozyme,17,mouse_spatial,377,Vascular,subtype_resolution,
liver_mouse_spatial__erythrocyte,liver_mouse_spatial,liver,mouse,Erythrocyte,Erythrocyte,easy,canonical_lineage,erythrocyte/red blood/RBC/erythroid,1,"Hba-a1, Hbb-bs, Hba-a2, Hbb-bt, Cox4i1, Gnmt, Ass1, Apoc3, H2-Q10, Serpina12, Gapdh, Hsd17b13, Cyp2f2, Slc25a47, Rdh16f2, Ndufa13, Fau, Slc38a3, Emc9, Thrsp, Gpx1, Sds, Hpx, Saa2, Agxt, Tff3, Aox3, Stra6l, Etnppl, Aldh1l1, Trf, Aldh1b1, Gls2, Serf2, Cfl2, Tyrobp, Pdk2, Dnajc19, Apoa4, Hsd17b6, Smim10l1, Trim25, Ifi27, Spp1, Tollip, Aldob, Gcat, Gsta4, Arsg, Mknk2",CELLxGENE Discover (spatial; excluded from Census API),45a4966b-3b49-45d3-9299-c7c3df76737e,visium_spatial_spot,spatial_anatomical,"Mouse liver Visium spots; cell-type labels from the Liver Cell Atlas paired snRNA reference mapped onto spatial spots, anchored by hepatic zonation (periportal/pericentral) anatomy.",Guilliams et al. 2022 Cell DOI:10.1016/j.cell.2021.12.018 (GSE192742; livercellatlas.org),2022-01-13,,False,2026-06-17,low,lineage_or_subtype,data/raw/liver_mouse_spatial.h5ad,scanpy.rank_genes_groups[wilcoxon]+autozyme,33,mouse_spatial,378,Erythrocyte,canonical_lineage,
liver_mouse_spatial__hepatic_stellate_cell,liver_mouse_spatial,liver,mouse,Hepatic stellate cell,Stromal,medium,subtype_resolution,stellate/Ito cell/hepatic stellate/HSC/perisinusoidal,1,"Ecm1, Serpina1b, Serpina1a, Fabp1, Colec11, Serpina1e, Wfdc21, Serpina1c, Dcn, H2-Q10, Tgfbi, Aox3, Fau, Gpx1, Fcna, Sod3, Thrsp, Mt1, Rida, Mup3, Col14a1, Serpina1d, Pigr, Gdf10, Bgn, Saa2, Reln, Ostc, Ndufa4, Gls2, Ahsg, Pck1, Clec2h, Cxcl12, Cyp2f2, Prelp, Mup12, Septin4, Ifitm1, Hsd17b6, Hsd17b13, Plvap, Uox, Sec61g, Cox4i1, Mdh1, Trf, Fbp1, Tstd1, Gm31583",CELLxGENE Discover (spatial; excluded from Census API),45a4966b-3b49-45d3-9299-c7c3df76737e,visium_spatial_spot,spatial_anatomical,"Mouse liver Visium spots; cell-type labels from the Liver Cell Atlas paired snRNA reference mapped onto spatial spots, anchored by hepatic zonation (periportal/pericentral) anatomy.",Guilliams et al. 2022 Cell DOI:10.1016/j.cell.2021.12.018 (GSE192742; livercellatlas.org),2022-01-13,,False,2026-06-17,low,lineage_or_subtype,data/raw/liver_mouse_spatial.h5ad,scanpy.rank_genes_groups[wilcoxon]+autozyme,75,mouse_spatial,379,Stromal,subtype_resolution,
colon_mouse_spatial__enterocyte,colon_mouse_spatial,colon,mouse,Enterocyte (colonocyte),Intestinal epithelial,easy,canonical_lineage,enterocyte/colonocyte/absorptive/intestinal epithelial/epithelial,1,"2200002D01Rik, Lypd8, Car1, Krt20, Muc17, Mgat4c, Muc13, Clec2h, Prdx6, 1810065E05Rik, Lgals4, Plac8, Emp1, Ceacam1, Tspan1, Lgals3, Sptssb, Prss30, Sdcbp2, Myo15b, Ms4a8a, Cdh17, Slc51b, Phgr1, Klf4, Fam162a, Ethe1, Mall, Mgst3, Cdhr5, Sprr2a3, Saa1, Serpinb1a, Cycs, Ces2e, AA467197, Cystm1, Zg16, Slc6a14, Mep1b, Eif2s2, Tmigd1, Smpdl3a, Myl12b, Krt8, Endod1, Mal, Ces2c, Tspan8, Higd1a",CELLxGENE Discover (spatial; excluded from Census API),e2811f45-81cc-4819-aee0-dbaa6b3bb52c,visium_spatial_spot,spatial_anatomical,Mouse colon Visium spots; epithelial/stromal/immune labels from paired scRNA reference mapped onto crypt-villus spatial architecture.,Gu et al. 2024 Nature DOI:10.1038/s41586-024-07251-0 (PRJEB57700; treg-gut-niches.cellgeni.sanger.ac.uk),2024-04-10,,False,2026-06-17,low,lineage_or_subtype,data/raw/colon_mouse_spatial.h5ad,scanpy.rank_genes_groups[wilcoxon]+autozyme,1296,mouse_spatial,380,Intestinal epithelial,canonical_lineage,
colon_mouse_spatial__transit_amplifying_cell,colon_mouse_spatial,colon,mouse,Transit-amplifying cell,Intestinal epithelial,hard,rare_or_state,transit amplifying/transit-amplifying/TA cell/progenitor/proliferating/cycling,1,"Gpx2, Ptma, H2az1, Nme1, Hspe1, Ppia, Hspd1, Snrpg, Hnrnpab, Hspa9, Eif4a1, Ran, Hsp90ab1, Ube2s, Ube2c, Hmgb2, Nhp2, Eif5a, Birc5, Hspa8, Tuba1b, Tubb5, Snrpd3, Stmn1, Snrpf, Hnrnpa2b1, Npm1, Retnlb, Lsm7, Ncl, Srsf2, Snrpd1, Tomm5, Fkbp4, Banf1, Set, Ppp1r14b, Rbm3, Spink4, Sec61b, Top2a, Sec61g, Hmgn1, Hnrnpa3, Emg1, Srsf3, Odc1, Mif, Cdk1, Mki67",CELLxGENE Discover (spatial; excluded from Census API),e2811f45-81cc-4819-aee0-dbaa6b3bb52c,visium_spatial_spot,spatial_anatomical,Mouse colon Visium spots; epithelial/stromal/immune labels from paired scRNA reference mapped onto crypt-villus spatial architecture.,Gu et al. 2024 Nature DOI:10.1038/s41586-024-07251-0 (PRJEB57700; treg-gut-niches.cellgeni.sanger.ac.uk),2024-04-10,,False,2026-06-17,low,lineage_or_subtype,data/raw/colon_mouse_spatial.h5ad,scanpy.rank_genes_groups[wilcoxon]+autozyme,847,mouse_spatial,381,Intestinal epithelial,rare_or_state,
colon_mouse_spatial__stem_cell,colon_mouse_spatial,colon,mouse,Intestinal stem cell,Intestinal epithelial,hard,subtype_resolution,stem/ISC/Lgr5/crypt base/progenitor,1,"Muc2, Ccl6, Cd24a, Fam3d, Klk1, Agr2, Nupr1, Stard10, Eef1a1, Ramp1, Ceacam10, Fxyd3, Aqp1, Slc12a2, Spdef, Gm1123, Cd177, Rap1gap, Cldn2, Aldh1b1, Hgfac, Cgref1, Creb3l1, Tspan13, Wfdc18, Car8, Snhg18, Elapor1, Rack1, Mt1, Cldn15, 2410006H16Rik, Gne, Slc1a5, Mt3, Eef1b2, Smim14, Cxcl12, Fau, Bace2, Txndc5, Pde2a, Rnase4, Gstm1, Slc50a1, Ndufa4, Hpd, Atp2a3, Stmn1, Serinc3",CELLxGENE Discover (spatial; excluded from Census API),e2811f45-81cc-4819-aee0-dbaa6b3bb52c,visium_spatial_spot,spatial_anatomical,Mouse colon Visium spots; epithelial/stromal/immune labels from paired scRNA reference mapped onto crypt-villus spatial architecture.,Gu et al. 2024 Nature DOI:10.1038/s41586-024-07251-0 (PRJEB57700; treg-gut-niches.cellgeni.sanger.ac.uk),2024-04-10,,False,2026-06-17,low,lineage_or_subtype,data/raw/colon_mouse_spatial.h5ad,scanpy.rank_genes_groups[wilcoxon]+autozyme,316,mouse_spatial,382,Intestinal epithelial,subtype_resolution,
colon_mouse_spatial__myofibroblast_cell,colon_mouse_spatial,colon,mouse,Myofibroblast,Stromal,medium,subtype_resolution,myofibroblast/fibroblast/stromal/smooth muscle/contractile fibroblast,1,"Myl9, Acta2, Tagln, Cnn1, Tpm2, Des, Flna, Myl6, Csrp1, Myh11, Actg2, Tpm1, Ckb, Smtn, Mylk, Hspb1, Lgals1, Sparcl1, Pdlim3, Dmpk, Fbxl22, Rgs5, Rras, Psd, Slc25a4, Mgp, Gsn, Pdlim7, Ppp1r14a, Fxyd1, Pcp4, Ifitm2, Tnxb, Tgfb1i1, Ckm, Cpe, Lims2, Cavin3, Dpt, Mustn1, Cald1, Igfbp7, Ppp1r12c, Cryab, Cd81, Hmcn2, Rbpms, Serping1, Ifitm3, Tubb6",CELLxGENE Discover (spatial; excluded from Census API),e2811f45-81cc-4819-aee0-dbaa6b3bb52c,visium_spatial_spot,spatial_anatomical,Mouse colon Visium spots; epithelial/stromal/immune labels from paired scRNA reference mapped onto crypt-villus spatial architecture.,Gu et al. 2024 Nature DOI:10.1038/s41586-024-07251-0 (PRJEB57700; treg-gut-niches.cellgeni.sanger.ac.uk),2024-04-10,,False,2026-06-17,low,lineage_or_subtype,data/raw/colon_mouse_spatial.h5ad,scanpy.rank_genes_groups[wilcoxon]+autozyme,377,mouse_spatial,383,Stromal,subtype_resolution,
colon_mouse_spatial__germinal_center_B_cell,colon_mouse_spatial,colon,mouse,Germinal center B cell,B cell,hard,rare_or_state,germinal center/GC B;B cell/B-cell,2,"Igha, Adamdec1, Igkc, Hsp90b1, Ivns1abp, Psap, Hspa5, Rpn1, Klf5, Snrnp70, Jchain, Iglc1, Serinc3, H2-K1, Rpn2, Hnrnpa2b1, Gm49980, Pdia6, Atp2a3, Hnrnpl, Canx, Pdia3, H1f0, Sec11c, Rnase4, Apoe, Calu, Rsrp1, Gas5, BC005537, Mlec, Tmem176a, Sema4g, Atf4, Cdk11b, Ctsb, R3hdm4, Car2, Hspa9, Agr2, AU020206, Fam3d, Scd2, Cd24a, Lgmn, Txndc5, Cxcl14, Srrm2, Ddx17, Ddx5",CELLxGENE Discover (spatial; excluded from Census API),e2811f45-81cc-4819-aee0-dbaa6b3bb52c,visium_spatial_spot,spatial_anatomical,Mouse colon Visium spots; epithelial/stromal/immune labels from paired scRNA reference mapped onto crypt-villus spatial architecture.,Gu et al. 2024 Nature DOI:10.1038/s41586-024-07251-0 (PRJEB57700; treg-gut-niches.cellgeni.sanger.ac.uk),2024-04-10,,False,2026-06-17,low,lineage_or_subtype,data/raw/colon_mouse_spatial.h5ad,scanpy.rank_genes_groups[wilcoxon]+autozyme,156,mouse_spatial,384,B cell,rare_or_state,
colon_mouse_spatial__fibroblast,colon_mouse_spatial,colon,mouse,Fibroblast,Stromal,easy,canonical_lineage,fibroblast/stromal/mesenchymal,1,"Igfbp4, Sparc, Igfbp7, Col1a2, Bgn, Col3a1, Col1a1, Apoe, Ecm1, C1qb, C1qa, Fstl1, Ifitm3, C1qc, Fn1, Ctsb, Col5a1, Serping1, Cst3, C1s1, Sod3, Gpx3, Lyz2, Serpinh1, Col6a1, Ifi27l2a, C4b, Psap, Mmp2, Rarres2, Ly6e, Fxyd5, Tmem176a, Ly6c1, Tyrobp, H2-Eb1, Col18a1, Col6a2, Pcolce, Ccl8, Vim, Fbn1, Plpp3, Pf4, Timp3, Dcn, Col4a2, Col4a1, Pltp, Tuba1a",CELLxGENE Discover (spatial; excluded from Census API),e2811f45-81cc-4819-aee0-dbaa6b3bb52c,visium_spatial_spot,spatial_anatomical,Mouse colon Visium spots; epithelial/stromal/immune labels from paired scRNA reference mapped onto crypt-villus spatial architecture.,Gu et al. 2024 Nature DOI:10.1038/s41586-024-07251-0 (PRJEB57700; treg-gut-niches.cellgeni.sanger.ac.uk),2024-04-10,,False,2026-06-17,low,lineage_or_subtype,data/raw/colon_mouse_spatial.h5ad,scanpy.rank_genes_groups[wilcoxon]+autozyme,28,mouse_spatial,385,Stromal,canonical_lineage,
spleen_mouse_spatial__myeloid_cell,spleen_mouse_spatial,spleen,mouse,Myeloid cell,Myeloid,medium,canonical_lineage,myeloid/macrophage/monocyte/dendritic/granulocyte/neutrophil,1,"Cst3, Hbb-bt, Hbb-bs, Tuba1b, Aif1, Gpx1, Hba-a1, Psap, Hba-a2, Car2, Atp5if1, Alas2, Creg1, Marcks, S100a4, Slc25a37, Taldo1, Prdx2, Ccnd1, Vcam1, Rsad2, Birc5, Slc4a1, Ctsb, Glrx5, Gypa, Hmox1, Txn1, Mkrn1, Bpgm, Top2a, Marco, Plbd1, Rgs2, Snca, Sirpa, Ppt1, Selenop, Epb41, Bst2, Ffar2, Gm2a, Cfp, Tgfbi, Coch, Marchf2, Spta1, Tbc1d4, Tmem176b, Mki67",CELLxGENE Discover (spatial; excluded from Census API),c62ac8e5-72d1-48d1-8bb5-9e66fd2b1e19,slideseqv2_spatial_bead,spatial_anatomical,"Mouse spleen Slide-seqV2 beads (near-single-cell); immune lineage labels from Slide-TCR-seq integrated transcriptome+TCR, anchored by white-pulp/red-pulp anatomy.",Liu et al. 2022 Immunity DOI:10.1016/j.immuni.2022.09.002 (Broad SCP1348),2022-10-11,,False,2026-06-17,medium,lineage,data/raw/spleen_mouse_spatial.h5ad,scanpy.rank_genes_groups[wilcoxon]+autozyme,4345,mouse_spatial,386,Myeloid,canonical_lineage,
spleen_mouse_spatial__B_cell,spleen_mouse_spatial,spleen,mouse,B cell,B cell,easy,canonical_lineage,B cell/B-cell/B lymphocyte,1,"Igkc, Ighm, Iglc2, Cd79b, Ighd, Iglc3, Ms4a1, Bank1, Ly6d, Grap, Tnfrsf13c, Mef2c, H2-Ab1, Iglc1, Ebf1, Cd74, Mzb1, H2-Aa, Serp1, Jchain, Ly6a, H2-DMb2, Cr2, Ralgps2, Ptpn6, Foxp1, Pax5, Cd22, Mfge8, Ly6e, Serpinb1a, Fcmr, Lat2, Ppp3ca, Ctss, Pou2f2, Capg, Mcl1, Cd19, Clu, Swap70, Pou2af1, Serinc3, Cxcl13, Cd37, Spib, Blnk, Fcrla, Gimap6, Cd52",CELLxGENE Discover (spatial; excluded from Census API),c62ac8e5-72d1-48d1-8bb5-9e66fd2b1e19,slideseqv2_spatial_bead,spatial_anatomical,"Mouse spleen Slide-seqV2 beads (near-single-cell); immune lineage labels from Slide-TCR-seq integrated transcriptome+TCR, anchored by white-pulp/red-pulp anatomy.",Liu et al. 2022 Immunity DOI:10.1016/j.immuni.2022.09.002 (Broad SCP1348),2022-10-11,,False,2026-06-17,medium,lineage,data/raw/spleen_mouse_spatial.h5ad,scanpy.rank_genes_groups[wilcoxon]+autozyme,5287,mouse_spatial,387,B cell,canonical_lineage,
spleen_mouse_spatial__CD4_positive_helper_T_cell,spleen_mouse_spatial,spleen,mouse,CD4 helper T cell,CD4 T cell,medium,subtype_resolution,CD4/helper/Th/T helper,1,"Trbc2, Cd3d, Trbc1, Lat, Ms4a4b, Thy1, Eef1b2, Smc4, Tmsb4x, Atp1b3, Skap1, Ccnd2, Ifi27l2a, Cd3g, Shisa5, Cd2, Lck, Rack1, Lef1, S100a10, Cytip, Eef1a1, Bcl11b, Ncl, Fxyd5, Gimap4, Trac, Serbp1, Tmsb10, Snrpd3, Arl4c, Ets1, Limd2, Rgs10, Zap70, Pfn1, Calm1, Slfn2, Tcf7, Spn, Cd247, Ddit4, Trdc, Actb, Cnn2, Gimap9, Vmp1, Dapl1, Itgb7, Lsp1",CELLxGENE Discover (spatial; excluded from Census API),c62ac8e5-72d1-48d1-8bb5-9e66fd2b1e19,slideseqv2_spatial_bead,spatial_anatomical,"Mouse spleen Slide-seqV2 beads (near-single-cell); immune lineage labels from Slide-TCR-seq integrated transcriptome+TCR, anchored by white-pulp/red-pulp anatomy.",Liu et al. 2022 Immunity DOI:10.1016/j.immuni.2022.09.002 (Broad SCP1348),2022-10-11,,False,2026-06-17,medium,lineage,data/raw/spleen_mouse_spatial.h5ad,scanpy.rank_genes_groups[wilcoxon]+autozyme,807,mouse_spatial,388,CD4 T cell,subtype_resolution,
spleen_mouse_spatial__memory_T_cell,spleen_mouse_spatial,spleen,mouse,Memory T cell,T cell,hard,rare_or_state,memory T/Tmem/memory,1,"Trbc2, Thy1, Cd3d, Gimap4, Tmsb4x, Ms4a4b, Rack1, Eef1b2, Ccnd2, Nkg7, Trbc1, Lat, Ablim1, Shisa5, Ckb, Ctsw, Septin1, Lmo4, Skap1, Gramd2b, Bcl11b, Npm1, Top2b, Satb1, Ppp1r12a, Cd3g, Ltb, Tuba1a, Ptpn18, Eif3h, Isg15, Stk10, Rcbtb2, Cnn2, Id2, Ssu72, Sp100, AW112010, Sec11c, Gimap1, Ppp2r5c, Gas5, Ptprcap, Arglu1, Il7r, Itk, Tle5, Mta3, Klk8, Fyn",CELLxGENE Discover (spatial; excluded from Census API),c62ac8e5-72d1-48d1-8bb5-9e66fd2b1e19,slideseqv2_spatial_bead,spatial_anatomical,"Mouse spleen Slide-seqV2 beads (near-single-cell); immune lineage labels from Slide-TCR-seq integrated transcriptome+TCR, anchored by white-pulp/red-pulp anatomy.",Liu et al. 2022 Immunity DOI:10.1016/j.immuni.2022.09.002 (Broad SCP1348),2022-10-11,,False,2026-06-17,medium,lineage,data/raw/spleen_mouse_spatial.h5ad,scanpy.rank_genes_groups[wilcoxon]+autozyme,228,mouse_spatial,389,T cell,rare_or_state,
spleen_mouse_spatial__CD8_positive_alpha_beta_T_cell,spleen_mouse_spatial,spleen,mouse,CD8 T cell,CD8 T cell,easy,canonical_lineage,CD8/cytotoxic/CTL/CD8-positive,1,"Trbc2, Cd8b1, Cd3d, Cd8a, Ms4a4b, Thy1, Eef1b2, Ccl5, Arl4c, Tmsb4x, Epsti1, Rack1, Lat, Dapl1, Atp1b3, Trbc1, Satb1, Calm1, Lef1, Lck, Nkg7, Tmsb10, Ccnd2, Lsp1, Skap1, Fxyd5, Limd2, Snrpd3, Gimap6, S100a10, Jak1, B2m, Gimap4, H2-K1, Eef1a1, Ablim1, Fyb1, Tuba1a, Ncl, Igfbp4, Npc2, Shisa5, Klf2, Cnn2, Rac2, Cd3g, Cotl1, Arpc1b, Actb, Tubb5",CELLxGENE Discover (spatial; excluded from Census API),c62ac8e5-72d1-48d1-8bb5-9e66fd2b1e19,slideseqv2_spatial_bead,spatial_anatomical,"Mouse spleen Slide-seqV2 beads (near-single-cell); immune lineage labels from Slide-TCR-seq integrated transcriptome+TCR, anchored by white-pulp/red-pulp anatomy.",Liu et al. 2022 Immunity DOI:10.1016/j.immuni.2022.09.002 (Broad SCP1348),2022-10-11,,False,2026-06-17,medium,lineage,data/raw/spleen_mouse_spatial.h5ad,scanpy.rank_genes_groups[wilcoxon]+autozyme,797,mouse_spatial,390,CD8 T cell,canonical_lineage,
spleen_mouse_spatial__natural_killer_cell,spleen_mouse_spatial,spleen,mouse,NK cell,NK cell,easy,canonical_lineage,NK/natural killer,1,"Hbb-bt, Car2, Hbb-bs, Hmox1, Slc25a39, Klrk1, Epb41, Ctsd, Alas2, Bpgm, Snca, Klf2, Hba-a2, Serinc3, Tfrc, Zbtb7a, Rsad2, Dlg2, Cep290, Itga4, Cmah, Adipor1, Gda, Myo1f, Sqstm1, Cep89, Akap11, Tap2, Plcl2, Pepd, Dnajb2, Taf15, Amfr, Ctsw, Ermap, S100a9, Myo9a, Ambra1, Nkg7, Afg3l1, Ubr5, Kidins220, Mier1, Ncbp2, Cmss1, Klre1, Ehbp1l1, Tmem183a, Vdac2, Klra2",CELLxGENE Discover (spatial; excluded from Census API),c62ac8e5-72d1-48d1-8bb5-9e66fd2b1e19,slideseqv2_spatial_bead,spatial_anatomical,"Mouse spleen Slide-seqV2 beads (near-single-cell); immune lineage labels from Slide-TCR-seq integrated transcriptome+TCR, anchored by white-pulp/red-pulp anatomy.",Liu et al. 2022 Immunity DOI:10.1016/j.immuni.2022.09.002 (Broad SCP1348),2022-10-11,,False,2026-06-17,medium,lineage,data/raw/spleen_mouse_spatial.h5ad,scanpy.rank_genes_groups[wilcoxon]+autozyme,46,mouse_spatial,391,NK cell,canonical_lineage,
